geonameid	name	latitude	longitude	feature_class	feature_code	country_code
2635367	Tullyrossmearan	54.33333	-7.98333	P	PPL	IE
2650972	Dromore Lough	52.91962	-8.97256	H	LK	IE
2650974	Dromore Head	53.69778	-10.1375	T	CAPE	IE
2654332	Buncrana	55.13333	-7.45	P	PPL	IE
2960863	Dromore West	54.24966	-8.8785	P	PPL	IE
2960868	Youghal	52.88861	-8.3075	P	PPL	IE
2960869	Youghal	51.95	-7.85056	P	PPL	IE
2960874	Yellow Furze	53.67333	-6.57167	P	PPL	IE
2960875	Woodville	54.13333	-9.31667	P	PPL	IE
2960879	Woodstown	52.19667	-7.01	P	PPL	IE
2960892	Woodfort	53.88333	-6.83333	P	PPL	IE
2960895	Woodford	53.04833	-8.40028	P	PPL	IE
2960896	Woodford	52.05	-9.45	P	PPL	IE
2960901	Woodenbridge	52.83222	-6.23639	P	PPL	IE
2960907	Windy Harbour	53.73973	-6.65756	P	PPL	IE
2960909	Windgap	52.462	-7.397	P	PPL	IE
2960924	Williamstown	53.67651	-8.57913	P	PPL	IE
2960926	Willbrook	53.29357	-6.28693	P	PPL	IE
2960927	Willbrook	52.93778	-9.12806	P	PPL	IE
2960928	Wilkinstown	53.73556	-6.71306	P	PPL	IE
2960931	Wicklow Mountains	53.08333	-6.33333	T	MTS	IE
2960932	Wicklow Head	52.96603	-5.99806	T	CAPE	IE
2960935	Wicklow	53	-6.41667	A	ADM2	IE
2960936	Wicklow	52.975	-6.04944	P	PPLA2	IE
2960941	Whites Town	53.99778	-6.12778	P	PPL	IE
2960945	White Mountain	52.48333	-6.83333	T	MT	IE
2960946	White Lough	53.70194	-7.22	H	LK	IE
2960948	Whitehall	53.75	-7.93333	P	PPL	IE
2960949	Paulstown	52.68111	-7.02222	P	PPL	IE
2960950	Whitegate	53.73333	-7.31667	P	PPL	IE
2960951	Whitegate	52.94917	-8.37139	P	PPL	IE
2960952	Whitegate	51.83056	-8.22972	P	PPL	IE
2960953	Whitechurch	52.37139	-7.39306	P	PPL	IE
2960954	Whitechurch	52.31778	-6.96611	P	PPL	IE
2960955	Whitechurch	52.10944	-7.74944	P	PPL	IE
2960956	Whitechurch	51.98139	-8.51389	P	PPL	IE
2960957	White Castle	55.13333	-7.16667	P	PPL	IE
2960958	White Ball Head	51.59667	-10.055	T	CAPE	IE
2960959	Whiddy Island	51.69064	-9.50115	T	ISL	IE
2960960	Wheelam Cross Roads	53.20278	-6.87083	P	PPL	IE
2960961	Whale Head	55.0525	-7.57389	T	CAPE	IE
2960963	Wexford	52.5	-6.66667	A	ADM2	IE
2960964	Wexford	52.33417	-6.4575	P	PPLA2	IE
2960965	West Village	51.88333	-8.6	P	PPL	IE
2960966	West Town	55.26528	-8.22583	P	PPL	IE
2960970	Westport	53.8	-9.51667	P	PPL	IE
2960972	Westmeath	53.5	-7.5	A	ADM2	IE
2960976	West Cove	51.77917	-10.07694	P	PPL	IE
2960980	Wellingtonbridge	52.26333	-6.77833	P	PPL	IE
2960981	Welchtown	54.81861	-7.87083	P	PPL	IE
2960983	Weatherstown	52.37361	-7.03944	P	PPL	IE
2960984	Waterville	51.83333	-10.16667	P	PPL	IE
2960986	Waterloo	53.93333	-7.13028	P	PPL	IE
2960987	Watergrasshill	52.01139	-8.34417	P	PPL	IE
2960992	Waterford	52.25833	-7.11194	P	PPLA2	IE
2960993	Waterfall	51.85944	-8.55917	P	PPL	IE
2960995	Watch House Village	52.69083	-6.63972	P	PPL	IE
2960999	War Hill	53.13998	-6.25399	T	MT	IE
2961001	Ward	53.43306	-6.33333	P	PPL	IE
2961002	Walterstown	53.61278	-6.55306	P	PPL	IE
2961003	Walshtown	51.98306	-8.18722	P	PPL	IE
2961004	Walshpool Lough	53.80021	-9.18681	H	LK	IE
2961006	Virginia	53.83389	-7.07556	P	PPL	IE
2961010	Villierstown	52.08889	-7.85306	P	PPL	IE
2961011	Vicarstown Cross Roads	51.93333	-8.65	P	PPL	IE
2961012	Vicarstown	53.04917	-7.08861	P	PPL	IE
2961014	Ventry	52.1325	-10.36694	P	PPL	IE
2961017	Lough Beagh	55.03833	-7.97167	H	LK	IE
2961020	Valentia Island	51.90833	-10.37194	T	ISL	IE
2961023	Urris Hills	55.22229	-7.51836	T	MTS	IE
2961025	Urlingford	52.72056	-7.5825	P	PPL	IE
2961026	Urlaur Lough	53.85206	-8.75296	H	LK	IE
2961028	Urbalreagh	55.33639	-7.28528	P	PPL	IE
2961030	Upton	51.79222	-8.67333	P	PPL	IE
2961032	Upperchurch	52.70333	-8.0175	P	PPL	IE
2961034	Lough Unshin	54.52028	-8.07917	H	LK	IE
2961035	Unionhall	51.55595	-9.14367	P	PPL	IE
2961036	Umrycam	55.18333	-7.7	P	PPL	IE
2961037	Ummeryroe	54.11667	-8.28333	P	PPL	IE
2961039	Umfin Island	55.10194	-8.36583	T	ISL	IE
2961040	Ullard	52.57972	-6.93083	P	PPL	IE
2961041	Lough Ugga Beg	53.27194	-9.4325	H	LK	IE
2961043	Tyrrellspass	53.38889	-7.37361	P	PPL	IE
2961046	Tynagh	53.14944	-8.3725	P	PPL	IE
2961047	Tyholland Bridge	54.25	-6.9	P	PPL	IE
2961048	Two Rock Mountain	53.23841	-6.24536	T	MT	IE
2961049	Twomileditch	53.30389	-8.99778	P	PPL	IE
2961050	Twomileborris	52.67167	-7.72	P	PPL	IE
2961051	The Twelve Pins	53.5	-9.83333	T	MTS	IE
2961054	Turners Rock	51.78314	-9.58021	T	MT	IE
2961055	Turloughmore	53.3788	-8.86688	P	PPL	IE
2961056	Turlough	53.88333	-9.21667	P	PPL	IE
2961057	Turlough	53.09222	-9.06528	P	PPL	IE
2961058	Turkstown	52.32333	-7.30389	P	PPL	IE
2961060	Turbot Island	53.50194	-10.14806	T	ISL	IE
2961061	Tulsk	53.77703	-8.24824	P	PPL	IE
2961063	Tullyvin	54.04833	-7.14472	P	PPL	IE
2961064	Tullynascreen	54.17472	-8.28167	P	PPL	IE
2961065	Tullynahinnera	54.08333	-6.8	P	PPL	IE
2961066	Tullymurray	54.13333	-8.1	P	PPL	IE
2961067	Tullymore	54.52111	-8.17806	P	PPL	IE
2961068	Tully Lough	53.58972	-9.97972	H	LK	IE
2961069	Tullylease	52.31367	-8.93841	P	PPL	IE
2961070	Tullyleague	52.53611	-9.30028	P	PPL	IE
2961072	Tullycreen Upper	52.68389	-9.35583	P	PPL	IE
2961073	Tullycreen Lower	52.66833	-9.32722	P	PPL	IE
2961074	Tullycanna	52.2675	-6.66861	P	PPL	IE
2961075	Tullybrook	54.63194	-8.07889	P	PPL	IE
2961077	Tullyallen	53.73611	-6.42278	P	PPL	IE
2961078	Tully	53.23333	-9.48333	P	PPL	IE
2961079	Tullow	52.80028	-6.73694	P	PPL	IE
2961082	Tullig	52.61472	-9.77611	P	PPL	IE
2961083	Tullig	52.11278	-9.85444	P	PPL	IE
2961084	Tullaroan	52.66222	-7.43639	P	PPL	IE
2961086	Tullamore	53.27389	-7.48889	P	PPLA2	IE
2961087	Tullamore	52.49167	-9.48778	P	PPL	IE
2961088	Tullaher Lough	52.69874	-9.54708	H	LK	IE
2961090	Tullaghought	52.42194	-7.36167	P	PPL	IE
2961091	Tullagher	52.43167	-7.04556	P	PPL	IE
2961093	Tullaghanoge	53.58852	-6.85527	P	PPL	IE
2961095	Tullaghan	54.46833	-8.33111	P	PPL	IE
2961096	Tulla	52.86472	-8.76056	P	PPL	IE
2961098	Tubber	52.99889	-8.88528	P	PPL	IE
2961099	Tuam	53.51667	-8.85	P	PPL	IE
2961100	Truskmore	54.37415	-8.37161	T	MT	IE
2961101	Trusk Lough	54.75722	-7.79917	H	LK	IE
2961102	Trusklieve	52.62778	-9.76444	P	PPL	IE
2961104	Trough	52.73333	-8.61667	P	PPL	IE
2961107	Trim	53.555	-6.79167	P	PPL	IE
2961108	The Triangle	53.77566	-9.39612	P	PPLL	IE
2961111	Treantagh	54.92667	-7.4875	P	PPL	IE
2961117	Tranagh	52.69472	-7.6025	P	PPL	IE
2961120	Trá Mhór	52.16235	-7.15244	P	PPL	IE
2961123	Tralee	52.27042	-9.70264	P	PPLA2	IE
2961124	Tracton	51.76139	-8.41639	P	PPL	IE
2961125	Tracarta	51.51583	-9.19389	P	PPL	IE
2961129	Tower	51.92599	-8.60747	P	PPL	IE
2961130	Tourin	52.11667	-7.86667	P	PPL	IE
2961133	Tory Island	55.26444	-8.22111	T	ISL	IE
2961136	Tormore Island	54.76389	-8.69222	T	ISL	IE
2961137	Torc Mountain	51.99812	-9.52113	T	MT	IE
2961140	Toormore	53.79278	-10.03417	L	LCTY	IE
2961141	Toormore	51.52083	-9.65611	P	PPL	IE
2961143	Toormakeady	53.65	-9.36667	P	PPL	IE
2961144	Tooreeny	53	-8.38333	P	PPL	IE
2961145	Tooreens	51.84278	-10.02861	P	PPL	IE
2961146	Tooreengarriv	52.16667	-9.28333	P	PPL	IE
2961147	Tooreendonnell	52.495	-9.22694	P	PPL	IE
2961148	Tooreencahill	52.15	-9.25	P	PPL	IE
2961149	Tooreenbrien Bridge	52.6925	-8.27361	P	PPL	IE
2961150	Tooreen	53.66667	-9.28333	P	PPL	IE
2961151	Tooreen	51.55	-9.83333	P	PPL	IE
2961152	Tooravoola	53.05667	-8.64028	P	PPL	IE
2961153	Tooraneena	52.20222	-7.715	P	PPL	IE
2961154	Toor	51.8	-10.16667	P	PPL	IE
2961157	Toomyvara	52.84972	-8.03222	P	PPL	IE
2961159	Toomard	53.53333	-8.46667	P	PPL	IE
2961162	Tonduff	55.2	-7.51667	P	PPL	IE
2961163	Tomies Mountain	52.02241	-9.61049	T	MT	IE
2961164	Tomhaggard	52.21194	-6.51778	P	PPL	IE
2961165	Tuamgraney	52.89722	-8.53861	P	PPL	IE
2961166	Tombrack	52.60278	-6.5475	P	PPL	IE
2961167	Tomacurry	52.55333	-6.56	P	PPL	IE
2961170	The Togher	53.07972	-7.19972	P	PPL	IE
2961171	Togher	53.84278	-6.30278	P	PPL	IE
2961172	Togher	53.08167	-6.52	P	PPL	IE
2961173	Roundwood	53.05861	-6.22611	P	PPL	IE
2961174	Togher	51.8775	-8.49167	P	PPL	IE
2961175	Togher	51.78111	-9.15556	P	PPL	IE
2961176	Toem	52.57667	-8.19611	P	PPL	IE
2961178	Toe Head	51.48583	-9.23556	T	CAPE	IE
2961180	Toberscanavan	54.16694	-8.48556	P	PPL	IE
2961181	Toberdan	53.53333	-8.06667	P	PPL	IE
2961182	Tobercurry	54.05	-8.73333	P	PPL	IE
2961183	Tober	54.21667	-8.00194	P	PPL	IE
2961184	Tober	53.375	-7.65611	P	PPL	IE
2961186	Tirraboy	55.25	-7.15	P	PPL	IE
2961187	Tirneevin	53.06417	-8.88306	P	PPL	IE
2961188	Tiragarvan	53.98333	-6.76667	P	PPL	IE
2961191	County Tipperary	52.66667	-7.83333	A	ADM2	IE
2961192	Tipperary	52.47333	-8.15583	P	PPL	IE
2961195	Tinny Park	53.68333	-8.38333	P	PPL	IE
2961198	Tinnahinch	52.53861	-6.94806	P	PPL	IE
2961199	Tinnaglogh	52.26806	-6.89722	P	PPL	IE
2961200	Tinkerslane	53.50816	-6.98242	P	PPL	IE
2961201	Tincoora	52.1	-8.86667	P	PPL	IE
2961203	Tinalira	52.18472	-7.72806	P	PPL	IE
2961204	Tinahely	52.79667	-6.46333	P	PPL	IE
2961206	Timolin	52.9825	-6.81167	P	PPL	IE
2961207	Timoleague	51.64343	-8.76486	P	PPL	IE
2961208	Timahoe	53.335	-6.83861	P	PPL	IE
2961209	Timahoe	52.95833	-7.20528	P	PPL	IE
2961212	Tievemore	54.59444	-7.77472	P	PPL	IE
2961213	Tiaquin	53.35972	-8.63333	P	PPL	IE
2961214	Thurles	52.68194	-7.80222	P	PPL	IE
2961216	The Pigeons	53.5	-7.81667	P	PPL	IE
2961218	Three Castle Head	51.48278	-9.83667	T	CAPE	IE
2961223	Thomastown	53.39639	-6.88417	P	PPL	IE
2961224	Thomastown	52.52667	-7.13722	P	PPL	IE
2961225	Thomastown	52.49417	-8.02444	P	PPL	IE
2961226	Thomas Street	53.46667	-8.21667	P	PPL	IE
2961228	Terryglass	53.05028	-8.19889	P	PPL	IE
2961231	Termonfeckin	53.76333	-6.26778	P	PPL	IE
2961233	Termoncarragh	54.25268	-10.07118	P	PPL	IE
2961234	Termonbarry	53.74407	-7.92305	P	PPL	IE
2961235	Terenure	53.30972	-6.28528	P	PPL	IE
2961236	Templetuohy	52.78722	-7.71972	P	PPL	IE
2961237	Templemore	52.79472	-7.83389	P	PPL	IE
2961238	Templehouse Lake	54.10333	-8.58917	H	LK	IE
2961241	Templeboy	54.24583	-8.8125	P	PPL	IE
2961242	Templebodan	51.99861	-8.24583	P	PPL	IE
2961245	Teltown	53.70321	-6.7806	P	PPL	IE
2961246	Teeromoyle	51.97222	-10.07028	P	PPL	IE
2961247	Teerelton	51.85139	-8.98444	P	PPL	IE
2961248	Teeranearagh	51.86861	-10.26278	P	PPL	IE
2961250	Teelin	54.63472	-8.64167	P	PPL	IE
2961251	Tedavnet	54.29639	-7.01389	P	PPL	IE
2961252	Tearaght Island	52.07584	-10.65616	T	ISL	IE
2961254	Lough Tay	53.10472	-6.26861	H	LK	IE
2961255	Tawnyinah	53.9	-8.76667	P	PPL	IE
2961257	Tawnyard Lough	53.63333	-9.63333	H	LK	IE
2961258	Tawny	55.2	-7.68333	P	PPL	IE
2961259	Tawny	54.62444	-8.60083	P	PPL	IE
2961260	Tawnawully Mountains	54.73528	-7.98333	T	MTS	IE
2961261	Tawin Island	53.21861	-9.03194	T	ISL	IE
2961262	Taurbeg	52.23333	-9.13333	T	MT	IE
2961263	Taur	52.23333	-9.11667	P	PPL	IE
2961265	Tarmon	52.53806	-9.37889	P	PPL	IE
2961267	Tarbert	52.57278	-9.37528	P	PPL	IE
2961272	Lough Tap	53.9	-7.98333	H	LK	IE
2961276	Tang	53.53333	-7.78333	P	PPL	IE
2961277	Lough Talt	54.08389	-8.92139	H	LK	IE
2961279	Tallyho	52.81602	-6.36439	P	PPL	IE
2961281	Tallowbridge	52.10417	-8.00278	P	PPL	IE
2961282	Tallow	52.09278	-8.00806	P	PPL	IE
2961283	Tallanstown	53.92278	-6.54639	P	PPL	IE
2961284	Tallaght	53.2859	-6.37344	P	PPLA2	IE
2961287	Tahilla	51.83722	-9.83639	P	PPL	IE
2961288	Tagoat	52.24278	-6.38028	P	PPL	IE
2961289	Taghshinny	53.592	-7.703	P	PPL	IE
2961290	Taghsheenod	53.61667	-7.71667	P	PPL	IE
2961292	Taghmon	52.32167	-6.6475	P	PPL	IE
2961294	Lough Tacker	54.01667	-6.95	H	LK	IE
2961295	Table Mountain	53.01693	-6.48151	T	MT	IE
2961297	Swords	53.45972	-6.21806	P	PPLA	IE
2961298	Swines Head	52.12972	-7.02667	T	CAPE	IE
2961299	Swinford	53.93941	-8.94346	P	PPL	IE
2961302	The Sweep	52.21667	-7.23333	P	PPL	IE
2961303	Swanlinbar	54.19472	-7.70444	P	PPL	IE
2961304	Swan	52.8875	-7.15972	P	PPL	IE
2961305	Sutton	53.38947	-6.11059	P	PPL	IE
2961307	Lough Sunderlin	53.5	-7.66667	H	LK	IE
2961308	Summerville	53.8	-7.36667	P	PPL	IE
2961312	Summerhill	53.47694	-6.73639	P	PPL	IE
2961313	Summerhill	52.80528	-7.13722	P	PPL	IE
2961314	Summer Cove	51.70333	-8.50222	P	PPL	IE
2961317	Suir Island	52.35	-7.7	T	ISL	IE
2961320	Sugarloaf Mountain	51.71773	-9.63147	T	MT	IE
2961323	Sturrall	54.73667	-8.74417	T	CAPE	IE
2961324	Stuake	51.98333	-8.76667	P	PPL	IE
2961325	Stroove	55.21667	-6.93333	P	PPL	IE
2961327	Strokestown	53.78333	-8.1	P	PPL	IE
2961328	Street	53.66667	-7.48333	P	PPL	IE
2961329	Streek Head	51.47056	-9.70306	T	CAPE	IE
2961333	Streamstown	53.52333	-10.04694	P	PPL	IE
2961334	Streamstown	53.43948	-7.57537	P	PPL	IE
2961336	Stratford	52.98583	-6.67778	P	PPL	IE
2961337	Stranorlar	54.8	-7.76667	P	PPL	IE
2961338	Strand	52.39556	-9.11056	P	PPL	IE
2961342	Straffan	53.314	-6.61373	P	PPL	IE
2961344	Stradone	53.98333	-7.23333	P	PPL	IE
2961345	Strade	53.91694	-9.13389	P	PPL	IE
2961348	Stradbally	53.21889	-8.88667	P	PPL	IE
2961349	Stradbally	53.01556	-7.15278	P	PPL	IE
2961350	Stradbally	52.24722	-10.06639	P	PPL	IE
2961351	Stradbally	52.13	-7.46	P	PPL	IE
2961353	Stookaruddan	55.36972	-7.28222	T	ISLS	IE
2961354	Stonyford	52.53639	-7.22	P	PPL	IE
2961355	Stonybatter	52.76278	-6.45278	P	PPL	IE
2961356	Stonetown	53.61667	-8.55	P	PPL	IE
2961357	Stonepark	54.01096	-8.92697	P	PPL	IE
2961358	Stonehall	52.60722	-8.87306	P	PPL	IE
2961359	Stonefield	54.31107	-9.82984	P	PPL	IE
2961360	Stone Bridge	54.2	-7.16667	P	PPL	IE
2961362	Stillorgan	53.29049	-6.19487	P	PPL	IE
2961364	Stepaside	53.2525	-6.21361	P	PPL	IE
2961365	Station Island	54.60833	-7.87139	T	ISL	IE
2961366	Stamullin	53.62889	-6.26833	P	PPL	IE
2961370	Stacks Mountains	52.31667	-9.56667	T	MTS	IE
2961371	Stabannan	53.86472	-6.43583	P	PPL	IE
2961374	Srahmore	53.96028	-9.57083	P	PPL	IE
2961375	Srahlaghy	54.235	-9.57361	P	PPL	IE
2961376	Srahduggaun	54	-9.73333	P	PPL	IE
2961377	Srah	54.17196	-9.93349	P	PPL	IE
2961378	Srah	53.68333	-9.33333	P	PPL	IE
2961379	Srah	53.28333	-7.75	P	PPL	IE
2961382	Springfield	53.05	-7.4	P	PPL	IE
2961384	Sporthouse Cross Roads	52.19667	-7.17917	P	PPL	IE
2961385	Spittle	52.38	-8.3375	P	PPL	IE
2961386	Spink	52.89944	-7.22611	P	PPL	IE
2961387	Spike Island	51.83426	-8.28547	T	ISL	IE
2961388	Spiddal	53.24667	-9.30278	P	PPL	IE
2961389	Spear Vale	53.91667	-7	P	PPL	IE
2961391	Spancelhill	52.86667	-8.9	P	PPL	IE
2961392	Spa	52.27734	-9.78506	P	PPL	IE
2961394	Sovereign Islands	51.67667	-8.45556	T	ISLS	IE
2961395	Sovereign Island	51.68389	-8.4425	T	ISL	IE
2961398	Southhill	53.61066	-7.06954	P	PPL	IE
2961402	Soppog	55.06472	-7.32111	P	PPL	IE
2961409	Sneem	51.83778	-9.90099	P	PPL	IE
2961410	Slieve Snaght	55.19644	-7.33427	T	MT	IE
2961411	Slieve Snaght	54.98074	-8.12011	T	MT	IE
2961413	Smithborough	54.22333	-7.09083	P	PPL	IE
2961415	Smerwick	52.19444	-10.42333	P	PPL	IE
2961418	Slyne Head	53.40048	-10.24004	T	CAPE	IE
2961420	Slish Wood	54.23333	-8.38333	V	FRST	IE
2961422	Sligo	54.25	-8.66667	A	ADM2	IE
2961423	Sligo	54.26969	-8.46943	P	PPLA2	IE
2961424	Slievetooey	54.756	-8.57737	T	MT	IE
2961425	Slieveroe	52.28056	-7.08667	P	PPL	IE
2961426	Slievenamuck	52.42621	-8.23299	T	MT	IE
2961427	Slievenamon	52.4276	-7.56287	T	MT	IE
2961428	Slievenakilla	54.15	-7.93333	P	PPL	IE
2961431	Slievemore	54.00966	-10.05951	T	MT	IE
2961432	Slieve Miskish Mountains	51.66722	-9.95306	T	MTS	IE
2961433	Slieve Mish Mountains	52.2	-9.76667	T	MTS	IE
2961434	Slievekimalta	52.75147	-8.26148	T	MT	IE
2961435	Slieveglass	52.27861	-10.20667	T	MT	IE
2961436	Slievefelim Mountains	52.67167	-8.3075	T	MTS	IE
2961437	Slievecarran	53.0952	-9.00983	T	MT	IE
2961438	Slievecallan	52.84094	-9.27087	T	MT	IE
2961439	Slieveboy	52.65619	-6.48946	T	MT	IE
2961440	Slieve Bloom Mountains	53.09333	-7.56722	T	MTS	IE
2961442	Slieve Aughty Mountains	53.04611	-8.51111	T	MTS	IE
2961445	Sleatygraigue	52.84472	-6.97167	P	PPL	IE
2961446	Slea Head	52.09639	-10.45917	T	CAPE	IE
2961450	Slane	53.71	-6.54333	P	PPL	IE
2961452	Slade	52.1325	-6.90444	P	PPL	IE
2961455	Schull	51.52487	-9.54798	P	PPL	IE
2961457	Skreen	54.23701	-8.73043	P	PPL	IE
2961458	Screen	52.41361	-6.4125	P	PPL	IE
2961459	Skibbereen	51.55	-9.26667	P	PPL	IE
2961460	Skerries Islands	53.58333	-6.08333	T	ISLS	IE
2961461	Skerries	53.58278	-6.10833	P	PPL	IE
2961462	Skenakilla Cross Roads	52.19306	-8.51778	P	PPL	IE
2961464	Skehanagh	53.41389	-8.63417	P	PPL	IE
2961465	Lough Skean	54.06222	-8.21528	H	LK	IE
2961466	Skeagh Lough Upper	53.95	-7	H	LK	IE
2961467	Skeagh	51.58639	-9.35472	P	PPL	IE
2961469	Lough Skannive	53.33083	-9.78722	H	LK	IE
2961470	Sixmilebridge	52.74139	-8.77417	P	PPL	IE
2961471	Single Street	54.48306	-8.26417	P	PPL	IE
2961472	Silver Stream	54.26667	-6.91667	P	PPL	IE
2961475	Silvermines	52.79401	-8.23806	P	PPL	IE
2961476	Silvermine Mountain	52.77839	-8.26747	T	MTS	IE
2961477	Silver Hill	54.76962	-8.14552	T	MT	IE
2961478	Lough Sillan	54.00222	-6.92222	H	LK	IE
2961479	Siddan	53.80972	-6.65639	P	PPL	IE
2961481	Shrule	53.52067	-9.08907	P	PPL	IE
2961483	Shronell	52.47222	-8.23472	P	PPL	IE
2961484	Shrone	52.52655	-9.49591	P	PPLL	IE
2961485	Shot Head	51.67667	-9.67611	T	CAPE	IE
2961489	Shinrone	52.9825	-7.92444	P	PPL	IE
2961490	Lough Shindilla	53.45	-9.56667	H	LK	IE
2961491	Shillelagh	52.75389	-6.53722	P	PPL	IE
2961493	Sheshia	53.1	-9.06667	P	PPL	IE
2961494	Sherky Island	51.7975	-9.905	T	ISL	IE
2961495	Sherkin Island	51.46727	-9.41906	T	ISL	IE
2961496	Sheriffhill	52.95	-6.80278	P	PPL	IE
2961497	Shercock	54	-6.9	P	PPL	IE
2961498	Shenicks Island	53.57472	-6.08444	T	ISL	IE
2961500	Shehy Mountain	51.81778	-9.28722	T	MT	IE
2961504	Lough Sheelin	53.8	-7.31667	H	LK	IE
2961506	Sheeanamore	52.88814	-6.35228	P	PPL	IE
2961507	Shark Head	53.60167	-10.295	T	CAPE	IE
2961508	Shanvally	53.78333	-7.91667	P	PPL	IE
2961509	Shantonagh	54.05028	-6.85056	P	PPL	IE
2961512	Shannon Harbour	53.22056	-7.94833	P	PPL	IE
2961516	Shannonbridge	53.27778	-8.03722	P	PPL	IE
2961519	Shannaghmore	53.6	-8.6	P	PPL	IE
2961520	Shanlis Cross Roads	53.83778	-6.57111	P	PPL	IE
2961521	Shanlaragh	51.79556	-9.07889	P	PPL	IE
2961523	Shankill	53.22611	-6.12444	P	PPL	IE
2961527	Shanballymore	52.21889	-8.47514	P	PPL	IE
2961530	Shanbally	51.8325	-8.3575	P	PPL	IE
2961531	Shanagolden	52.5725	-9.1025	P	PPL	IE
2961532	Shanagh	51.58222	-8.71889	P	PPL	IE
2961533	Shanagarry	51.85261	-8.02877	P	PPL	IE
2961536	Shad Lough	53.73333	-8.26667	H	LK	IE
2961537	The Seven Stars	53.05722	-6.88028	L	LCTY	IE
2961538	The Seven Hogs	52.32194	-10.03528	T	ISLS	IE
2961540	Seven Heads	51.56908	-8.71403	T	CAPE	IE
2961544	Seskinryan	52.68222	-6.93167	P	PPL	IE
2961545	Seskinrea	52.76778	-7.06833	P	PPL	IE
2961546	Seltannaveeny	54.1	-8.11667	P	PPL	IE
2961548	Seershin	53.26667	-9.21667	P	PPL	IE
2961552	Sea Mount	53.44278	-6.14	P	PPL	IE
2961556	Lough Scur	54.02667	-7.95222	H	LK	IE
2961559	Scregg West	53.53333	-8.58333	P	PPL	IE
2961561	Scregg East	53.53333	-8.56667	P	PPL	IE
2961563	Scramore Loughs	54.3	-8.35	H	LKS	IE
2961564	Scramoge	53.76667	-8.05	P	PPL	IE
2961565	Scrahan	52.4	-9.36667	P	PPL	IE
2961566	Scrabby	53.86667	-7.53333	P	PPL	IE
2961567	Scotstown	54.2775	-7.065	P	PPL	IE
2961568	Scotshouse	54.12194	-7.2475	P	PPL	IE
2961569	Scilly	51.70639	-8.52167	P	PPL	IE
2961570	Scattery Island	52.61222	-9.51944	T	ISL	IE
2961571	Scartaglin	52.18333	-9.4	P	PPL	IE
2961574	Scarriff	52.90872	-8.53316	P	PPL	IE
2961575	Scariff Island	51.73556	-10.25333	T	ISL	IE
2961576	Scardaun	53.65	-9	P	PPL	IE
2961577	Lough Scannive	53.43528	-9.9525	H	LK	IE
2961578	Scalp Mountain	55.08997	-7.36485	T	MT	IE
2961580	Scalp	53.08333	-6.58333	P	PPL	IE
2961581	Scalp	52.99139	-8.48972	T	MT	IE
2961582	Saundersville	52.96667	-6.68333	P	PPL	IE
2961585	Sarnaght	53.89241	-9.31187	P	PPL	IE
2961587	Santry	53.39812	-6.25268	P	PPL	IE
2961588	Sandymount	53.97139	-6.36194	P	PPL	IE
2961589	Sandymount	53.32815	-6.22224	P	PPL	IE
2961590	Sandy Ford	52.85194	-6.46139	P	PPL	IE
2961591	Sandy Cove	51.67694	-8.54917	P	PPL	IE
2961593	Samphire Island	52.26964	-9.86318	T	ISL	IE
2961594	Saltmills	52.22194	-6.82667	P	PPL	IE
2961595	Salt Hill	53.26139	-9.06944	P	PPL	IE
2961597	Salterstown	53.87167	-6.30694	P	PPL	IE
2961598	Saltee Islands	52.12595	-6.59678	T	ISLS	IE
2961599	Little Saltee	52.13751	-6.58633	T	ISL	IE
2961600	Great Saltee	52.11766	-6.61572	T	ISL	IE
2961601	Lough Salt	55.08278	-7.80611	H	LK	IE
2961602	Salrock	53.6	-9.85	P	PPL	IE
2961606	Sallybrook	51.935	-8.38639	P	PPL	IE
2961607	Sallins	53.24889	-6.66611	P	PPL	IE
2961609	Salia	53.95111	-9.94806	P	PPL	IE
2961612	Saleen	51.86333	-8.16556	P	PPL	IE
2961614	Saint Thomas Island	52.69	-8.62	T	ISL	IE
2961615	Saint Stephens Green Park	53.33784	-6.25813	L	PRK	IE
2961616	Saints Island	54.61528	-7.88639	T	ISL	IE
2961617	Patrickswell	52.59722	-8.70889	P	PPL	IE
2961618	Saint Patricks Island	53.58833	-6.07389	T	ISL	IE
2961619	Saint Mullins	52.49278	-6.92306	P	PPL	IE
2961621	Saint Macdaras Island	53.305	-9.91889	T	ISL	IE
2961622	St Johnston	54.93553	-7.46109	P	PPL	IE
2961623	Saint Johns Port	54.33333	-8.6	P	PPL	IE
2961625	Saint Johns Lough	54.04028	-7.86167	H	LK	IE
2961629	Saint Doolaghs	53.41639	-6.18056	P	PPL	IE
2961631	Saint Catherines	52.86667	-8.6	P	PPL	IE
2961634	Saint Anns Wells	53.23333	-6.35	P	PPL	IE
2961635	Saint Anns Hill	51.93333	-8.6	P	PPL	IE
2961636	Saggart	53.28028	-6.44444	P	PPL	IE
2961638	Saddle Hill	54.34861	-8.12917	T	MT	IE
2961639	Saddle Head	54.01452	-10.18839	T	CAPE	IE
2961642	Rylane Cross	51.98333	-8.83333	P	PPL	IE
2961645	Ryefield	53.78806	-7.05861	P	PPL	IE
2961646	Rutland Island	54.97667	-8.45722	T	ISL	IE
2961649	Slieve Rushen	54.15282	-7.64136	T	MT	IE
2961650	Rushbrooke	51.85	-8.31667	P	PPL	IE
2961651	An Ros	53.52424	-6.10497	P	PPL	IE
2961654	Ruan	52.93056	-8.98972	P	PPL	IE
2961655	Royaloak	52.7	-6.98667	P	PPL	IE
2961657	Roy	54.09039	-9.9606	P	PPLL	IE
2961662	Roundstone	53.39661	-9.92104	P	PPL	IE
2961663	Roundfort	53.63333	-9.1	P	PPL	IE
2961666	Rosturk	53.9	-9.71778	P	PPL	IE
2961667	Rostellan	51.84861	-8.19556	P	PPL	IE
2961668	Ross West	53.91933	-9.24362	P	PPL	IE
2961670	Ross Port	54.28301	-9.79812	P	PPL	IE
2961673	Rossnowlagh Upper	54.55629	-8.19898	P	PPL	IE
2961675	Rossnowlagh Lower	54.56176	-8.20893	P	PPL	IE
2961677	Rosnakill	55.18333	-7.68333	P	PPL	IE
2961678	Rossmore Island	51.83583	-9.80194	T	ISL	IE
2961681	Rossmore	52.82	-7.00583	P	PPL	IE
2961682	Rossmore	52.15	-9.58333	P	PPL	IE
2961690	Rosslare	52.27184	-6.38989	P	PPL	IE
2961691	Ross Lake	53.37389	-9.21417	H	LK	IE
2961692	Rossinver	54.38861	-8.10972	P	PPL	IE
2961693	Rossinan	52.33944	-7.16028	P	PPL	IE
2961700	Rosses Point	54.30917	-8.56611	P	PPL	IE
2961703	Rossduff	52.19972	-7.02139	P	PPL	IE
2961704	Rossdohan Island	51.80889	-9.86889	T	ISL	IE
2961705	Ross Cross Roads	53.56667	-6.57972	P	PPL	IE
2961707	Ross Carbery	51.57814	-9.03248	P	PPL	IE
2961708	Rossbrin	51.53528	-9.48361	P	PPL	IE
2961714	Ross	53.56667	-6.58333	P	PPL	IE
2961715	Ross	52.5913	-9.85705	P	PPL	IE
2961716	Rosroe Lough	52.77167	-8.82306	H	LK	IE
2961717	Rosmult	52.68194	-7.95583	P	PPL	IE
2961718	Rosmuck	53.35028	-9.61583	P	PPL	IE
2961719	Rosmore	53.03333	-8.31667	L	LCTY	IE
2961723	Roskeeda	53.34306	-9.64361	P	PPL	IE
2961724	Roshin	54.53333	-8.11667	P	PPL	IE
2961726	Rosenallis	53.13444	-7.40444	P	PPL	IE
2961727	Rosemount	53.43007	-7.64065	P	PPL	IE
2961729	Rosdaul	53.61667	-8.46667	P	PPL	IE
2961730	Roscrea	52.95111	-7.80167	P	PPL	IE
2961731	Roscommon	53.75	-8.25	A	ADM2	IE
2961732	Roscommon	53.63333	-8.18333	P	PPLA2	IE
2961733	Rosborough	54.63333	-8.63333	P	PPL	IE
2961734	Rosbercon	52.39972	-6.94778	P	PPL	IE
2961735	Roosky	54.00145	-8.68825	P	PPL	IE
2961736	Roosky	53.83333	-7.91667	P	PPL	IE
2961737	Roonkeel	53.68333	-9.9	P	PPL	IE
2961738	Roonah Lough	53.72444	-9.88972	H	LK	IE
2961739	Rookwood	53.56667	-8.28333	P	PPL	IE
2961744	Lough Roe	53.85368	-8.77819	H	LK	IE
2961745	Rodena Bridge	52.83333	-6.33333	P	PPL	IE
2961746	Rocky Island	51.83741	-8.30162	T	ISL	IE
2961750	Rockmills	52.22194	-8.41361	P	PPL	IE
2961752	Rockland	53.71667	-7.33333	P	PPL	IE
2961757	Rockhill	54.06667	-8.15	P	PPL	IE
2961758	Rockhill	52.41694	-8.71417	P	PPL	IE
2961765	Rockfield	53.65	-8.28333	P	PPL	IE
2961767	Rockcorry	54.11667	-7.01667	P	PPL	IE
2961768	Rockchapel	52.28333	-9.15	P	PPL	IE
2961770	Rochfortbridge	53.41417	-7.29611	P	PPL	IE
2961771	Rochestown	52.31833	-7.00333	P	PPL	IE
2961775	Robinstown	53.59409	-6.72673	P	PPL	IE
2961777	Robertstown	53.27417	-6.81778	P	PPL	IE
2961778	Roberts Head	51.73174	-8.31193	T	CAPE	IE
2961782	Roaninish	51.86667	-8.55	T	ISL	IE
2961783	Roancarrig More	51.65302	-9.74751	T	ISL	IE
2961784	Roancarrig Beg	51.65794	-9.75162	T	ISL	IE
2961785	Roadford	53.02278	-9.36833	P	PPL	IE
2961786	Roachtown	53.69901	-7.07992	P	PPL	IE
2961787	Riverstown	54.13167	-8.39444	P	PPL	IE
2961788	Riverstown	53.99444	-6.22028	P	PPL	IE
2961789	Rivers Town	53.91667	-7.81667	P	PPL	IE
2961790	Riverstown	53.08056	-7.92583	P	PPL	IE
2961791	Riverstown	51.92639	-8.38917	P	PPL	IE
2961792	Riverstick	51.77239	-8.49404	P	PPL	IE
2961794	Riverchapel	52.63667	-6.23194	P	PPL	IE
2961795	Cabin River	53.97729	-10.0431	P	PPL	IE
2961798	Rinvyle	53.59528	-9.97417	P	PPL	IE
2961799	Rinville	53.25	-8.93667	P	PPL	IE
2961804	Rinn Lough	53.88333	-7.85	H	LK	IE
2961806	Rinneen	52.89056	-9.38917	P	PPL	IE
2961808	Rinnagonnaght	52.74157	-9.51993	P	PPL	IE
2961810	Rinn	53.21083	-8.81583	P	PPL	IE
2961814	Ringville	52.04833	-7.58528	P	PPL	IE
2961818	Ringaskiddy Island	51.83333	-8.31667	T	ISL	IE
2961819	Ringaskiddy	51.83389	-8.31694	P	PPL	IE
2961820	Ringarogy Island	51.50472	-9.37417	T	ISL	IE
2961824	Rineanna	52.68333	-8.95	P	PPL	IE
2961828	Richmount Hill	53.63333	-7.7	P	PPL	IE
2961832	Rhode	53.35222	-7.20167	P	PPL	IE
2961835	Rerrin	51.63944	-9.8175	P	PPL	IE
2961837	Renaghmore	52.65	-7.53667	P	PPL	IE
2961838	Releagh Bridge	51.81972	-9.56417	P	PPL	IE
2961839	Releagh	51.78333	-9.56667	P	PPL	IE
2961841	Relaghbeg	53.87056	-6.95972	P	PPL	IE
2961842	Reens	52.50778	-8.99944	P	PPL	IE
2961843	Reenroe	51.84778	-10.24222	P	PPL	IE
2961846	Reenard	51.92972	-10.26	P	PPL	IE
2961848	Lough Ree	53.53333	-7.96667	H	LK	IE
2961849	Redhills	54.1	-7.31667	P	PPL	IE
2961851	Redhill	53.98333	-8.46667	P	PPL	IE
2961852	Redgate	52.41833	-6.50278	P	PPL	IE
2961853	Redforge Cross Roads	51.99056	-7.9275	P	PPL	IE
2961855	Redcross	52.8894	-6.14495	P	PPL	IE
2961856	Red Castle	55.15	-7.11667	P	PPL	IE
2961858	Rear Cross	52.68639	-8.23583	P	PPL	IE
2961861	Reanascreena	51.63472	-9.05556	P	PPL	IE
2961862	Reananerree	51.9	-9.16667	P	PPL	IE
2961863	Reaghstown	53.91083	-6.61583	P	PPL	IE
2961864	Lough Reagh	51.92361	-9.88806	H	LK	IE
2961865	Lough Rea	53.18806	-8.58194	H	LK	IE
2961867	Rawros	55.18333	-7.76667	P	PPL	IE
2961869	Ravensdale	54.05222	-6.33972	P	PPL	IE
2961872	Ratoath	53.50806	-6.4625	P	PPL	IE
2961873	Rathwire	53.50767	-7.1351	P	PPL	IE
2961874	Rathvilly	52.87889	-6.69333	P	PPL	IE
2961876	Rathtroane	53.43556	-6.79639	P	PPL	IE
2961882	Rathowen	53.65673	-7.52018	P	PPL	IE
2961883	Rathnure	52.49889	-6.76306	P	PPL	IE
2961884	Rathnew	52.99056	-6.08528	P	PPL	IE
2961885	Rathnally	53.56639	-6.73611	P	PPL	IE
2961887	Rathmullan	55.09389	-7.54028	P	PPL	IE
2961892	Rathmore	53.21722	-6.56444	P	PPL	IE
2961893	Rathmore	52.08333	-9.21667	P	PPL	IE
2961894	Rathmolyon	53.48989	-6.80537	P	PPL	IE
2961895	Rathmines and Rathgar Waterworks	53.23333	-6.35	H	RSV	IE
2961897	Ramelton	55.03673	-7.64923	P	PPL	IE
2961899	Rath Lough	54.56667	-8.05	H	LK	IE
2961900	Rathlin O’Birne Island	54.66417	-8.82806	T	ISL	IE
2961901	Rathlee Head	54.28333	-9.06667	T	CAPE	IE
2961903	Rathlackan	54.29167	-9.26	P	PPL	IE
2961904	Rathkenny	53.74899	-6.64756	P	PPL	IE
2961905	Rathkeale	52.52444	-8.93806	P	PPL	IE
2961907	Rathgranagher	53.6	-9.06667	P	PPL	IE
2961908	Rathgormuck	52.30667	-7.4975	P	PPL	IE
2961910	Rathfeigh	53.59361	-6.48611	P	PPL	IE
2961911	Rathfarnham	53.30056	-6.28278	P	PPL	IE
2961912	Ratheskin	54.20556	-9.36139	P	PPL	IE
2961913	Rathescar Cross Roads	53.82806	-6.44778	P	PPL	IE
2961916	Rathea	52.38778	-9.47917	P	PPL	IE
2961917	Rathduff	52.01667	-8.58333	P	PPL	IE
2961918	Rathdrum	52.93179	-6.22945	P	PPL	IE
2961919	Rathdrinagh	53.6575	-6.52278	P	PPL	IE
2961920	Rathdowney	52.85472	-7.58028	P	PPL	IE
2961921	Rathdangan	52.91988	-6.54493	P	PPL	IE
2961922	Rathcoursey	51.87806	-8.18583	P	PPL	IE
2961923	Rathcor Upper	53.98333	-6.2	P	PPL	IE
2961924	Rathcormac	52.07694	-8.28194	P	PPL	IE
2961925	Rathcor Lower	53.98333	-6.18333	P	PPL	IE
2961926	Rathcore	53.45	-6.84417	P	PPL	IE
2961927	Rathcor	53.98528	-6.19389	P	PPL	IE
2961929	Rathcoole	53.28278	-6.47278	P	PPL	IE
2961930	Rathcool	52.09593	-8.97649	P	PPL	IE
2961931	Rathconrath	53.51667	-7.51667	P	PPL	IE
2961933	Rathcolman	53.51667	-7.38333	P	PPL	IE
2961935	Rathclarish	52.41278	-7.43333	P	PPL	IE
2961936	Rathcabban	53.11611	-8.02694	P	PPL	IE
2961937	Rathanna	52.59667	-6.82472	P	PPL	IE
2961938	Rathangan	53.22139	-6.995	P	PPL	IE
2961939	Rath	53.13611	-7.8075	P	PPL	IE
2961940	Rashenny	55.27833	-7.34417	P	PPL	IE
2961941	Rasheen Wood	52.57333	-8.04694	V	FRST	IE
2961944	Raphoe	54.87472	-7.59833	P	PPL	IE
2961945	Rapemills	52.13333	-7.91667	P	PPL	IE
2961946	Randalstown	53.69177	-6.71604	L	LCTY	IE
2961948	Ramsgrange	52.24028	-6.91194	P	PPL	IE
2961950	Rampart	54.02	-6.145	P	PPL	IE
2961951	Lough Ramor	53.8275	-7.08694	H	LK	IE
2961952	Ram Head	51.93333	-7.7	T	CAPE	IE
2961953	Rake Street	54.07028	-9.355	P	PPL	IE
2961959	Rahillakeen	52.33333	-7.13333	P	PPL	IE
2961960	Raheny	53.38681	-6.18067	P	PPL	IE
2961961	Raheens	53.8444	-9.3652	P	PPL	IE
2961964	Raheen Cross Roads	52.62917	-8.66194	L	LCTY	IE
2961965	Raheen	54.30444	-9.54694	P	PPL	IE
2961966	Raheen	53.58333	-8.6	P	PPL	IE
2961967	Raheen	52.9625	-7.37028	P	PPL	IE
2961972	Raharney	53.52374	-7.09543	P	PPL	IE
2961973	Rahans Lough	53.925	-6.73056	H	LK	IE
2961975	Raghtin More	55.25596	-7.46784	T	MT	IE
2961976	The Rag	52.7148	-7.9053	P	PPL	IE
2961979	Rabbit Islands	51.53528	-9.12194	T	ISLS	IE
2961980	Quin	52.81861	-8.86694	P	PPL	IE
2961981	Quilty	52.81694	-9.45083	P	PPL	IE
2961982	Quignalahy	54.26667	-9.03333	P	PPL	IE
2961983	Quigley’s Point	55.12534	-7.19658	P	PPL	IE
2961985	Queensborough	53.73111	-6.25917	P	PPL	IE
2961987	Quakers Cross Roads	51.60194	-9.01861	P	PPL	IE
2961989	Purple Mountain	52.00792	-9.6225	T	MT	IE
2961990	Pulleen	52.73944	-9.58784	P	PPL	IE
2961992	Puffin Island	51.83333	-10.41667	T	ISL	IE
2961993	Puckaun	52.92889	-8.2375	P	PPL	IE
2961994	Prosperous	53.29028	-6.75389	P	PPL	IE
2961996	Prince William's Seat	53.20214	-6.23958	T	PK	IE
2961999	Powerstown	52.60583	-7.02028	P	PPL	IE
2962000	Powers Cross	53.07111	-8.33083	P	PPL	IE
2962002	Power Head	51.78525	-8.17634	T	CAPE	IE
2962003	Powellsborough Cross Roads	54.04806	-8.6875	P	PPL	IE
2962004	Poulnamucky	52.40111	-7.81944	P	PPL	IE
2962005	Poulnalour	53.01667	-9.01667	P	PPL	IE
2962006	Poulacapple	52.50167	-7.44083	P	PPL	IE
2962008	Porturlin	54.31472	-9.71667	P	PPL	IE
2962010	Portumna	53.08917	-8.21889	P	PPL	IE
2962011	Portsalon	55.2	-7.61667	P	PPL	IE
2962012	Portroe	52.88524	-8.34389	P	PPL	IE
2962013	Portrinard	52.40139	-9.31972	P	PPL	IE
2962015	Portnoo	54.8425	-8.46667	P	PPL	IE
2962017	Portnalong	55.31667	-7.18333	P	PPL	IE
2962019	Portmarnock	53.42306	-6.1375	P	PPL	IE
2962021	Portmagee	51.88611	-10.36167	P	PPL	IE
2962022	Port Lough	54.99056	-7.46306	H	LK	IE
2962025	Portlaw	52.28833	-7.32056	P	PPL	IE
2962026	Portlaoise	53.03441	-7.29979	P	PPLA2	IE
2962029	Portarlington	53.16222	-7.19111	P	PPL	IE
2962030	Portaleen	55.31667	-7.16667	P	PPL	IE
2962031	Portahack	55.3	-7.15	P	PPL	IE
2962033	Portacloy	54.33076	-9.7918	P	PPL	IE
2962034	Port	53.84417	-6.26111	P	PPL	IE
2962035	Pollremon	53.68333	-8.63333	P	PPL	IE
2962037	Pollboy	53.31417	-8.20222	P	PPL	IE
2962039	Pollaphuca Reservoir	53.13333	-6.51667	H	RSV	IE
2962042	Pluck	54.94111	-7.64056	P	PPL	IE
2962045	Piltown	52.35333	-7.34028	P	PPL	IE
2962047	Pilltown	51.96667	-7.8	P	PPL	IE
2962048	The Pike	53.00306	-8.00778	P	PPL	IE
2962049	Pig Island	54.33194	-9.72	T	ISL	IE
2962051	Pierpoint	52.13333	-8.55	P	PPL	IE
2962053	Phoenix Park	53.35611	-6.32889	L	PRK	IE
2962054	Daingean	53.29611	-7.28944	P	PPL	IE
2962056	Pettigoe	54.55	-7.83333	P	PPL	IE
2962057	Peterswell	53.115	-8.74139	P	PPL	IE
2962058	Petersville	53.82583	-6.89083	P	PPL	IE
2962060	Pedlars Cross Roads	51.69278	-8.86056	P	PPL	IE
2962062	Paulsworth	51.97417	-7.70333	P	PPL	IE
2962064	Pass of Kilbride	53.44028	-7.23167	P	PPL	IE
2962066	Passage West	51.87083	-8.3355	P	PPL	IE
2962067	Passage East	52.23059	-6.97388	P	PPL	IE
2962068	Partry Mountains	53.65	-9.5	T	MTS	IE
2962069	Partry	53.7	-9.28333	P	PPL	IE
2962073	Park	54.42694	-8.31444	P	PPL	IE
2962075	An Da Chich Anann (An Chioch Thoir)	52.01564	-9.26321	T	MTS	IE
2962078	Palmerstown Bridge	54.22389	-9.26889	P	PPL	IE
2962079	Palmerston	53.36278	-6.36556	P	PPL	IE
2962080	Pallaskenry	52.64306	-8.86889	P	PPL	IE
2962082	Pallasgreen	52.5679	-8.33794	P	PPL	IE
2962083	Pallas Grean	52.54722	-8.3525	P	PPL	IE
2962084	Pallas	53.56667	-7.7	P	PPL	IE
2962086	Palatine	52.86483	-6.86105	P	PPL	IE
2962090	Painestown	53.68333	-6.3	P	PPL	IE
2962091	Paddock	52.44557	-9.76713	P	PPL	IE
2962099	Owey Island	55.05	-8.45	T	ISL	IE
2962118	Owengarve Lough	53.43333	-9.7	H	LK	IE
2962123	Owenduff	53.94806	-9.83611	P	PPL	IE
2962136	Lough Owel	53.56667	-7.4	H	LK	IE
2962139	Avoca	52.85278	-6.21694	P	PPL	IE
2962140	Ovens	51.86667	-8.66667	P	PPL	IE
2962141	Lough Ouver	53.6	-8.4	H	LK	IE
2962142	Ourtnagapple	53.12265	-9.73955	P	PPL	IE
2962143	Oulart	52.50473	-6.38995	P	PPL	IE
2962144	Oughterard	53.41667	-9.33333	P	PPL	IE
2962145	Lough Oughter	53.99444	-7.47444	H	LK	IE
2962146	Oughter	53.24722	-7.6875	P	PPL	IE
2962149	Orthon Island	51.68333	-9.71667	T	ISL	IE
2962150	Ormond View	53.15	-8.2	P	PPL	IE
2962151	Oristown	53.72163	-6.79067	P	PPL	IE
2962153	Oranmore	53.26833	-8.92	P	PPL	IE
2962154	Oran	53.66667	-8.33333	P	PPL	IE
2962155	Oorid Lough	53.45	-9.61667	H	LK	IE
2962157	Oola	52.52972	-8.25833	P	PPL	IE
2962158	Onaght	53.14628	-9.77976	P	PPL	IE
2962159	Omey Island	53.53278	-10.16444	T	ISL	IE
2962160	Omeath	54.09011	-6.25937	P	PPL	IE
2962163	Old Twopothouse Cross Roads	52.18333	-8.63333	P	PPL	IE
2962164	Old Town	54.94194	-7.74111	P	PPL	IE
2962165	Oldtown	53.52528	-6.31556	P	PPL	IE
2962166	Old Town	52.90583	-7.37472	P	PPL	IE
2962168	Old Ross	52.3925	-6.82	P	PPL	IE
2962169	Oldleighlin	52.73611	-7.02083	P	PPL	IE
2962170	Old Kilcullen	53.10639	-6.76528	P	PPL	IE
2962171	Old Head of Kinsale	51.60395	-8.53467	T	CAPE	IE
2962173	Old Head	53.78333	-9.78333	T	CAPE	IE
2962175	Oldcourt	53.17556	-6.47056	P	PPL	IE
2962176	Oldcourt	52.34583	-6.97528	P	PPL	IE
2962177	Oldchapel	51.73667	-8.78556	P	PPL	IE
2962178	Oldcastle	53.94334	-9.02915	P	PPL	IE
2962179	Oldcastle	53.76648	-7.16284	P	PPL	IE
2962180	Oldbridge	53.05	-6.27556	P	PPL	IE
2962182	Oilgate	52.42125	-6.52801	P	PPL	IE
2962183	Lough O’Grady	52.9	-8.57278	H	LK	IE
2962185	Oghil	53.1304	-9.69962	P	PPL	IE
2962186	Kilfree O’Flynn	53.76667	-8.63333	H	LK	IE
2962187	Uíbh Fhailí	53.25	-7.5	A	ADM2	IE
2962189	O’Callaghansmills	52.84139	-8.68639	P	PPL	IE
2962190	O’Briensbridge	52.75472	-8.49694	P	PPL	IE
2962192	Oakport Lough	53.98333	-8.17028	H	LK	IE
2962202	Nursetown	52.08333	-8.7	P	PPL	IE
2962203	Nurney	53.09583	-6.95111	P	PPL	IE
2962204	Nurney	52.75056	-6.90972	P	PPL	IE
2962205	Nowen Hill	51.72248	-9.2443	T	MT	IE
2962206	Noughaval	53.01889	-9.17056	P	PPL	IE
2962210	North Ring	51.615	-8.85889	P	PPL	IE
2962211	Northlands	53.96306	-6.85889	P	PPL	IE
2962212	Northgrove	53.0275	-7.59722	P	PPL	IE
2962213	North Bull Island	53.37139	-6.15	T	ISL	IE
2962216	Nohaval	51.72472	-8.40694	P	PPL	IE
2962217	Nobber	53.82278	-6.75056	P	PPL	IE
2962218	Ninemilehouse	52.46472	-7.46028	P	PPL	IE
2962220	Nicker	52.56194	-8.35333	P	PPL	IE
2962221	New Twopothouse Village	52.1861	-8.67035	P	PPL	IE
2962223	Newtown Sandes	52.50056	-9.37139	P	PPL	IE
2962224	Newtown Mount Kennedy	53.08972	-6.11194	P	PPL	IE
2962225	Newtown Monasterboice	53.76627	-6.40529	P	PPL	IE
2962226	Newtownlynch	53.16611	-9.02083	P	PPL	IE
2962231	Newtown Gore	54.04306	-7.67306	P	PPL	IE
2962232	Newtownfortescue	53.76611	-6.54528	P	PPL	IE
2962233	Newtown Forbes	53.76667	-7.83333	P	PPL	IE
2962234	Newtown Daly	53.17694	-8.48694	P	PPL	IE
2962235	Newtown Cunningham	54.99639	-7.51917	P	PPL	IE
2962237	Newtownburke	54.76667	-8.48333	P	PPL	IE
2962239	New Town	53.58333	-7.56667	P	PPL	IE
2962240	Newtown	53.39611	-6.75861	P	PPL	IE
2962241	New Town	53.28333	-8.1	P	PPL	IE
2962242	Newtown	53.25889	-8.45361	P	PPL	IE
2962243	Newtown	53.15111	-8.0125	P	PPL	IE
2962244	Newtown	52.89194	-7.73111	P	PPL	IE
2962245	Newtown	52.86292	-7.11338	P	PPL	IE
2962246	Newtown	52.55	-7.3	P	PPL	IE
2962247	Newtownshandrum	52.35	-8.76667	P	PPL	IE
2962248	Newtown	52.22167	-7.38889	P	PPL	IE
2962249	Newtown	52.16667	-7.78333	P	PPL	IE
2962252	New Ross	52.39667	-6.93667	P	PPL	IE
2962253	New Quay	53.15472	-9.07972	P	PPL	IE
2962256	Newport	53.88508	-9.54526	P	PPL	IE
2962257	Newport	52.71111	-8.40972	P	PPL	IE
2962260	Newmills	54.92917	-7.80722	P	PPL	IE
2962261	Newmills	51.58722	-8.97944	P	PPL	IE
2962262	Newmarket on Fergus	52.76	-8.89556	P	PPL	IE
2962264	Newmarket	52.47333	-7.25917	P	PPL	IE
2962265	Newmarket	52.21667	-9	P	PPL	IE
2962266	New Inn	53.90194	-7.17694	P	PPL	IE
2962267	New Inn	53.30028	-8.48389	P	PPL	IE
2962268	Newinn	52.44	-7.8825	P	PPL	IE
2962276	Newcestown	51.78222	-8.87361	P	PPL	IE
2962280	Newcastle	53.34083	-8.67833	P	PPL	IE
2962281	Newcastle	53.30111	-6.50222	P	PPL	IE
2962282	Newcastle	53.06833	-6.06583	P	PPL	IE
2962283	Newcastle West	52.44917	-9.06111	P	PPL	IE
2962284	Newcastle	52.27278	-7.81111	P	PPL	IE
2962289	Newbridge	53.5	-8.43333	P	PPL	IE
2962290	Droichead Nua	53.18194	-6.79667	P	PPL	IE
2962291	Newbridge	52.55361	-8.99139	P	PPL	IE
2962293	Newbliss	54.15639	-7.135	P	PPL	IE
2962294	New Birmingham	52.61583	-7.64028	P	PPL	IE
2962297	Newberry	53.13361	-6.725	P	PPL	IE
2962298	Newbawn	52.34138	-6.79665	P	PPL	IE
2962300	Nethertown	52.18056	-6.35944	P	PPL	IE
2962301	Neifinn Bheag	54.0302	-9.63064	T	MTS	IE
2962302	Nephin	54.01331	-9.36838	T	MT	IE
2962304	Nenagh	52.86284	-8.19953	P	PPLA	IE
2962305	Nealstown	52.99028	-7.70278	P	PPL	IE
2962306	Neale	53.56667	-9.23333	P	PPL	IE
2962308	Navan	53.65278	-6.68139	P	PPLA2	IE
2962309	Lough Naulla	53.2725	-9.34222	H	LK	IE
2962310	Naul	53.58667	-6.28972	P	PPL	IE
2962311	Narraghmore	53.0475	-6.83444	P	PPL	IE
2962312	Naran	54.83861	-8.45389	P	PPL	IE
2962314	Lough Nanoge	53.86	-8.75444	H	LK	IE
2962316	Lough Naminna	52.78333	-9.2175	H	LK	IE
2962317	Lough Namanfin	54.70278	-8.31389	H	LK	IE
2962318	Lough Nalughraman	54.74556	-8.53167	H	LK	IE
2962319	Lough Nahillion	53.41667	-9.51667	H	LK	IE
2962320	Lough Nahanagan	53.02806	-6.39306	H	LK	IE
2962321	Nags Head	53.56056	-6.27167	P	PPL	IE
2962322	Nagles Mountains	52.11278	-8.47389	T	MTS	IE
2962323	Lough Nageltia	53.75	-9.35	H	LK	IE
2962324	Lough Nageage	54.61278	-7.73667	H	LK	IE
2962325	Lough Nagarrivhan	53.36778	-9.50639	H	LK	IE
2962326	Lough Nafooey	53.58333	-9.55	H	LK	IE
2962327	Nadreegeel Lough	53.88389	-7.17194	H	LK	IE
2962328	Lough Nadarragh	54.58389	-7.99889	H	LK	IE
2962329	Nad	52.06667	-8.83333	P	PPL	IE
2962330	Lough Nacung Upper	55.0325	-8.16917	H	LK	IE
2962331	Lough Nacung Lower	55.04583	-8.21139	H	LK	IE
2962332	Lough Nacorra	53.73333	-9.65	H	LK	IE
2962333	Lough Nablahy	53.85	-8.08333	H	LK	IE
2962334	Naas	53.21583	-6.66694	P	PPLA2	IE
2962335	Myshall	52.685	-6.77833	P	PPL	IE
2962336	Mylerstown	53.26667	-6.8	P	PPL	IE
2962337	Mweenish Island	53.30444	-9.84722	T	ISL	IE
2962339	Mweelrea	53.63333	-9.83333	T	MT	IE
2962340	Mweelaun Island	53.76111	-9.99833	T	ISL	IE
2962341	Mutton Island	53.2547	-9.05379	T	ISL	IE
2962342	Mutton Island	52.81028	-9.52333	T	ISL	IE
2962343	Musheramore	52.01667	-8.98333	T	MT	IE
2962344	Murroogh	53.13139	-9.27444	P	PPL	IE
2962345	Murrisk	53.779	-9.636	P	PPL	IE
2962346	Murragh	51.74306	-8.91417	P	PPL	IE
2962347	Murntown	52.28727	-6.52783	P	PPL	IE
2962348	Sheep's Head	51.54095	-9.85158	T	CAPE	IE
2962350	Munster	52.25	-8.58333	L	RGN	IE
2962353	Mungret	52.63583	-8.69667	P	PPL	IE
2962354	Multyfarnham	53.62561	-7.38925	P	PPL	IE
2962358	Mulmosog Mountain	54.72764	-8.40274	T	MT	IE
2962360	Mullycagh	53.04444	-6.61194	P	PPL	IE
2962361	An Muileann gCearr	53.52466	-7.3385	P	PPLA2	IE
2962362	Mullinavat	52.36722	-7.16472	P	PPL	IE
2962363	Mullinahone	52.51	-7.50417	P	PPL	IE
2962365	Mullawornia	53.58333	-7.8	P	PPL	IE
2962366	Mullanalaghta	53.83333	-7.51667	P	PPL	IE
2962367	Mullaghoran	53.85	-7.45	P	PPL	IE
2962368	Mullaghmore	54.46639	-8.44861	P	PPL	IE
2962369	Mullaghgarve	54.08056	-7.93611	P	PPL	IE
2962370	Mullaghderg Lough	55.025	-8.37056	H	LK	IE
2962371	Mullaghcleevaun	53.10359	-6.4067	T	MT	IE
2962372	Mullaghareirk Mountains	52.33333	-9.13333	T	MTS	IE
2962373	Mullaghareirk	52.32529	-9.08608	T	MT	IE
2962375	Mullaghanattin	51.93379	-9.83458	T	MT	IE
2962376	Mullagh	53.81306	-6.95139	P	PPL	IE
2962377	Mullagh	53.75	-9.73333	P	PPL	IE
2962378	Mullagh	53.45667	-6.63167	P	PPL	IE
2962379	Mullagh	52.80083	-9.41194	P	PPL	IE
2962381	Mullacrew	53.93611	-6.54028	P	PPL	IE
2962382	Mullabryan	54.36667	-6.96667	P	PPL	IE
2962385	Muingwee	52.35	-9.41667	P	PPL	IE
2962386	Muingvautia	52.3	-9.45	P	PPL	IE
2962389	Muff	55.06667	-7.26667	P	PPL	IE
2962390	Mucksna Mountain	51.85	-9.58333	T	MT	IE
2962391	Muckross Lake	52.0113	-9.56493	H	LK	IE
2962393	Muckros Head	54.60861	-8.59167	T	CAPE	IE
2962394	Muckno Lake	54.11056	-6.69167	H	LK	IE
2962396	An Mhucais	55.10528	-7.99417	T	MT	IE
2962398	Muckanaght	53.52169	-9.85979	T	MT	IE
2962399	Muckanagh Lough	52.98333	-8.93472	H	LK	IE
2962400	Lough Muck	54.92278	-8.06611	H	LK	IE
2962401	Lough Muck	54.85333	-8.12389	H	LK	IE
2962402	Lough Muck	53.59828	-9.85327	H	LK	IE
2962403	Muccurragh	51.71667	-9.56667	P	PPL	IE
2962404	Moyvoughly	53.43333	-7.7	P	PPL	IE
2962405	Moyvore	53.53333	-7.61667	P	PPL	IE
2962407	Moyvally	53.42861	-6.91889	P	PPL	IE
2962408	Moyteoge Head	53.96	-10.19111	T	CAPE	IE
2962414	Moyra	55.13333	-8.06667	P	PPL	IE
2962417	Moyny	54.3	-9.31667	P	PPL	IE
2962418	Moyny	51.6825	-9.2975	P	PPL	IE
2962422	Moyne Cross Roads	53.91667	-7.63333	P	PPL	IE
2962424	Moyne	53.9	-7.63333	P	PPL	IE
2962425	Moyne	53.84529	-8.5385	P	PPL	IE
2962426	Moyne	52.73222	-7.71278	P	PPL	IE
2962427	Moynalty	53.78861	-6.88278	P	PPL	IE
2962428	Moylough	53.48333	-8.56667	P	PPL	IE
2962431	Moylaw	54.09389	-9.37778	P	PPL	IE
2962434	Moyhora	52.84861	-7.23444	P	PPL	IE
2962439	Moydow	53.66667	-7.76667	P	PPL	IE
2962440	Moycullen	53.33783	-9.18002	P	PPL	IE
2962441	Moy Bridge	54.40056	-6.97556	P	PPL	IE
2962443	Moyasta	52.67139	-9.53833	P	PPL	IE
2962444	Moyascragh	53.38333	-9.2	P	PPL	IE
2962445	Moyard	53.54417	-10.00306	P	PPL	IE
2962447	Moyagher	53.66082	-6.86407	P	PPL	IE
2962449	Moy	53.12056	-8.96056	P	PPL	IE
2962450	Moville	55.19153	-7.03873	P	PPL	IE
2962453	Lough Mourne	54.75417	-7.89583	H	LK	IE
2962454	Mount Uniacke	51.97917	-8.00361	P	PPL	IE
2962457	Mount Talbot	53.53333	-8.28333	P	PPL	IE
2962459	Mountshannon	52.93056	-8.42583	P	PPL	IE
2962465	Mountrath	52.99889	-7.47278	P	PPL	IE
2962467	Mount Pleasant	52.79778	-7.58306	P	PPL	IE
2962472	Mount Nugent	53.81667	-7.25	P	PPL	IE
2962473	Mountneill Wood	52.3375	-7.75694	V	FRST	IE
2962474	Mount Neill	52.9	-6.66667	P	PPL	IE
2962476	Mountmellick	53.11361	-7.32	P	PPL	IE
2962484	Mount Keeffe	52.23333	-8.98333	P	PPL	IE
2962491	Mount George	52.57611	-6.42333	P	PPL	IE
2962499	Mount Druid	52.22889	-7.04028	P	PPL	IE
2962501	Mount Dalton Lough	53.51667	-7.51667	H	LK	IE
2962504	Mountcollins	52.31667	-9.23333	P	PPL	IE
2962505	Mountcharles	54.64639	-8.19556	P	PPL	IE
2962507	Mountbolus	53.18778	-7.625	P	PPL	IE
2962508	Mount Bolton	52.31944	-7.32417	P	PPL	IE
2962509	Mount Bellew Bridge	53.46763	-8.49689	P	PPL	IE
2962514	Mountain Lodge	53.98	-7.10861	P	PPL	IE
2962517	Mothel	52.29944	-7.42028	P	PPL	IE
2962522	Moroe	52.65111	-8.39611	P	PPL	IE
2962523	Mornington	53.72333	-6.2825	P	PPL	IE
2962528	Lough More	54.18972	-9.51889	H	LK	IE
2962530	Mooretown	53.93333	-6.38333	P	PPL	IE
2962536	Moore	53.33194	-8.06611	P	PPL	IE
2962537	Moor	53.78333	-8.48333	P	PPL	IE
2962539	Moone	52.97556	-6.815	P	PPL	IE
2962540	Mooncoin	52.28944	-7.24833	P	PPL	IE
2962541	Monroe	52.41667	-7.23333	P	PPL	IE
2962543	Monkstown	53.29308	-6.15312	P	PPL	IE
2962544	Monkstown	51.85056	-8.34139	P	PPL	IE
2962547	Monivea	53.36778	-8.69778	P	PPL	IE
2962549	Moneygall	52.88028	-7.95861	P	PPL	IE
2962550	Moneyduff	51.95694	-10.21083	P	PPL	IE
2962551	Moneycashen	52.4825	-9.68056	P	PPL	IE
2962553	Moneen	53.66667	-8.05	P	PPL	IE
2962554	Monavarnoge	51.99778	-8.02194	P	PPL	IE
2962555	Monasteroris	53.34944	-7.08028	P	PPL	IE
2962556	Monasterevin	53.14056	-7.06639	P	PPL	IE
2962558	Monasteraden	54.95	-8.5	P	PPL	IE
2962559	Monaster	52.52083	-8.67194	P	PPL	IE
2962560	Monaseed	52.72284	-6.38834	P	PPL	IE
2962562	Monart	52.5	-6.6	P	PPL	IE
2962564	Monanveel	52.06667	-8.83333	P	PPL	IE
2962565	Monamolin	52.55556	-6.34389	P	PPL	IE
2962567	County Monaghan	54.25	-7	A	ADM2	IE
2962568	Monaghan	54.24589	-6.97098	P	PPLA	IE
2962569	Molahiffe	52.18333	-9.58333	P	PPL	IE
2962570	Mohill	53.91667	-7.86667	P	PPL	IE
2962571	Moher Lough	53.73333	-9.55	H	LK	IE
2962573	Mogeely	51.93083	-8.05944	P	PPL	IE
2962574	Modreeny	52.95472	-8.05806	P	PPL	IE
2962575	Modelligo	52.14639	-7.74972	P	PPL	IE
2962578	Mocklershill	52.51139	-7.81083	P	PPL	IE
2962580	Moate	53.55	-7.71667	P	PPL	IE
2962581	Moanmore Lough	52.69209	-9.51136	H	LK	IE
2962583	Mizen Head	52.85835	-6.05692	T	CAPE	IE
2962584	Mizen Head	51.44895	-9.82165	T	CAPE	IE
2962585	Mitchelstown	53.61139	-6.88944	P	PPL	IE
2962587	Mitchelstown	52.26583	-8.26806	P	PPL	IE
2962588	Mitchells Town	55.09194	-7.23861	P	PPL	IE
2962589	Mintiaghs Lough	55.20833	-7.39944	H	LK	IE
2962591	Mine Head	51.99149	-7.58607	T	CAPE	IE
2962592	Minard Head	52.11417	-10.14611	T	CAPE	IE
2962594	Minane Bridge	51.76444	-8.37417	P	PPL	IE
2962596	Milltownpass	53.43417	-7.24194	P	PPL	IE
2962597	Miltown Malbay	52.85528	-9.39833	P	PPL	IE
2962601	Milltown	54.65306	-8.25861	P	PPL	IE
2962602	Milltown	54.25	-6.98333	P	PPL	IE
2962603	Mill Town	54.13667	-6.69139	P	PPL	IE
2962604	Milltown	54.065	-7.4775	P	PPL	IE
2962605	Milltown	53.98194	-6.91306	P	PPL	IE
2962606	Milltown	53.61667	-8.9	P	PPL	IE
2962608	Milltown	52.83611	-6.63333	P	PPL	IE
2962609	Milltown	52.58667	-6.47389	P	PPL	IE
2962610	Milltown	52.14194	-10.28972	P	PPL	IE
2962611	Baile an Mhuilinn	52.15	-9.71667	P	PPL	IE
2962612	Millstreet	52.20222	-8.17167	P	PPL	IE
2962613	Millstreet	52.05935	-9.06031	P	PPL	IE
2962614	Millroad	52.18472	-6.55917	P	PPL	IE
2962617	Millford	55.08806	-7.69889	P	PPL	IE
2962622	Millbrook	53.74937	-7.16559	P	PPL	IE
2962627	Milford	52.34112	-8.86093	P	PPL	IE
2962628	Milestone	52.67528	-8.08694	P	PPL	IE
2962629	Milemill	53.1175	-6.7325	P	PPL	IE
2962630	Midleton	51.91526	-8.18052	P	PPL	IE
2962631	Midfield	53.89736	-8.93017	P	PPL	IE
2962640	Menlough	53.3025	-9.06917	P	PPL	IE
2962642	Lough Melvin	54.43333	-8.16667	H	LK	IE
2962643	Melmore Head	55.25417	-7.78667	T	CAPE	IE
2962645	Melkagh	53.83333	-7.75	P	PPL	IE
2962649	Meenlaragh	55.14472	-8.18667	P	PPL	IE
2962653	Meenasrona	54.72972	-7.78833	P	PPL	IE
2962654	Meenadeeny	54.81833	-8.25417	P	PPL	IE
2962655	Meelin	52.26667	-9.03333	P	PPL	IE
2962657	Meelick	53.7	-8.95	P	PPL	IE
2962658	Meelick	53.17306	-8.0875	P	PPL	IE
2962659	Lough Meelagh	54.05833	-8.16917	H	LK	IE
2962660	Lough Meela	54.96972	-8.40389	H	LK	IE
2962661	Meath	53.66667	-6.66667	A	ADM2	IE
2962663	Meanus	52.51111	-8.60972	P	PPL	IE
2962666	Mayo County	53.9	-9.25	A	ADM2	IE
2962667	Mayo	53.75977	-9.11719	P	PPL	IE
2962668	Maynooth	53.385	-6.59361	P	PPL	IE
2962670	Mayglass	52.24194	-6.50611	P	PPL	IE
2962672	Mauricemills	52.89722	-9.14444	P	PPL	IE
2962673	Maum West	53.51667	-9.56667	P	PPL	IE
2962674	Maumturk Mountains	53.51667	-9.7	T	MTS	IE
2962675	Maumtrasna	53.61321	-9.56978	T	MT	IE
2962676	Maum East	53.51667	-9.56667	P	PPL	IE
2962677	Maumakeogh	54.27097	-9.47889	T	MT	IE
2962678	Maum	53.51667	-9.56667	P	PPL	IE
2962679	Maulyneill	51.91667	-9.71667	P	PPL	IE
2962680	Mauherslieve	52.70845	-8.18863	T	MT	IE
2962681	Maugha	51.7975	-9.37639	P	PPL	IE
2962683	Mattle Island	52.78618	-9.52319	T	ISL	IE
2962684	Mastergeehy	51.88583	-10.09611	P	PPL	IE
2962685	Massytown	51.9	-8.96667	P	PPL	IE
2962687	Mason Island	53.30028	-9.88583	T	ISL	IE
2962689	Lough Mask	53.61667	-9.35	H	LK	IE
2962690	Mary Ville	52.83417	-8.43833	P	PPL	IE
2962691	Maryland	53.9	-9.63333	P	PPL	IE
2962692	Mary Fort	52.87944	-8.71722	P	PPL	IE
2962697	The Marina	51.9	-8.43333	L	PRK	IE
2962698	Marble Hill	55.17417	-7.90278	P	PPL	IE
2962701	Manulla	53.83333	-9.18333	P	PPL	IE
2962704	Mansfieldstown	53.905	-6.49583	P	PPL	IE
2962705	Manseltown	52.7025	-7.71556	P	PPL	IE
2962706	Manorhamilton	54.30639	-8.17611	P	PPL	IE
2962707	Manorcunningham	54.95	-7.61667	P	PPL	IE
2962708	Mannin Lake	53.8	-8.81667	H	LK	IE
2962710	Manning	52.18472	-8.33417	P	PPL	IE
2962712	Mangerton Mountain	51.96667	-9.5	T	MT	IE
2962714	Mallow	52.13333	-8.63333	P	PPL	IE
2962715	Mallaranny	53.90389	-9.78972	P	PPL	IE
2962716	Malin More Head	54.7	-8.8	T	CAPE	IE
2962717	Malin More	54.695	-8.77361	P	PPL	IE
2962718	Malin Head	55.38404	-7.37174	T	HDLD	IE
2962720	Malin Beg	54.66861	-8.78472	P	PPL	IE
2962722	Malin	55.2961	-7.26352	P	PPL	IE
2962725	Malahide	53.45083	-6.15444	P	PPL	IE
2962727	Slieve Main	55.18591	-7.35158	T	MT	IE
2962729	Mahoonagh	52.42972	-9.01167	P	PPL	IE
2962731	Mahonburgh Bridge	52.81639	-9.05	P	PPL	IE
2962734	Lough Magrath More	54.76667	-8.18333	H	LK	IE
2962735	Magrath Loughs	54.775	-8.17917	H	LKS	IE
2962736	Lough Magrath Beg	54.78333	-8.16667	H	LK	IE
2962739	Maghery	54.92944	-8.44194	P	PPL	IE
2962740	Maghera	54.7625	-8.52528	P	PPL	IE
2962742	Maganey	52.90667	-6.93083	P	PPL	IE
2962744	Maddockstown	52.63194	-7.19194	P	PPL	IE
2962745	Macroom	51.90663	-8.96968	P	PPL	IE
2962746	Macreddin	52.88439	-6.33088	P	PPL	IE
2962750	Macklaun	51.98948	-9.95159	T	MT	IE
2962751	Mackans	53.45	-7.63333	P	PPL	IE
2962753	Lough Machugh	54.79139	-8.37	H	LK	IE
2962754	Macgillycuddys Reeks	52	-9.7	T	MTS	IE
2962755	Mace Head	53.32472	-9.90333	T	CAPE	IE
2962756	Maas Upper	54.83333	-8.35	P	PPL	IE
2962757	Maas Lower	54.83333	-8.36667	P	PPL	IE
2962758	Maas	54.83194	-8.36111	P	PPL	IE
2962759	Maam Cross	53.45599	-9.54068	P	PPL	IE
2962760	Lyre	52.26667	-9.36667	P	PPL	IE
2962761	Lyre	52.05028	-8.02278	P	PPL	IE
2962762	Lyre	51.67528	-8.94139	P	PPL	IE
2962763	Lyrattin	52.18333	-7.75	P	PPL	IE
2962765	Lyracrumpane	52.35	-9.5	P	PPL	IE
2962767	Lynnbury	53.48333	-7.35	P	PPL	IE
2962769	Lusk	53.52743	-6.16423	P	PPL	IE
2962772	Lurgangreen	53.94333	-6.38389	P	PPL	IE
2962773	Lurganboy	54.31472	-8.19639	P	PPL	IE
2962776	Lukeswell	52.39917	-7.17833	P	PPL	IE
2962777	Lugnaquilla	52.96715	-6.4646	T	MT	IE
2962778	Lugnadeffa	54.20222	-8.58556	P	PPL	IE
2962779	Log na Brice (mullach thoir thuaidh)	53.5367	-9.5648	T	MT	IE
2962780	Lughinny	52.70194	-7.48806	P	PPL	IE
2962781	Lugglass Upper	53.06667	-6.53306	P	PPL	IE
2962782	Lugglass Lower	53.06583	-6.55528	P	PPL	IE
2962783	Luggacurren	52.94667	-7.12972	P	PPL	IE
2962785	Lucan	53.35736	-6.44859	P	PPL	IE
2962789	Low Island	51.52056	-9.13	T	ISL	IE
2962791	Lowertown	51.52444	-9.60222	P	PPL	IE
2962793	Louth	53.83333	-6.5	A	ADM2	IE
2962794	Louth	53.94861	-6.54139	P	PPL	IE
2962795	Louisburgh	53.76268	-9.8093	P	PPL	IE
2962796	Loughsalt Mountain	55.08547	-7.79221	T	MT	IE
2962800	Loughrea	53.19694	-8.56694	P	PPL	IE
2962801	Loughmoe	52.75556	-7.82667	P	PPL	IE
2962804	Loughlinstown	53.24389	-6.13306	P	PPL	IE
2962806	Loughglinn	53.82254	-8.56193	P	PPL	IE
2962810	Lougherglass	54.275	-9.61639	H	LK	IE
2962811	Lougher	53.67167	-6.48167	P	PPL	IE
2962814	Loughane	51.87028	-8.04917	P	PPL	IE
2962815	Loughanavally	53.48333	-7.53333	P	PPL	IE
2962817	Losset	52.63889	-8.13778	P	PPL	IE
2962818	Loskeran	52.01556	-7.62111	P	PPL	IE
2962819	Lorrha	53.09056	-8.12111	P	PPL	IE
2962821	Looscaun	53.03333	-8.33333	P	PPL	IE
2962823	Loop Head	52.55965	-9.93854	T	CAPE	IE
2962827	Longwood	53.45389	-6.92194	P	PPL	IE
2962828	Longueville	52.13333	-8.73333	P	PPL	IE
2962835	Long Island	53.3725	-7.9125	T	ISL	IE
2962836	Long Island	51.49322	-9.56709	T	ISL	IE
2962839	An Longfort	53.66667	-7.75	A	ADM2	IE
2962840	Longford	53.72536	-7.79823	P	PPLA2	IE
2962841	Longford	53.06139	-7.74444	P	PPL	IE
2962845	Lombardstown	52.11667	-8.78333	P	PPL	IE
2962847	Loghill	52.59444	-9.19472	P	PPL	IE
2962849	Lobinstown	53.78667	-6.64806	P	PPL	IE
2962851	Lixnaw	52.40556	-9.61694	P	PPL	IE
2962852	Littleton	52.63944	-7.73806	P	PPL	IE
2962853	Little Sugar Loaf	53.16545	-6.11675	T	MT	IE
2962857	Little Island	52.24722	-7.04861	T	ISL	IE
2962858	Little Island	51.89639	-8.37889	T	ISL	IE
2962859	The Little Furze	53.65049	-6.66267	P	PPL	IE
2962862	Listry Bridge	52.11667	-9.66667	P	PPL	IE
2962863	Listrolin	52.36333	-7.22028	P	PPL	IE
2962864	Listowel	52.44639	-9.485	P	PPL	IE
2962865	Listerlin	52.41528	-7.0525	P	PPL	IE
2962866	Listellick	52.3	-9.7	P	PPL	IE
2962867	Listellan	54.2	-7.11667	P	PPL	IE
2962868	Auburn	53.5	-7.81667	P	PPL	IE
2962869	Lissoughter	53.48356	-9.71853	T	MT	IE
2962872	Lisselton	52.49583	-9.57583	P	PPL	IE
2962873	Lissataggle	52.2	-9.58333	P	PPL	IE
2962875	Lissaphooca Cross Roads	51.7175	-8.7425	P	PPL	IE
2962876	Lissaniska	54.02389	-9.15361	P	PPL	IE
2962880	Lisryan	53.73333	-7.5	P	PPL	IE
2962881	Lisronagh	52.41806	-7.70389	P	PPL	IE
2962882	Lisroe	52.79583	-9.18861	P	PPL	IE
2962884	Lispole	52.1425	-10.16028	P	PPL	IE
2962885	Lispatrick	51.63472	-8.56389	P	PPL	IE
2962888	Lisnalanniv Hill	52.31167	-8.31028	T	MT	IE
2962889	Lisnakealwee	52.27167	-10.1725	P	PPL	IE
2962892	Lisnageer	54.07167	-7.16306	P	PPL	IE
2962895	Lismoyny	53.34889	-7.55389	P	PPL	IE
2962898	Lismore	52.13667	-7.93083	P	PPL	IE
2962902	Lislevane	51.60833	-8.77944	P	PPL	IE
2962903	Lislary	54.38333	-8.61667	P	PPL	IE
2962906	Lisheenavalla	53.33028	-8.88528	P	PPL	IE
2962907	Lisheen	53.41667	-8.48333	P	PPL	IE
2962908	Lisheen	52.13333	-9.25	P	PPL	IE
2962909	Lisheen	51.52222	-9.39417	P	PPL	IE
2962910	Lisgrea	53.85	-7.08333	P	PPL	IE
2962911	Lisgoold	51.97333	-8.21917	P	PPL	IE
2962916	Lisduff	53.79722	-7.02944	P	PPL	IE
2962917	Lisduff	53.65	-8.75	P	PPL	IE
2962918	Lisdowney	52.78944	-7.38861	P	PPL	IE
2962919	Lisdoonvarna	53.03278	-9.28833	P	PPL	IE
2962921	Lisdeen	52.67627	-9.59972	P	PPL	IE
2962922	Lisdargan	52.16028	-10.19333	P	PPL	IE
2962924	Lisconly	53.58333	-8.85	P	PPL	IE
2962925	Liscasey	52.75111	-9.19306	P	PPL	IE
2962927	Liscarroll	52.25924	-8.80396	P	PPL	IE
2962928	Liscarney	53.73333	-9.55	P	PPL	IE
2962930	Liscannor	52.94167	-9.38583	P	PPL	IE
2962931	Liscananaun	53.36806	-8.96056	P	PPL	IE
2962932	Lisboduff	54.07167	-7.22194	P	PPL	IE
2962933	Lisbealadea	51.7	-9.06667	P	PPL	IE
2962934	Lisacul	53.85858	-8.63037	P	PPL	IE
2962935	Linsfort	55.17194	-7.49722	P	PPL	IE
2962938	Limerick Junction	52.49944	-8.2	P	PPL	IE
2962943	Limerick	52.66472	-8.62306	P	PPLA2	IE
2962945	Leifear	54.83194	-7.48361	P	PPLA2	IE
2962949	Lickowen	51.50083	-9.22972	P	PPL	IE
2962950	Licketstown	52.24944	-7.21389	P	PPL	IE
2962951	Lickeen Lough	52.96667	-9.23	H	LK	IE
2962955	Levally Lough	53.98083	-9.30389	H	LK	IE
2962956	Levally Lough	53.53333	-8.71667	H	LK	IE
2962958	Leugh	52.61667	-8.18333	P	PPL	IE
2962960	Lettermore Island	53.30139	-9.67	T	ISL	IE
2962961	Letterkenny	54.95	-7.73333	P	PPL	IE
2962962	Letterfrack	53.55	-9.95	P	PPL	IE
2962963	Letterfinish	51.86667	-9.81667	P	PPL	IE
2962964	Letterdunane	51.82833	-9.57	P	PPL	IE
2962965	Lettercraffroe Lough	53.38167	-9.41417	H	LK	IE
2962966	Binn Bhriocain	53.53356	-9.72758	T	MT	IE
2962967	Lettera	53.6	-8.6	P	PPL	IE
2962969	Lerrig	52.35	-9.75	P	PPL	IE
2962970	Lenstown	54.28972	-9.01889	P	PPL	IE
2962971	Lough Lene	53.66028	-7.22833	H	LK	IE
2962974	Leixlip	53.36583	-6.49556	P	PPL	IE
2962975	County Leitrim	54.11667	-8	A	ADM2	IE
2962976	Leitrim	53.99083	-8.06361	P	PPL	IE
2962977	Leitrim	53.15722	-8.45417	P	PPL	IE
2962978	Mount Leinster	52.61833	-6.78	T	MT	IE
2962979	Leinster	53.08333	-7	L	RGN	IE
2962980	Leighlinbridge	52.73639	-6.9725	P	PPL	IE
2962981	Lehinch	52.93268	-9.33666	P	PPL	IE
2962982	Leggah	53.9	-7.66667	P	PPL	IE
2962983	Legan	53.62259	-7.63158	P	PPL	IE
2962984	Leenaun	53.59579	-9.69458	P	PPL	IE
2962991	Leckemy	55.23333	-7.08333	P	PPL	IE
2962992	Lecarrow	54.14472	-8.09917	P	PPL	IE
2962993	Lecarrow	53.55	-8.05	P	PPL	IE
2962994	Leatbeg	55.18333	-7.75	P	PPL	IE
2962996	The Leap	52.40861	-6.70083	P	PPL	IE
2962997	Leap	51.5823	-9.13862	P	PPL	IE
2962998	Leansaghane	52.54628	-9.64323	P	PPL	IE
2963000	Lough Leane	52.03333	-9.55	H	LK	IE
2963001	Leanamore	52.53083	-9.43444	P	PPL	IE
2963004	Slieve League	54.65083	-8.69389	T	MT	IE
2963007	Laytown	53.68194	-6.23917	P	PPL	IE
2963010	Lavey	53.96972	-7.2425	P	PPL	IE
2963012	Laurencetown	53.23028	-8.18	P	PPL	IE
2963013	Lauragh	51.75	-9.76667	P	PPL	IE
2963016	Latton	54.06972	-6.94806	P	PPL	IE
2963017	Lattin	52.46694	-8.27528	P	PPL	IE
2963019	Larkfield	54.26139	-8.15694	P	PPL	IE
2963021	Largydonnell	54.41111	-8.31944	P	PPL	IE
2963022	Largy	54.62944	-8.51278	P	PPL	IE
2963023	Largan	53.91667	-7.33333	P	PPL	IE
2963024	Larch Hill	53.2	-6.58333	P	PPL	IE
2963025	Strandhill	54.27194	-8.59333	P	PPL	IE
2963027	Larah	53.99333	-7.21583	P	PPL	IE
2963028	Laragh	53.00844	-6.29903	P	PPL	IE
2963029	Laracor	53.52285	-6.78418	P	PPL	IE
2963030	Laputa	54.48333	-8.13333	P	PPL	IE
2963031	Laois	53	-7.4	A	ADM2	IE
2963032	Lannagh Lough	53.83893	-9.3466	H	LK	IE
2963036	Lanesborough	53.66667	-7.98333	P	PPL	IE
2963037	Lambs Head	51.74528	-10.13278	T	CAPE	IE
2963039	Lambay Island	53.49361	-6.02167	T	ISL	IE
2963047	Lahard	53.98333	-7.5	P	PPL	IE
2963049	Laghy	54.61657	-8.08632	P	PPL	IE
2963050	Laghtgeorge	53.355	-8.92722	P	PPL	IE
2963051	Laghtdauhybaun	54.06667	-9.65	T	MT	IE
2963052	Lough Lagha	55.09778	-8.18778	H	LK	IE
2963053	Laffansbridge	52.57528	-7.72028	P	PPL	IE
2963054	Lady’s Island Lake	52.19111	-6.38806	H	LK	IE
2963055	Lady’s Island	52.21083	-6.37056	T	ISL	IE
2963056	Ladysbridge	51.89528	-8.04583	P	PPL	IE
2963060	Lackan	53.14028	-6.49833	P	PPL	IE
2963062	Lackagh	53.36697	-8.88047	P	PPL	IE
2963064	Labbadish	54.93333	-7.61667	P	PPL	IE
2963065	Labasheeda	52.62333	-9.24694	P	PPL	IE
2963066	Laban	53.13917	-8.80611	P	PPL	IE
2963067	Kylesa	53.35306	-9.70778	P	PPL	IE
2963069	Kylemore Lough	53.56056	-9.8525	H	LK	IE
2963071	Kylemore	53.09972	-8.38194	P	PPL	IE
2963073	Kylebrack	53.13944	-8.46639	P	PPL	IE
2963075	Knuttery	52.08	-8.54111	P	PPL	IE
2963076	Knockyhena	52.13333	-9.21667	P	PPL	IE
2963077	Knockwilliam	52.45778	-7.18861	P	PPL	IE
2963078	Knockvicar	54.00283	-8.19082	P	PPL	IE
2963079	Knocktopher	52.48647	-7.21756	P	PPL	IE
2963080	Knockroe	51.93944	-10.03556	P	PPL	IE
2963081	Knockroe	52.59231	-6.79154	T	MT	IE
2963082	Knockrawer	54.83056	-8.19278	T	MT	IE
2963084	Knockraha	51.95639	-8.34056	P	PPL	IE
2963085	Knockowen	51.73874	-9.72541	T	MT	IE
2963086	Knocknaskagh	52.10716	-8.43365	T	MT	IE
2963087	Knocknarea	54.25851	-8.57481	T	MT	IE
2963088	Knocknahilan	51.84389	-8.74111	P	PPL	IE
2963089	Knocknagree	52.12481	-9.20885	P	PPL	IE
2963090	Knocknagashel	52.33333	-9.38333	P	PPL	IE
2963092	Knocknadobar	51.9931	-10.1751	T	MT	IE
2963093	Knockmoylan	52.4	-7.2	P	PPL	IE
2963094	Knockmore	54.02142	-9.17673	P	PPL	IE
2963095	Cnoc Mhaoldomhnaigh	52.22778	-7.91528	T	MTS	IE
2963096	Knockmahon	52.14111	-7.35639	P	PPL	IE
2963097	Knocklong	52.43583	-8.40639	P	PPL	IE
2963099	Knockhill and Drinagh	53.15417	-7.68167	P	PPL	IE
2963101	Knockferry	53.41667	-9.15	P	PPL	IE
2963103	Knockcroghery	53.57394	-8.08894	P	PPL	IE
2963105	Knockbridge	53.9732	-6.48597	P	PPL	IE
2963106	Knockbrack	54.91333	-7.68306	P	PPL	IE
2963107	Knockbrack	51.94446	-9.52247	T	MT	IE
2963109	Knockboy	51.81417	-9.44417	T	MT	IE
2963112	Knockavrogeen	52.1625	-10.31972	P	PPL	IE
2963113	Knockaunnaglashy	52.10833	-9.89417	P	PPL	IE
2963114	Knockatooan	52.28333	-9.21667	P	PPL	IE
2963115	Knockatanvally	52.46444	-9.25417	P	PPL	IE
2963117	Knockarradaun West	52.91667	-9.1	P	PPL	IE
2963118	Knockarradaun East	52.91667	-9.11667	P	PPL	IE
2963119	Knockanure	52.46111	-9.37056	P	PPL	IE
2963121	Knockanore	52.05194	-7.88528	P	PPL	IE
2963123	Knockanare	51.96667	-8.73333	P	PPL	IE
2963124	Knockananna	52.87312	-6.49672	P	PPL	IE
2963125	Knockanaffrin	52.28902	-7.58223	T	MT	IE
2963126	Knockanade	52.33333	-9.18333	T	MT	IE
2963127	Knockalough	52.71028	-9.26056	P	PPL	IE
2963128	Knocka Lough	52.7125	-9.2725	H	LK	IE
2963129	Knockalongy	54.19428	-8.76042	T	MT	IE
2963130	Knockalla Mountain	55.16444	-7.61472	T	MT	IE
2963131	Knockainy	52.475	-8.46472	P	PPL	IE
2963132	Knockadoon Head	51.88	-7.86861	T	CAPE	IE
2963135	Knockaderry	52.46556	-8.96528	P	PPL	IE
2963136	Knockaderry	52.45	-8.96667	P	PPL	IE
2963138	Knockacappul	52.06667	-9.28333	P	PPL	IE
2963139	Knock	53.79059	-8.92111	P	PPL	IE
2963140	Knock	52.92028	-7.68444	P	PPL	IE
2963141	Knock	52.62806	-9.33333	P	PPL	IE
2963142	Knightstown	51.92694	-10.28722	P	PPL	IE
2963143	Knappagh	53.75	-9.55	P	PPL	IE
2963144	Kishkeam	52.16667	-9.16667	P	PPL	IE
2963147	Kirikee	52.94804	-6.3321	P	PPL	IE
2963149	Kippure	53.1782	-6.33209	T	MT	IE
2963151	Kinvarra	53.13944	-8.93361	P	PPL	IE
2963152	Kinsaley	53.42472	-6.17583	P	PPL	IE
2963155	Kinsale	51.7075	-8.53056	P	PPL	IE
2963156	Kinnitty	53.09556	-7.72139	P	PPL	IE
2963157	Kinneigh	51.76667	-8.96667	P	PPL	IE
2963158	Kinnegad	53.45222	-7.09972	P	PPL	IE
2963162	Kinlough	54.45	-8.28333	P	PPL	IE
2963166	Kings Mountain	54.3475	-8.45417	T	MT	IE
2963167	Kingsland	53.91667	-8.36667	P	PPL	IE
2963169	Kingscourt	53.90806	-6.80556	P	PPL	IE
2963172	Kindrum	55.22389	-7.69972	P	PPL	IE
2963173	Kincon	54.20694	-9.31806	P	PPL	IE
2963174	Kincasslagh	55.02527	-8.39098	P	PPL	IE
2963176	Kinard	53.85	-8.18333	P	PPL	IE
2963177	Kinard	52.55278	-9.28139	P	PPL	IE
2963178	Kinard	52.13333	-10.2	P	PPL	IE
2963179	Lough Kinale	53.76667	-7.4	H	LK	IE
2963180	Kinaff Bridge	53.88856	-8.97927	P	PPL	IE
2963182	Kilworth Mountains	52.23694	-8.22694	T	MTS	IE
2963183	Kilworth Camp	52.21389	-8.27222	P	PPL	IE
2963184	Kilworth	52.17639	-8.24417	P	PPL	IE
2963185	Kilvine	53.66667	-8.83333	P	PPL	IE
2963186	Kiltyclogher	54.355	-8.03299	P	PPL	IE
2963187	Kiltumper	52.73333	-9.3	P	PPL	IE
2963188	Kiltullagh	53.30889	-8.95556	P	PPL	IE
2963189	Kiltullagh	53.27167	-8.63417	P	PPL	IE
2963191	Kiltrellig	52.57643	-9.84765	P	PPL	IE
2963192	Kiltormer	53.23556	-8.26833	P	PPL	IE
2963193	Kiltooris Lough	54.82	-8.50083	H	LK	IE
2963194	Kiltoom	53.66667	-7.33333	P	PPL	IE
2963195	Kiltoom	53.46667	-8.01667	P	PPL	IE
2963196	Kiltoghert	53.98	-8.03611	P	PPL	IE
2963198	Kiltiernan	53.18611	-8.84333	P	PPL	IE
2963199	Kiltegan	52.90502	-6.60435	P	PPL	IE
2963200	Kilteevan	53.63333	-8.11667	P	PPL	IE
2963202	Kilteely	52.52194	-8.39917	P	PPL	IE
2963203	Kilteel	53.235	-6.52472	P	PPL	IE
2963204	Kilteean	52.46254	-9.60018	P	PPL	IE
2963205	Kiltealy	52.56611	-6.74556	P	PPL	IE
2963206	Kiltartan	53.09833	-8.81194	P	PPL	IE
2963208	Kiltamagh	53.85	-9	P	PPL	IE
2963209	Kiltale	53.52861	-6.65833	P	PPL	IE
2963210	Kilskeer	53.69222	-6.99361	P	PPL	IE
2963212	Kilsheelan	52.36028	-7.57667	P	PPL	IE
2963214	Kilshannig	52.31167	-10.01694	P	PPL	IE
2963215	Kilshanchoe	53.38556	-6.88972	P	PPL	IE
2963216	Kilseily	52.8	-8.65	P	PPL	IE
2963217	Kilsaran	53.89056	-6.38889	P	PPL	IE
2963218	Kilrush	52.64011	-9.48509	P	PPL	IE
2963220	Kilronan Mountain	54.07861	-8.14556	T	MT	IE
2963222	Kilronan	53.12222	-9.66945	P	PPL	IE
2963224	Kilreekill	53.22861	-8.44917	P	PPL	IE
2963226	Kilrane	52.24202	-6.35615	P	PPL	IE
2963227	Kilquiggin	52.78528	-6.58056	P	PPL	IE
2963230	Kilpeacon Cross Roads	52.58278	-8.6175	P	PPL	IE
2963231	Kilpatrick	51.78028	-8.72194	P	PPL	IE
2963233	Kilnarovanagh	52.11667	-9.63333	P	PPL	IE
2963234	Kilnalag	53.68333	-8.6	P	PPL	IE
2963235	Kilnaleck	53.86667	-7.31667	P	PPL	IE
2963237	Kilmurvy	53.13153	-9.75732	P	PPL	IE
2963238	Kilmurry McMahon	52.6525	-9.29361	P	PPL	IE
2963240	Kilmurry	52.80111	-9.45417	P	PPL	IE
2963241	Kilmurry	52.77611	-8.78278	P	PPL	IE
2963242	Kilmurry	52.125	-10.115	P	PPL	IE
2963243	Kilmurry	51.84667	-8.89111	P	PPL	IE
2963246	Kilmuckridge	52.512	-6.285	P	PPL	IE
2963248	Kilmovee	53.88333	-8.68333	P	PPL	IE
2963249	Kilmorony	52.94389	-6.98111	P	PPL	IE
2963251	Kilmorna	52.43111	-9.37583	P	PPL	IE
2963252	Kilmore Quay	52.17194	-6.58611	P	PPL	IE
2963257	Kilmore	53.53333	-8.35	P	PPL	IE
2963258	Kilmore	52.20341	-6.55052	P	PPL	IE
2963259	Kilmihil	52.72139	-9.31861	P	PPL	IE
2963261	Kilmessan	53.55882	-6.65895	P	PPL	IE
2963262	Kilmeena	53.84431	-9.56874	P	PPL	IE
2963264	Kilmeedy	52.415	-8.9175	P	PPL	IE
2963265	Kilmeage	53.25194	-6.84194	P	PPL	IE
2963266	Kilmeadan	52.24333	-7.24167	P	PPL	IE
2963269	Kilmastulla Bridge	52.77722	-8.40417	P	PPL	IE
2963270	Kilmartin	53.04639	-6.09972	P	PPL	IE
2963273	Kilmanagh	52.62194	-7.42444	P	PPL	IE
2963275	Kilmallock	52.4	-8.57722	P	PPL	IE
2963276	Kilmalkedar	52.18528	-10.33806	P	PPL	IE
2963277	Kilmaley	52.82778	-9.11806	P	PPL	IE
2963279	Kilmainham Wood	53.85	-6.80917	P	PPL	IE
2963280	Kilmainham	53.33648	-6.30737	P	PPL	IE
2963281	Kilmaine	53.58135	-9.12256	P	PPL	IE
2963282	Kilmaganny	52.46306	-7.32861	P	PPL	IE
2963283	Kilmacthomas	52.20545	-7.42573	P	PPL	IE
2963284	Kilmacrenan	55.03083	-7.77917	P	PPL	IE
2963285	Kilmacrea Pass	52.90057	-6.17632	T	PASS	IE
2963286	Kilmacow	52.31723	-7.1775	P	PPL	IE
2963287	Kilmacar	52.76667	-7.26667	P	PPL	IE
2963289	Killyon	53.10056	-7.80361	P	PPL	IE
2963292	Killygordon	54.8	-7.68333	P	PPL	IE
2963294	Killegar	54.01667	-7.61667	P	PPL	IE
2963295	Killybegs	54.63333	-8.45	P	PPL	IE
2963296	Killurney	52.4	-7.6	P	PPL	IE
2963297	Killurin	52.385	-6.575	P	PPL	IE
2963299	Killumney	51.87243	-8.64781	P	PPL	IE
2963301	Killucan	53.51439	-7.14194	P	PPL	IE
2963303	Killower	53.51667	-8.95	P	PPL	IE
2963306	Killoughrum Forest	52.52333	-6.67111	V	FRST	IE
2963309	Killoscully	52.76743	-8.31887	P	PPL	IE
2963310	Killoscobe	53.45	-8.56667	P	PPL	IE
2963311	Killorglin	52.1	-9.78333	P	PPL	IE
2963316	Killmacomma	52.31667	-7.71667	P	PPL	IE
2963317	Killiskey	53.03583	-6.1125	P	PPL	IE
2963318	Killinure Lough	53.45	-7.9	H	LK	IE
2963321	Killinny	53.09667	-8.9125	P	PPL	IE
2963322	Killinkere	53.88333	-7.05	P	PPL	IE
2963323	Killinick	52.25278	-6.45056	P	PPL	IE
2963324	Killiney	53.26326	-6.1169	P	PPL	IE
2963325	Killiney	52.24944	-10.04278	P	PPL	IE
2963328	Killinardrish	51.9	-8.85	P	PPL	IE
2963329	Killinaboy	52.97194	-9.08139	P	PPL	IE
2963331	Killimor	53.16333	-8.28472	P	PPL	IE
2963332	Killimer	52.61083	-9.39389	P	PPL	IE
2963335	Killeshin	52.84444	-7.00306	P	PPL	IE
2963336	Killeroran	53.51667	-8.31667	P	PPL	IE
2963337	Killenny	53.95	-6.63333	P	PPL	IE
2963338	Killenaule	52.56833	-7.67139	P	PPL	IE
2963339	Killenagh	52.59	-6.27639	P	PPL	IE
2963340	Killelton	52.23083	-9.87333	P	PPL	IE
2963341	Killeigh	53.21333	-7.44944	P	PPL	IE
2963342	Killeglan	53.41639	-8.18333	P	PPL	IE
2963343	Killeevan	54.17333	-7.15111	P	PPL	IE
2963344	Killeenleagh	51.63944	-9.31306	P	PPL	IE
2963348	Killeenaran	53.19694	-8.92694	P	PPL	IE
2963349	Killeen	52.98972	-8.78972	P	PPL	IE
2963350	Killeen	52.06667	-8.95	P	PPL	IE
2963351	Killeelaun	53.5	-8.88333	P	PPL	IE
2963352	Killeedy	52.38389	-9.07444	P	PPL	IE
2963353	Killedmond	52.61083	-6.84417	P	PPL	IE
2963355	Killeany	53.10791	-9.66741	P	PPL	IE
2963356	Killeagh	51.94222	-7.99778	P	PPL	IE
2963357	Killea	52.16417	-7.01444	P	PPL	IE
2963358	Killavullen	52.14583	-8.51389	P	PPL	IE
2963359	Killavally	53.88333	-7.4	P	PPL	IE
2963360	Killavally	53.75	-9.36667	P	PPL	IE
2963361	Killavackan	53.71667	-8.05	P	PPL	IE
2963362	Killasser	53.98361	-8.95944	P	PPL	IE
2963364	Killasona	53.73333	-7.48333	P	PPL	IE
2963366	Killashee	53.68043	-7.87921	P	PPL	IE
2963367	Killeshandra	54.01667	-7.53333	P	PPL	IE
2963370	Killarney	52.0598	-9.50858	P	PPL	IE
2963371	Killarga	54.23	-8.2075	P	PPL	IE
2963373	Killann	52.5225	-6.74083	P	PPL	IE
2963374	Killane	53.33556	-7.07194	P	PPL	IE
2963375	Killamery	52.47583	-7.44528	P	PPL	IE
2963376	Killaloe	52.80667	-8.44361	P	PPL	IE
2963378	Killala	54.21165	-9.2201	P	PPL	IE
2963381	Killahy	52.4	-7.21667	P	PPL	IE
2963382	Killagoola	53.32028	-9.17917	P	PPL	IE
2963385	Killadysert	52.67167	-9.10639	P	PPL	IE
2963386	Killadoon	53.70417	-9.89444	P	PPL	IE
2963387	Kill	54.03306	-7.11028	P	PPL	IE
2963388	Kill	52.17611	-7.335	P	PPL	IE
2963389	Kilkishen	52.80667	-8.74583	P	PPL	IE
2963390	Kilkinnikin	51.60722	-10.04361	P	PPL	IE
2963391	Kilkinlea	52.35	-9.33333	P	PPL	IE
2963394	Kilkieran	53.32583	-9.73528	P	PPL	IE
2963396	Kilkerin	52.6075	-9.31472	P	PPL	IE
2963397	Kilkenny	52.58333	-7.25	A	ADM2	IE
2963398	Kilkenny	52.65417	-7.25222	P	PPLA2	IE
2963399	Kilkelly	53.87096	-8.86002	P	PPL	IE
2963400	Kilkee	52.67976	-9.64344	P	PPL	IE
2963401	Kilkeasy	52.44278	-7.21222	P	PPL	IE
2963403	Kilgory Lough	52.85167	-8.6825	H	LK	IE
2963405	Kilgolagh	53.78333	-7.4	P	PPL	IE
2963406	Kilgobnet	52.06667	-9.71667	P	PPL	IE
2963408	Kilglass Lough	53.81667	-8.01667	H	LK	IE
2963409	Kilglass	54.23917	-9.05611	P	PPL	IE
2963410	Kilglass	53.41611	-8.34556	P	PPL	IE
2963412	Kilgarvan	54.09194	-9.03861	P	PPL	IE
2963413	Kilgarvan	51.9	-9.45	P	PPL	IE
2963414	Kilgarriff	53.96667	-8.61667	P	PPL	IE
2963417	Kilflynn	52.35077	-9.62523	P	PPL	IE
2963418	Kilfinny	52.51167	-8.80667	P	PPL	IE
2963419	Cill Fhíonáin	52.36051	-8.47175	P	PPL	IE
2963420	Kilfenora	52.99389	-9.21361	P	PPL	IE
2963421	Kilfenora	52.28083	-9.84139	P	PPL	IE
2963422	Kilfearagh	52.65673	-9.64729	P	PPL	IE
2963424	Kilfane	52.55639	-7.12417	P	PPL	IE
2963425	Kildrum	54.97977	-7.41213	P	PPL	IE
2963426	Kildorrery	52.24611	-8.42722	P	PPL	IE
2963427	Kildorragh	53.84194	-7.2125	P	PPL	IE
2963428	Kildoon	53.08333	-6.9	P	PPL	IE
2963430	Kildoney	54.52306	-8.25583	P	PPL	IE
2963434	Kildavin	52.68139	-6.68667	P	PPL	IE
2963435	Kildare	53.16667	-6.75	A	ADM2	IE
2963436	Kildare	53.15611	-6.91444	P	PPL	IE
2963438	Kildalkey	53.57033	-6.90467	P	PPL	IE
2963439	Kilcurry	54.04167	-6.42361	P	PPL	IE
2963440	Kilcummin Farmhill	52.1	-9.46667	P	PPL	IE
2963441	Kilcummin	54.27778	-9.21694	P	PPL	IE
2963442	Kilcummin	52.23972	-10.11083	P	PPL	IE
2963443	Kilcully	51.93361	-8.48167	P	PPL	IE
2963444	Kilcullen	53.13028	-6.74444	P	PPL	IE
2963445	Kilcrohane	51.58472	-9.70389	P	PPL	IE
2963446	Kilcroghery	54.76667	-7.81667	P	PPL	IE
2963449	Kilcredan	51.88194	-7.98111	P	PPL	IE
2963451	Kilcrea	51.85	-8.71667	P	PPL	IE
2963452	Kilcotty	52.48583	-6.47333	P	PPL	IE
2963453	Kilcotton	52.92083	-7.53972	P	PPL	IE
2963454	Kilcorney	52.05	-8.95	P	PPL	IE
2963455	Kilcornan	52.61667	-8.88333	P	PPL	IE
2963459	Kilcooly	52.38333	-9.73333	P	PPL	IE
2963460	Kilcoole	53.10278	-6.065	P	PPL	IE
2963461	Kilconny	54.10194	-7.44889	P	PPL	IE
2963463	Kilcomin	52.96472	-7.98611	P	PPL	IE
2963464	Kilcolumb	53.5231	-7.09028	P	PPL	IE
2963468	Kilcolman	52.53222	-9.08472	P	PPL	IE
2963470	Kilcolgan	53.20639	-8.86583	P	PPL	IE
2963471	Kilcogy	53.83333	-7.41667	P	PPL	IE
2963472	Kilcock	53.40222	-6.67083	P	PPL	IE
2963473	Kilclooney	54.82417	-8.43444	P	PPL	IE
2963474	Kilclonfert	53.33167	-7.35389	P	PPL	IE
2963475	Kilcloher	52.57077	-9.80805	P	PPL	IE
2963476	Kilchreest	53.17639	-8.65139	P	PPL	IE
2963479	Kilcash	52.4075	-7.53639	P	PPL	IE
2963482	Kilcar	54.63389	-8.59333	P	PPL	IE
2963484	Kilbrittain	51.67556	-8.69333	P	PPL	IE
2963485	Kilbrin	52.21106	-8.83121	P	PPL	IE
2963486	Kilbrien	52.18806	-7.6575	P	PPL	IE
2963487	Kilbride Cross Roads	53.45611	-6.39639	P	PPL	IE
2963488	Kilbride Cross Roads	52.72028	-6.72278	P	PPL	IE
2963489	Kilbride	53.93547	-8.92787	P	PPL	IE
2963490	Kilbride	53.19845	-6.46631	P	PPL	IE
2963491	Kilbride	52.92194	-6.10722	P	PPL	IE
2963492	Kilbrickan	53.36028	-9.62083	P	PPL	IE
2963495	Kilberry	53.70566	-6.68539	P	PPL	IE
2963496	Kilberry	53.03946	-7.0188	P	PPL	IE
2963497	Kilbennan	53.53333	-8.88333	P	PPL	IE
2963498	Kilbeheny	52.29417	-8.22583	P	PPL	IE
2963499	Kilbeggan	53.36944	-7.50333	P	PPL	IE
2963500	Kilbeg	52.05778	-7.99	P	PPL	IE
2963501	Kilbeacanty	53.06528	-8.77444	P	PPL	IE
2963503	Kilbarry	51.91667	-8.46667	P	PPL	IE
2963504	Kilbarry	51.86667	-9.05	P	PPL	IE
2963505	Kilbane	52.80222	-8.56472	P	PPL	IE
2963508	Kilbaha	52.57019	-9.86322	P	PPL	IE
2963510	Kid Island	54.32672	-9.8654	T	ISL	IE
2963511	Lough Key	54	-8.25	H	LK	IE
2963513	Keshcarrigan	54.01778	-7.94333	P	PPL	IE
2963514	Kesh	54.04778	-8.44806	P	PPL	IE
2963515	Kesh	53.78333	-8.03333	P	PPL	IE
2963516	Kerry Head	52.41639	-9.95139	T	CAPE	IE
2963517	Kerry	52.16667	-9.75	A	ADM2	IE
2963518	Kerney Cross Roads	53.86667	-6.43333	P	PPL	IE
2963519	Kerloge	52.31611	-6.47278	P	PPL	IE
2963522	Kenmare	51.88333	-9.58333	P	PPL	IE
2963523	Kellys Quarter	52.64694	-6.73611	P	PPL	IE
2963524	Kellys Grove	53.29361	-8.2425	P	PPL	IE
2963528	Kells	53.72639	-6.87917	P	PPL	IE
2963529	Kells	52.54111	-7.27306	P	PPL	IE
2963531	Ceis Chorainn	54.06183	-8.44057	T	MT	IE
2963532	Pass of Keimaneigh	51.83528	-9.30139	T	PASS	IE
2963535	Keeragh Islands	52.195	-6.73167	T	ISLS	IE
2963537	Keenagh	54.03472	-9.49861	P	PPL	IE
2963538	Keenagh	53.62316	-7.81488	P	PPL	IE
2963539	Keel Lough	53.98083	-10.06	H	LK	IE
2963542	Lough Keel	55.06111	-7.76167	H	LK	IE
2963543	Keel	53.97396	-10.08467	P	PPL	IE
2963544	Keekill	53.41667	-9.1	P	PPL	IE
2963545	Keeas	51.96667	-9.85	P	PPL	IE
2963546	Kedge Island	51.465	-9.345	T	ISL	IE
2963547	Kealkill	51.75722	-9.39917	P	PPL	IE
2963549	Keale	52.11667	-9.03333	P	PPL	IE
2963550	Kealduff	52.01472	-10.00139	P	PPL	IE
2963551	Lough Keagh	52.87417	-9.33278	H	LK	IE
2963552	Keadew	54.04944	-8.13444	P	PPL	IE
2963553	Keadeen Mountain	52.95051	-6.5815	T	MT	IE
2963555	Kanturk	52.16667	-8.9	P	PPL	IE
2963557	Julianstown	53.67287	-6.28534	P	PPL	IE
2963560	Johnswell	52.70167	-7.16833	P	PPL	IE
2963564	Johnstown	53.40722	-6.83889	P	PPL	IE
2963565	Johnstown	53.23833	-6.62222	P	PPL	IE
2963566	Johnstown	52.78139	-6.23389	P	PPL	IE
2963567	Johnstown	52.74917	-7.55417	P	PPL	IE
2963568	Johnstownbridge	53.83333	-7.86667	P	PPL	IE
2963574	Jenkinstown	52.71667	-7.28333	P	PPL	IE
2963576	Jamestown	53.93333	-8.03333	P	PPL	IE
2963577	Jamestown	52.36667	-7.01667	P	PPL	IE
2963582	Island More	53.83333	-9.66667	T	ISL	IE
2963583	Island Lake	53.78591	-8.79317	H	LK	IE
2963585	Islandeady Lough	53.83056	-9.38282	H	LK	IE
2963586	Islandeady	53.82929	-9.4011	P	PPL	IE
2963590	Isknagahinny Lough	51.83222	-10.06361	H	LK	IE
2963591	Iron Mountains	54.16667	-7.86667	T	MTS	IE
2963592	Lough Iron	53.6	-7.46667	H	LK	IE
2963595	Irishford	53.75561	-6.67798	P	PPL	IE
2963596	Irelands Eye	53.40667	-6.0625	T	ISL	IE
2963600	Inveran	53.24222	-9.42917	P	PPL	IE
2963601	Inver	54.65194	-8.28333	P	PPL	IE
2963602	Inver	54.24498	-9.86572	P	PPL	IE
2963603	Lough Inshagh	55.02167	-7.94583	H	LK	IE
2963607	Inner Lough	54.10028	-7.05917	H	LK	IE
2963608	Lough Inn	55.18333	-7.18333	H	LK	IE
2963609	Inistioge	52.48889	-7.06278	P	PPL	IE
2963610	Inishvickillane	52.04465	-10.60791	T	ISL	IE
2963611	Inishturk	53.70361	-10.11028	T	ISL	IE
2963612	Inishturk	53.51222	-10.15222	T	ISL	IE
2963613	Inishtravin	53.3197	-9.67725	T	ISL	IE
2963615	Inishtrahull	55.43198	-7.23484	T	ISL	IE
2963616	Inishtooskert	52.13111	-10.57806	T	ISL	IE
2963617	Inishskinny	53.60528	-10.24639	T	ISL	IE
2963618	Inishsirrer	55.11667	-8.33333	T	ISL	IE
2963619	Inishshark	53.61167	-10.28167	T	ISL	IE
2963620	Inishowen Head	55.23728	-6.92213	T	CAPE	IE
2963623	Inishnabro	52.05702	-10.61091	T	ISL	IE
2963624	Muskerry Island	53.27889	-9.82361	T	ISL	IE
2963625	Inishmurray	54.43556	-8.66	T	ISL	IE
2963626	Inishmore	53.12889	-9.71111	T	ISL	IE
2963627	Inishmore	52.71389	-9.03639	T	ISL	IE
2963628	Inishmicatreer	53.5	-9.25	T	ISL	IE
2963629	Inishmeane	55.10389	-8.33778	T	ISL	IE
2963630	Inishmacowney	52.685	-9.04944	T	ISL	IE
2963631	Inishmacnaghtan	52.70833	-8.95222	T	ISL	IE
2963632	Inishman	53.09167	-9.58556	T	ISL	IE
2963633	Inishlyre	53.81667	-9.65	T	ISL	IE
2963634	Inishlyon	53.61278	-10.16778	T	ISL	IE
2963635	Inishloe	52.67722	-9.01889	T	ISL	IE
2963636	Inishlackan	53.37139	-9.92639	T	ISL	IE
2963637	Inishkeeragh	54.95861	-8.49472	T	ISL	IE
2963638	Inishkeeragh	54.20136	-10.13739	T	ISL	IE
2963639	Inishkeeragh	53.43472	-10.17278	T	ISL	IE
2963640	Inniskeen	54	-6.58333	P	PPL	IE
2963641	Inishkea South	54.11388	-10.21994	T	ISL	IE
2963642	Inishkea North	54.13497	-10.19609	T	ISL	IE
2963643	Inishinny	55.07444	-8.33583	T	ISL	IE
2963644	Inishinny	55.00889	-8.45028	T	ISL	IE
2963645	Inishgort	53.59639	-10.26278	T	ISL	IE
2963646	Inishglora	54.21035	-10.12769	T	ISL	IE
2963647	Inishfree Upper	54.95528	-8.44528	T	ISL	IE
2963648	Inishfree Lower	55.06278	-8.38056	T	ISL	IE
2963650	Inishfarnard	51.71639	-10.02	T	ISL	IE
2963651	Inisheer	53.05757	-9.52714	T	ISL	IE
2963652	Inishdugga	53.44472	-10.15667	T	ISL	IE
2963653	Inishduff	54.6	-8.55	T	ISL	IE
2963654	Inishdoorus	53.48333	-9.36667	T	ISL	IE
2963655	Inishdooey	55.1925	-8.16444	T	ISL	IE
2963656	Inishdegil More	53.63917	-9.915	T	ISL	IE
2963657	Inishdalla	53.68083	-10.07139	T	ISL	IE
2963658	Inishcrone	54.21591	-9.09197	P	PPL	IE
2963659	Inishcorker	52.66806	-9.08917	T	ISL	IE
2963660	Inishcarra	51.88333	-8.63333	P	PPL	IE
2963661	Inishbroon	53.60889	-10.065	T	ISL	IE
2963662	Inishbofin	55.17472	-8.1725	T	ISL	IE
2963663	Inishbofin	53.62083	-10.20889	T	ISL	IE
2963664	Inishbiggle	53.99417	-9.90583	T	ISL	IE
2963665	Inishbeg	55.20417	-8.16194	T	ISL	IE
2963666	Inishbeg	51.52361	-9.35611	T	ISL	IE
2963667	Inishbee	53.84861	-9.67194	T	ISL	IE
2963668	Inishbarra	53.2825	-9.7125	T	ISL	IE
2963669	Innishannon	51.7654	-8.65705	P	PPL	IE
2963670	Inish	52.18528	-6.38806	T	ISL	IE
2963672	Inchturk	53.51667	-7.93333	T	ISL	IE
2963675	Inchmore	53.81667	-7.56667	T	ISL	IE
2963676	Inchmore	53.5	-7.93333	T	ISL	IE
2963679	Inchiquin Lough	51.81778	-9.68667	H	LK	IE
2963680	Inchiquin	53.46667	-9.25	T	ISL	IE
2963681	Inchiquin Lough	52.95583	-9.085	H	LK	IE
2963682	Inchigeelagh	51.84267	-9.12524	P	PPL	IE
2963683	Inchicronan Lough	52.92028	-8.90417	H	LK	IE
2963686	Inchibeg Bridge	52.08333	-9.18333	P	PPL	IE
2963688	Inchcleraun	53.58333	-8	T	ISL	IE
2963689	Inchaquire	53.0275	-6.79944	P	PPL	IE
2963690	Inchamay	52.05	-8.88333	P	PPL	IE
2963691	Inchagoill	53.48333	-9.31667	T	ISL	IE
2963692	Lough Inch	53.27167	-9.16833	H	LK	IE
2963693	Inch	52.73889	-6.23444	P	PPL	IE
2963694	Inch	52.68806	-8.09639	P	PPL	IE
2963695	Inch	52.14972	-9.96806	P	PPL	IE
2963696	Inch	51.98639	-7.97972	P	PPL	IE
2963697	Inch	51.80583	-8.1825	P	PPL	IE
2963700	Lough Inagh	53.5154	-9.74298	H	LK	IE
2963701	Inagh	52.875	-9.18167	P	PPL	IE
2963703	Illaunmore	52.96306	-8.29972	T	ISL	IE
2963704	Illauneeragh	53.285	-9.73611	T	ISL	IE
2963705	Illaunananima	53.62333	-10.0525	T	ISL	IE
2963706	Illaunamid	53.39877	-10.22934	T	ISL	IE
2963707	Illaunaleama	53.40889	-10.185	T	ISL	IE
2963708	Illanmaster	54.32611	-9.64028	T	ISL	IE
2963711	Lough Hyne	51.5011	-9.30421	H	LK	IE
2963714	Hurlers Cross	52.71556	-8.83028	P	PPL	IE
2963716	Hungry Hill	51.68697	-9.79244	T	MT	IE
2963717	Hughs Island	54.48333	-8.45	T	ISL	IE
2963718	Hugginstown	52.4525	-7.24667	P	PPL	IE
2963722	Howth	53.38778	-6.06528	P	PPL	IE
2963725	Hospital	52.47306	-8.43056	P	PPL	IE
2963729	Horseleap Cross Roads	53.46667	-8.66667	P	PPL	IE
2963731	Horse Island	54.32139	-9.5625	T	ISL	IE
2963732	Horse Island	53.40194	-10.1375	T	ISL	IE
2963733	Horse Island	51.8	-10.26667	T	ISL	IE
2963734	Horse Island	51.51619	-9.46763	T	ISL	IE
2963735	Horse Island	51.5125	-9.18361	T	ISL	IE
2963736	Horse and Jockey	52.61639	-7.77528	P	PPL	IE
2963738	Horn Head	55.22444	-7.98222	T	CAPE	IE
2963740	Hook Head	52.1229	-6.93189	T	CAPE	IE
2963741	Holy Island	52.91333	-8.44972	T	ISL	IE
2963742	Holycross	52.63972	-7.86306	P	PPL	IE
2963743	Holycross	52.50583	-8.53806	P	PPL	IE
2963744	Holme	55.15	-7.71667	P	PPL	IE
2963748	Hollywood	53.09333	-6.60806	P	PPL	IE
2963750	Hollymount	53.65	-9.11667	P	PPL	IE
2963751	Hollyfort	52.71629	-6.34809	P	PPL	IE
2963752	Hollyford	52.63222	-8.10861	P	PPL	IE
2963756	The Hollow	53.87556	-6.92028	P	PPL	IE
2963759	Hogs Head	51.79	-10.22833	T	CAPE	IE
2963760	Inis Bhig	52.62065	-9.4995	T	ISL	IE
2963763	Hill Town	54.68333	-8.33333	P	PPL	IE
2963764	Hilltown	52.27472	-6.70639	P	PPL	IE
2963765	Hilltown	52.1925	-6.41222	P	PPL	IE
2963767	Hill Street	53.88333	-8.08333	P	PPL	IE
2963768	Hillside	52.18806	-6.81639	P	PPL	IE
2963773	High Street	53.03333	-8.06667	P	PPL	IE
2963774	High Island	53.54639	-10.25722	T	ISL	IE
2963775	High Island	51.51889	-9.12417	T	ISL	IE
2963779	Hermitage	52.3	-6.45	P	PPL	IE
2963781	Herbertstown	52.51861	-8.46556	P	PPL	IE
2963782	Hen Island	53.38444	-10.10111	T	ISL	IE
2963783	Helvick Head	52.05278	-7.53944	T	CAPE	IE
2963784	Heirhill	52.41926	-9.81688	P	PPL	IE
2963792	Headford	53.46667	-9.1	P	PPL	IE
2963799	Hayes Bridge	51.66667	-8.75	P	PPL	IE
2963800	Haulbowline Island	51.84105	-8.30094	T	ISL	IE
2963801	Hartstown	52.96667	-6.73333	P	PPL	IE
2963802	Harrylock	52.16278	-6.88722	P	PPL	IE
2963803	The Harrow	52.56444	-6.43972	P	PPL	IE
2963805	Harristown	52.83389	-7.61917	P	PPL	IE
2963807	Harlinstown	53.71778	-6.5775	P	PPL	IE
2963809	Haremount	52.15	-9.4	P	PPL	IE
2963810	Hare Island	53.48333	-9.43333	T	ISL	IE
2963811	Hare Island	53.46667	-7.93333	T	ISL	IE
2963812	Hare Island	53.25806	-9.02111	T	ISL	IE
2963817	Hags Head	52.95278	-9.46694	T	CAPE	IE
2963819	Hacketstown	52.86389	-6.55694	P	PPL	IE
2963820	Hackballs Cross	54.03167	-6.51472	P	PPL	IE
2963821	The Hand Cross Roads	52.82056	-9.26389	P	PPL	IE
2963822	Gyleen	51.79778	-8.1875	P	PPL	IE
2963824	Gweesalia	54.11139	-9.89856	P	PPL	IE
2963827	Gweedore	55.05028	-8.23194	P	PPL	IE
2963830	Gurteenulla	51.58333	-9.43333	P	PPL	IE
2963835	Lough Gur	52.51556	-8.5325	H	LK	IE
2963836	Gunsborough	52.49028	-9.52806	P	PPL	IE
2963837	Gull Island	54.77861	-8.60306	T	ISL	IE
2963838	Gull Island	52.12139	-7.44611	T	ISL	IE
2963839	Lough Guitane	52	-9.41667	H	LK	IE
2963841	Gubnaveagh	54.10583	-7.905	P	PPL	IE
2963843	Gubaveeny	54.24444	-7.97056	P	PPL	IE
2963845	Grousehall	53.95	-7.11667	P	PPL	IE
2963846	Grogan	53.32361	-7.69806	P	PPL	IE
2963848	Greystones	53.14083	-6.06306	P	PPL	IE
2963850	Grenagh	52.01526	-8.60882	P	PPL	IE
2963857	Greenore	54.03333	-6.13333	P	PPL	IE
2963858	Greenoge	52.65771	-6.72539	T	MT	IE
2963861	Greencastle	55.2	-6.98333	P	PPL	IE
2963864	Greenane	51.86667	-9.66667	P	PPL	IE
2963865	Greenane	52.36739	-8.11074	T	MT	IE
2963866	Lough Greenan	55.08361	-7.81694	H	LK	IE
2963867	Greenan	52.92492	-6.29656	P	PPL	IE
2963868	Great Sugar Loaf	53.15416	-6.1505	T	MT	IE
2963869	Skellig Michael	51.77147	-10.53984	T	ISL	IE
2963871	Great Island	51.86861	-8.28	T	ISL	IE
2963873	Greatconnell	53.17556	-6.77889	P	PPL	IE
2963874	Great Blasket Island	52.09583	-10.54083	T	ISL	IE
2963875	Greaghnageeragh	54.08333	-8.18333	P	PPL	IE
2963876	Great Newtown Head	52.13528	-7.16528	T	CAPE	IE
2963877	Granny	53.91667	-8.3	P	PPL	IE
2963878	Granny	52.27861	-7.15972	P	PPL	IE
2963880	Grangemockler	52.45639	-7.49417	P	PPL	IE
2963885	Grangegeeth	53.76278	-6.54667	P	PPL	IE
2963886	Grangegeeth Cross Roads	53.75417	-6.55417	P	PPL	IE
2963888	Grangebellew	53.82056	-6.33472	P	PPL	IE
2963889	Grange	54.39323	-8.52544	P	PPL	IE
2963890	Grange	54.00889	-6.18194	P	PPL	IE
2963891	Grange	53.81667	-8.05	P	PPL	IE
2963892	Grange	53.41111	-9.02944	P	PPL	IE
2963893	Grange	52.65778	-7.55056	P	PPL	IE
2963894	Grange	52.30944	-7.26361	P	PPL	IE
2963895	Grange	52.15	-8.3	P	PPL	IE
2963896	Grange	51.98639	-7.75278	P	PPL	IE
2963898	Lough Graney	52.9825	-8.66056	H	LK	IE
2963899	Graney	52.89778	-6.79056	P	PPL	IE
2963902	Granard	53.77928	-7.49429	P	PPL	IE
2963903	Granabeg	53.0625	-6.50139	P	PPL	IE
2963905	Graiguenamanagh	52.54028	-6.95472	P	PPL	IE
2963906	Graigue Little	52.17361	-6.88889	P	PPL	IE
2963907	Graigue Great	52.17028	-6.855	P	PPL	IE
2963908	Graiguealug	52.75	-6.85	P	PPL	IE
2963909	Graigue	53.11667	-8	P	PPL	IE
2963910	Graigue	52.83472	-6.95833	P	PPL	IE
2963911	Graigue	52.6	-7.41667	P	PPL	IE
2963912	Graigue	52.05	-7.8	P	PPL	IE
2963913	Graignagower	52.2625	-7.72528	P	PPL	IE
2963915	Graffy	54.06667	-9.05	P	PPL	IE
2963916	Graffy	53.98273	-9.00395	P	PPL	IE
2963918	Gowran	52.62944	-7.07333	P	PPL	IE
2963919	Lough Gowna	53.85	-7.56667	H	LK	IE
2963920	Gowlin Old	52.53333	-6.85	P	PPL	IE
2963921	Gowlin New	52.53333	-6.86667	P	PPL	IE
2963922	Gowlin	52.54222	-6.85806	P	PPL	IE
2963923	Gowlaun	53.59944	-9.91111	P	PPL	IE
2963924	Gowlaun	52.00972	-7.66611	P	PPL	IE
2963925	Gowlane	51.91667	-9.56667	P	PPL	IE
2963926	Gowla	53.39611	-9.77806	P	PPL	IE
2963927	Gouldavoher	52.63833	-8.65444	P	PPL	IE
2963929	Gouganebarra Lake	51.85139	-9.32639	H	LK	IE
2963930	Gorumna Island	53.26222	-9.67778	T	ISL	IE
2963931	Gortroche	52.11399	-8.41021	P	PPL	IE
2963932	Gortrelig	52.03083	-9.84278	P	PPL	IE
2963933	Gortnasate	55.03333	-8.4	P	PPL	IE
2963936	Gortnakistin	52.55	-8.25	P	PPL	IE
2963937	Gortnahoe	52.67667	-7.59917	P	PPL	IE
2963938	Gortmore	53.39167	-9.61556	P	PPL	IE
2963939	Gortmore	53.38889	-9.15944	P	PPL	IE
2963940	Gortlee	54.955	-7.72556	P	PPL	IE
2963942	Gortfree	53.48333	-8.08333	P	PPL	IE
2963943	Gorteeny	53.01556	-8.35972	P	PPL	IE
2963946	Gorteen	53.99278	-8.51083	P	PPL	IE
2963947	Gorteen	53.36083	-8.60444	P	PPL	IE
2963948	Gortbaun	53.78492	-9.36931	P	PPL	IE
2963950	Gortatlea	51.91361	-10.03417	P	PPL	IE
2963951	Gortaroo	51.92722	-7.91806	P	PPL	IE
2963952	Gortahork	55.11667	-8.13333	P	PPL	IE
2963953	Gortahill	54.28472	-7.96444	P	PPL	IE
2963954	Gortahile	52.81667	-7.07556	P	PPL	IE
2963955	Gortaglanna	52.44972	-9.3925	P	PPL	IE
2963957	Gortacullin	52.27472	-7.91583	P	PPL	IE
2963958	Gort	53.06639	-8.81667	P	PPL	IE
2963959	Gormanston	53.64056	-6.23778	P	PPL	IE
2963960	Ben Gorm	53.62469	-9.72101	T	MT	IE
2963961	Gorey	55.25	-7.2	P	PPL	IE
2963962	Gorey	52.67472	-6.2925	P	PPL	IE
2963963	Goresbridge	52.63111	-6.99472	P	PPL	IE
2963964	Goolds Cross	52.59	-7.95444	P	PPL	IE
2963965	Goleen	51.49389	-9.70917	P	PPL	IE
2963969	Golden	52.49778	-7.98028	P	PPL	IE
2963970	Golan	54.33333	-7.05	P	PPL	IE
2963971	Golam Head	53.23528	-9.76722	T	CAPE	IE
2963972	Gola Island	55.08333	-8.36667	T	ISL	IE
2963973	Lough Golagh	54.54194	-8.05389	H	LK	IE
2963974	Lough Golagh	54.61667	-7.96667	H	LK	IE
2963978	Goatstown	53.00222	-8.14667	P	PPL	IE
2963979	Goat Islands	51.48944	-9.60389	T	ISLS	IE
2963980	Goat Island Little	51.48333	-9.6	T	ISL	IE
2963981	Goat Island	51.48333	-9.6	T	ISL	IE
2963982	Gneevgullia	52.11667	-9.26667	P	PPL	IE
2963983	Gneeves	52.3	-9.3	P	PPL	IE
2963984	Gneeves	52.15	-8.8	P	PPL	IE
2963986	Glynn	52.50333	-6.90417	P	PPL	IE
2963987	Glynn	52.37083	-6.57722	P	PPL	IE
2963989	Glounthaune	51.9	-8.33333	P	PPL	IE
2963992	Lough Glore	53.68333	-7.25	H	LK	IE
2963993	Glinsk	55.20861	-7.78194	P	PPL	IE
2963994	Glinsk	53.65	-8.41667	P	PPL	IE
2963995	Glinsk	53.37306	-9.82389	P	PPL	IE
2963996	Glinsk	54.31592	-9.61727	T	MT	IE
2963998	Glin	52.57028	-9.28278	P	PPL	IE
2963999	Glin	52.17944	-10.28694	P	PPL	IE
2964002	Glenville	52.04389	-8.42472	P	PPL	IE
2964003	Glenvar	55.15611	-7.59917	P	PPL	IE
2964006	Glenties	54.7975	-8.2825	P	PPL	IE
2964007	Glentavraun	53.88941	-8.79044	P	PPL	IE
2964009	Glenroe	53.00639	-9.02806	P	PPL	IE
2964013	Glenpipe	52.42194	-7.09222	P	PPL	IE
2964014	Glenpatrick	52.32139	-7.58806	P	PPL	IE
2964015	Glenosheen	52.31667	-8.5	P	PPL	IE
2964017	Glennaun Lough	53.35222	-9.78278	H	LK	IE
2964018	Glennan	54.32667	-6.91583	P	PPL	IE
2964019	Glennamong	53.99009	-9.65952	T	MT	IE
2964020	Glenamaddy	53.60646	-8.56007	P	PPL	IE
2964021	Glennagoul	52.26667	-8.55	P	PPL	IE
2964023	Moylussa	52.83345	-8.52237	T	MT	IE
2964024	Glenmullynaha Cross Roads	53.9308	-8.75419	P	PPL	IE
2964025	Glenmore	52.76694	-9.265	P	PPL	IE
2964030	Glen Lough	55.10889	-7.83972	H	LK	IE
2964031	Glen Lough	53.63333	-7.58333	H	LK	IE
2964035	Glenisland	53.89868	-9.4051	P	PPL	IE
2964037	Glenieraragh	55.1	-7.81667	P	PPL	IE
2964038	Glenicmurrin Lough	53.32389	-9.50444	H	LK	IE
2964039	Glen Head	54.72389	-8.75	T	CAPE	IE
2964040	Glengort	52.36667	-9.2	P	PPL	IE
2964043	Glangevlin	54.19472	-7.89	P	PPL	IE
2964047	Glengarriff	51.75	-9.55	P	PPL	IE
2964048	Glengad Head	55.33333	-7.16667	T	CAPE	IE
2964049	Glenfarne	54.28694	-7.98722	P	PPL	IE
2964050	Gleneely	55.24178	-7.15079	P	PPL	IE
2964051	Gleneely	54.76667	-7.68333	P	PPL	IE
2964052	Glenealy	52.96166	-6.15739	P	PPL	IE
2964055	Glenduff	52.25556	-8.16556	P	PPL	IE
2964056	Glendree	52.92028	-8.72333	P	PPL	IE
2964057	Glendowan Mountains	54.96667	-8.03333	T	MTS	IE
2964058	Glendowan	54.8	-7.96667	P	PPL	IE
2964059	Glendoo Mountain	53.22227	-6.29142	T	MT	IE
2964060	Glendine Bridge	51.99472	-7.8975	P	PPL	IE
2964061	Glenderry	52.40862	-9.9022	P	PPL	IE
2964069	Glencolumbkille	54.70728	-8.73068	P	PPL	IE
2964070	Glencar Lough	54.34111	-8.38667	H	LK	IE
2964073	Glenbrook	51.865	-8.36278	P	PPL	IE
2964074	Glenbrien	52.46111	-6.5	P	PPL	IE
2964075	Glenbreedy	52.78583	-8.02222	P	PPL	IE
2964077	Glenbeigh	52.05806	-9.93778	P	PPL	IE
2964078	Glenbeg Lough	51.72083	-9.87278	H	LK	IE
2964080	Glenbaun	52.51667	-9.2	P	PPL	IE
2964081	Glenbane	52.47972	-8.30972	P	PPL	IE
2964082	Lough Glenawough	53.65	-9.51667	H	LK	IE
2964085	Glenard	51.99167	-7.61639	P	PPL	IE
2964088	Glenamoy	54.24	-9.70083	P	PPL	IE
2964090	Glenade Lough	54.36722	-8.27167	H	LK	IE
2964092	Glenade	54.38611	-8.29944	P	PPL	IE
2964094	Glenacappul	51.96667	-9.46667	T	GRGE	IE
2964095	Glen	55.12556	-7.81139	P	PPL	IE
2964096	Glen	53.83333	-7.43333	P	PPL	IE
2964101	Glassan	53.46667	-7.86667	P	PPL	IE
2964102	Glasnevin	53.37851	-6.28028	P	PPL	IE
2964103	Glaslough	54.31861	-6.895	P	PPL	IE
2964105	Glashedy Island	55.31944	-7.40083	T	ISL	IE
2964109	Glanworth	52.18667	-8.3575	P	PPL	IE
2964110	Glantane	52.1	-8.75	P	PPL	IE
2964111	Glanmore Lake	51.74361	-9.77583	H	LK	IE
2964114	Glanmire	51.91583	-8.39972	P	PPL	IE
2964115	Glanlough	51.63583	-9.60778	H	LK	IE
2964117	Glanleam	51.91667	-10.31667	P	PPL	IE
2964120	Glandore	51.57306	-9.11889	P	PPL	IE
2964121	Glanaruddery Mountains	52.31667	-9.46667	T	MTS	IE
2964122	Sliabh gCleath	53.95366	-7.29702	T	MT	IE
2964123	Glackaunadarragh	54.11667	-8.16667	P	PPL	IE
2964124	Lough Gill	54.25	-8.38333	H	LK	IE
2964125	Lough Gill	52.26194	-10.04444	H	LK	IE
2964129	Gerahies	51.64778	-9.58778	P	PPL	IE
2964130	Lough George	52.97	-8.98056	H	LK	IE
2964131	Geevagh	54.1	-8.25	P	PPL	IE
2964132	Geashill	53.23528	-7.32	P	PPL	IE
2964133	Gearagh	51.65	-8.96667	P	PPL	IE
2964134	Gazebo	52.8375	-7.17306	P	PPL	IE
2964136	Gaugin Mountain	54.80196	-8.02718	T	MT	IE
2964139	Garvan Isles	55.3875	-7.31194	T	ISLS	IE
2964142	Gartan Lough	54.99	-7.91667	H	LK	IE
2964143	Garryvoe	51.87556	-8.00028	P	PPL	IE
2964144	Garryspillane	52.41278	-8.37944	P	PPL	IE
2964146	Garrylucas	51.64194	-8.57528	P	PPL	IE
2964148	Garrykennedy	52.90278	-8.34611	P	PPL	IE
2964150	Garryfine	52.41139	-8.73472	P	PPL	IE
2964151	Garryduff	52.01667	-8.11667	P	PPL	IE
2964152	Garristown	53.56611	-6.38556	P	PPL	IE
2964155	Garraunnatooha	52.66667	-9.4	P	PPL	IE
2964157	Garranty	53.70667	-10.09028	P	PPL	IE
2964159	Garranlahan	53.71667	-8.66667	P	PPL	IE
2964160	Garranes Lake	51.66667	-9.18333	H	LK	IE
2964161	Garrane	51.91667	-9.03333	P	PPL	IE
2964163	Garranard	54.17639	-9.35417	P	PPL	IE
2964164	Garrafrauns	53.63333	-8.83333	P	PPL	IE
2964166	Garnavilla	52.34444	-7.89278	P	PPL	IE
2964168	Garnish	51.6	-10.13333	P	PPL	IE
2964172	Garadice Lough	54.0525	-7.71222	H	LK	IE
2964173	Garadice	53.44944	-6.70944	P	PPL	IE
2964175	Lough Gara	53.92373	-8.45425	H	LKS	IE
2964176	Slieve Gamph	54.11667	-8.9	T	MTS	IE
2964179	County Galway	53.33333	-9	A	ADM2	IE
2964180	Galway	53.27245	-9.05095	P	PPLA	IE
2964181	Galty Mountains	52.36444	-8.14833	T	MTS	IE
2964182	Galtymore Mountain	52.36611	-8.17389	T	MT	IE
2964183	Galtrim	53.51435	-6.69854	P	PPL	IE
2964184	Galmoy	52.79194	-7.5675	P	PPL	IE
2964186	Galley Head	51.52943	-8.95178	T	CAPE	IE
2964189	Galbally	52.40028	-8.29278	P	PPL	IE
2964190	Gaghta Island	54.08767	-10.13832	T	ISL	IE
2964192	Gabys Cross Roads	52.46667	-6.4	P	PPL	IE
2964193	Mount Gabriel	51.55683	-9.54182	T	MT	IE
2964194	Slieve Fyagh	54.20666	-9.65745	T	MT	IE
2964195	Furze Island	51.5625	-9.66083	T	ISL	IE
2964196	Furraleigh	52.20583	-7.49861	P	PPL	IE
2964198	Furness	53.21775	-6.6101	P	PPL	IE
2964199	Furnace Lough	53.91369	-9.57127	H	LK	IE
2964200	Furmina	53.05	-9.51667	P	PPL	IE
2964202	Lough Funshinagh	53.51667	-8.1	H	LK	IE
2964203	Fuhiry	51.9	-9.25	P	PPL	IE
2964204	Fuerty	53.61667	-8.26667	P	PPL	IE
2964206	Frosses	54.66667	-8.23333	P	PPL	IE
2964207	Friarstown	54.23333	-8.31667	P	PPL	IE
2964208	Friar Island	53.54972	-10.22917	T	ISL	IE
2964209	Freshford	52.73417	-7.39889	P	PPL	IE
2964210	Freneystown	52.6825	-7.11778	P	PPL	IE
2964212	Frenchpark	53.86667	-8.4	P	PPL	IE
2964213	Frenchfort	53.28333	-8.9	P	PPL	IE
2964214	Frehill Island	53.6625	-9.95611	T	ISL	IE
2964215	Freemount	52.27709	-8.88529	P	PPL	IE
2964216	Freaghillaun South	53.57778	-10.04278	T	ISL	IE
2964217	Freaghillaun North	53.61694	-10.01528	T	ISL	IE
2964221	Frankford	53.16667	-7.73333	P	PPL	IE
2964224	Foynes Island	52.62194	-9.10861	T	ISL	IE
2964225	Foynes	52.61139	-9.11028	P	PPL	IE
2964228	Foygh	53.6	-7.83333	P	PPL	IE
2964230	Fox Island	53.4	-10.09333	T	ISL	IE
2964231	Foxhall	53.58704	-9.00129	P	PPL	IE
2964233	Foxford	53.9807	-9.11551	P	PPL	IE
2964234	Four Mile House	53.70291	-8.20498	P	PPL	IE
2964235	Fourcuil	51.65	-8.9	P	PPL	IE
2964240	Foulkesmill	52.31083	-6.75056	P	PPL	IE
2964244	Fort Stewart	55.01917	-7.59278	P	PPL	IE
2964249	Forth Mountain	52.31615	-6.56365	T	MT	IE
2964255	Lough Formoyle	53.33611	-9.47861	H	LK	IE
2964256	Formoyle	53.61667	-7.83333	P	PPL	IE
2964260	Fore	53.67694	-7.22361	P	PPL	IE
2964261	Ford	52.51194	-6.28028	P	PPL	IE
2964262	Lough Forbes	53.78333	-7.88333	H	LK	IE
2964264	Fontstown	53.05	-6.89278	P	PPL	IE
2964266	Foilclogh	51.90354	-10.16785	T	MT	IE
2964267	Foilakill	51.63139	-9.65028	P	PPL	IE
2964269	Foghill	54.25972	-9.24917	P	PPL	IE
2964270	Foaty Island	51.89611	-8.30139	T	ISL	IE
2964275	Flat Head	51.71472	-8.35889	T	CAPE	IE
2964276	Flagmount	52.98583	-8.64389	P	PPL	IE
2964277	Fivemilebridge	51.81972	-8.49639	P	PPL	IE
2964278	Fivemilebourne	54.26917	-8.34028	P	PPL	IE
2964279	Fivealley	53.15	-7.83583	P	PPL	IE
2964281	Fisherstreet	53.01722	-9.38611	P	PPL	IE
2964282	Firmount	51.98333	-8.7	P	PPL	IE
2964283	Finuge	52.42343	-9.54127	P	PPL	IE
2964285	Fintown	54.87056	-8.11333	P	PPL	IE
2964287	Finny	53.56667	-9.48333	P	PPL	IE
2964293	Finnea	53.76667	-7.38333	P	PPL	IE
2964294	Finnararagh	51.90101	-9.89424	T	MT	IE
2964296	Lough Finn	54.86111	-8.13861	H	LK	IE
2964297	Fin Lough	53.75	-8.15	H	LK	IE
2964298	Fin Lough	53.61667	-9.75	H	LK	IE
2964299	Fin Lough	53.31528	-7.94722	H	LK	IE
2964300	Fin Lough	52.77222	-8.84194	H	LK	IE
2964302	Finish Island	53.29627	-9.81389	T	ISL	IE
2964303	Finglas	53.38917	-6.29694	P	PPL	IE
2964305	Finavarra	53.15139	-9.10056	P	PPL	IE
2964307	Fieries	52.17068	-9.59648	P	PPL	IE
2964308	Fiddown	52.33	-7.31556	P	PPL	IE
2964309	Fews	52.22222	-7.45556	P	PPL	IE
2964310	Fethard	52.46722	-7.69111	P	PPL	IE
2964311	Fethard	52.19261	-6.83968	P	PPL	IE
2964313	Ferrycarrig	52.35389	-6.50722	P	PPL	IE
2964314	Ferry Bridge	52.61833	-8.76472	P	PPL	IE
2964315	Ferrybank	52.26444	-7.10778	P	PPL	IE
2964318	Ferns	52.58833	-6.49972	P	PPL	IE
2964319	Lough Fern	55.05944	-7.71861	H	LK	IE
2964320	Fermoy	52.13583	-8.27583	P	PPL	IE
2964322	Ferbane	53.26944	-7.82694	P	PPL	IE
2964325	Feohanagh	52.3825	-8.97167	P	PPL	IE
2964326	Fennor	52.1575	-7.22639	P	PPL	IE
2964327	Fennagh	52.71333	-6.84778	P	PPL	IE
2964329	Fenit	52.28083	-9.8675	P	PPL	IE
2964330	Fenagh	54.02083	-7.83306	P	PPL	IE
2964331	Feevagh	53.43333	-8.23333	P	PPL	IE
2964332	Feenagh	52.38833	-8.87917	P	PPL	IE
2964333	Lough Feeagh	53.93889	-9.57583	H	LK	IE
2964334	Lough Fee	53.58333	-9.83333	H	LK	IE
2964335	Fedamore	52.54528	-8.6025	P	PPL	IE
2964337	Fearagha	53.46667	-9	P	PPL	IE
2964339	Feakle	52.92637	-8.64772	P	PPL	IE
2964340	Feagarrid	52.18139	-7.98111	P	PPL	IE
2964342	Lough Fea	53.95444	-6.74694	H	LK	IE
2964343	Fawnaboy Upper	55.08333	-8.13333	P	PPL	IE
2964344	Fawnaboy Lower	55.08333	-8.13333	P	PPL	IE
2964345	Faughalstown	53.63333	-7.33333	P	PPL	IE
2964347	Farsid	51.84639	-8.20472	P	PPL	IE
2964351	Farrangalway	51.73583	-8.55222	P	PPL	IE
2964352	Farranfore	52.16667	-9.55	P	PPL	IE
2964353	Farran	52.03333	-8.66667	P	PPL	IE
2964356	Farnanes Cross Roads	51.86472	-8.80611	P	PPL	IE
2964357	Farnaght	53.86667	-7.81667	P	PPL	IE
2964361	Farmhill	52.96583	-6.99389	P	PPL	IE
2964362	Farahy	52.24083	-8.44222	P	PPL	IE
2964363	Fanore	53.11806	-9.29028	P	PPL	IE
2964366	Fanad Head	55.27769	-7.63199	T	CAPE	IE
2964371	Fairymount	53.68333	-8.11667	P	PPL	IE
2964372	Fair Head	51.61972	-9.93944	T	CAPE	IE
2964374	Fairfield	53.11667	-8.21667	P	PPL	IE
2964375	Fahy Lough	54.03914	-9.89338	H	LK	IE
2964376	Fahan	55.08861	-7.47417	P	PPL	IE
2964377	Glanfahan	52.10306	-10.43306	P	PPL	IE
2964378	Fahamore	52.30444	-10.04583	P	PPL	IE
2964379	Faha	52.1	-9.63333	P	PPL	IE
2964380	Lough Fad	55.23083	-7.37611	H	LK	IE
2964382	Eyrecourt	53.1975	-8.1325	P	PPL	IE
2964383	Eyeries	51.68333	-9.95	P	PPL	IE
2964384	Essexford	53.9725	-6.63806	P	PPL	IE
2964386	Esker South	53.78333	-7.71667	P	PPL	IE
2964387	Esker Bridge	53.29444	-7.16361	P	PPLL	IE
2964388	Eskerboy	53.20833	-8.32222	P	PPL	IE
2964390	Eskaheen Mountain	55.10362	-7.30986	T	MT	IE
2964391	Errit Lough	53.81667	-8.7	H	LK	IE
2964393	Erris Head	54.3086	-9.99802	T	CAPE	IE
2964395	Errill	52.85889	-7.68528	P	PPL	IE
2964396	An Earagail	55.03429	-8.113	T	MT	IE
2964398	Erra	53.71667	-7.96667	P	PPL	IE
2964400	Ennistimon	52.94472	-9.29222	P	PPL	IE
2964401	Enniskerry	53.1925	-6.16917	P	PPL	IE
2964402	Enniskean	51.74167	-8.93806	P	PPL	IE
2964403	Enniscorthy	52.50083	-6.55778	P	PPL	IE
2964405	Ennis	52.84361	-8.98639	P	PPLA2	IE
2964406	Lough Ennell	53.46667	-7.4	H	LK	IE
2964407	Enfield	53.41419	-6.83229	P	PPL	IE
2964408	Emyvale	54.34056	-6.95917	P	PPL	IE
2964409	Emo	53.09611	-7.21	P	PPL	IE
2964411	Emly	52.46389	-8.34917	P	PPL	IE
2964412	Emlaghyroyin	53.63333	-8.35	P	PPL	IE
2964414	Emlagh	53.75	-9.88333	P	PPL	IE
2964417	Slieve Elva	53.08373	-9.26924	T	MT	IE
2964419	Elton	52.42833	-8.46111	P	PPL	IE
2964420	Elphin	53.85	-8.2	P	PPL	IE
2964425	Ellendale	52.55	-6.28333	P	PPL	IE
2964426	Ellagh	54.07333	-9.04278	P	PPL	IE
2964428	Eighter	53.81778	-7.13472	P	PPL	IE
2964430	Lough Egish	54.06667	-6.8	H	LK	IE
2964431	Eeshal Island	53.5075	-10.17	T	ISL	IE
2964434	Edgeworthstown	53.7	-7.61667	P	PPL	IE
2964436	Edenderry	53.33948	-7.04752	P	PPL	IE
2964438	Edenacarnan	55	-7.76667	P	PPL	IE
2964439	Eddy Island	53.19528	-8.98028	T	ISL	IE
2964442	East Tawin	53.21667	-9.01667	T	ISL	IE
2964445	Easky Lough	54.15667	-8.84944	H	LK	IE
2964446	Easky	54.28861	-8.96167	P	PPL	IE
2964447	Lough Eske	54.7	-8.03333	H	LK	IE
2964451	Eagle Island	54.28298	-10.09059	T	ISL	IE
2964452	Mount Eagle	53.97847	-9.51882	T	MT	IE
2964453	Mount Eagle	52.23744	-9.3284	T	MT	IE
2964454	Mount Eagle	52.11789	-10.43202	T	MT	IE
2964455	Lough Ea	54.80583	-8.13194	H	LK	IE
2964456	Lough Ea	52.94694	-8.74417	H	LK	IE
2964457	Dysart	53.46667	-7.45	P	PPL	IE
2964459	Duvillaun More	54.07465	-10.17038	T	ISL	IE
2964460	Duvillaun Beg	54.07848	-10.14996	T	ISL	IE
2964461	Dursey Island	51.60278	-10.19917	T	ISL	IE
2964462	Dursey Head	51.57954	-10.23515	T	CAPE	IE
2964465	Durrus	51.62132	-9.53005	P	PPL	IE
2964466	Durrow Cross Roads	52.14444	-7.51778	P	PPL	IE
2964468	Durrow	52.84417	-7.3925	P	PPL	IE
2964471	Dunsink	53.38333	-6.33333	P	PPL	IE
2964472	Dunshaughlin	53.5125	-6.54	P	PPL	IE
2964476	Dunree Head	55.19778	-7.5525	T	CAPE	IE
2964478	Dunragh Middle Lough	54.6	-7.91667	H	LK	IE
2964479	Dunragh Loughs	54.6075	-7.93083	H	LKS	IE
2964480	Dunragh Lough	54.6	-7.93333	H	LK	IE
2964481	Dunragh Beg Lough	54.61667	-7.93333	H	LK	IE
2964482	Dunquin	52.13139	-10.45722	P	PPL	IE
2964483	Dunowen Head	51.54	-8.92833	T	CAPE	IE
2964484	Dunowen	51.55	-8.91667	P	PPL	IE
2964487	Dunnamaggan	52.50472	-7.29722	P	PPL	IE
2964489	Dunmore Head	55.28333	-7.11667	T	CAPE	IE
2964490	Dunmore Head	54.845	-8.50194	T	CAPE	IE
2964491	Dunmore Head	52.10861	-10.48194	T	CAPE	IE
2964492	Dunmore East	52.15108	-6.99872	P	PPL	IE
2964494	Dunmore	53.61667	-8.73333	P	PPL	IE
2964496	Dunmanway	51.71667	-9.11667	P	PPL	IE
2964498	Dunmanus	51.53778	-9.67833	P	PPL	IE
2964501	Gap of Dunloe	52.01667	-9.63333	T	PASS	IE
2964502	Dunlewy Lough	55.0225	-8.13028	H	LK	IE
2964503	Dunlewy	55.01667	-8.1	P	PPL	IE
2964504	Dunleer	53.835	-6.39611	P	PPL	IE
2964506	Dún Laoghaire	53.29395	-6.13586	P	PPL	IE
2964507	Dunlavin	53.05556	-6.70389	P	PPL	IE
2964508	Dunkitt	52.28889	-7.14361	P	PPL	IE
2964509	Dunkineely	54.63083	-8.37056	P	PPL	IE
2964511	Dunkerron Island West	51.86667	-9.63333	T	ISL	IE
2964512	Dunkerron Islands	51.86667	-9.63333	T	ISLS	IE
2964513	Dunkerron Island East	51.86667	-9.61667	T	ISL	IE
2964516	Dunkerrin	52.91222	-7.90889	P	PPL	IE
2964519	Duniry	53.13167	-8.40417	P	PPLL	IE
2964521	Dunhill	52.17236	-7.26429	P	PPL	IE
2964522	Dunheeda	53.88806	-6.74833	P	PPL	IE
2964523	Dungourney	51.96833	-8.09722	P	PPL	IE
2964524	Dungloe	54.95111	-8.35917	P	PPL	IE
2964525	Dungeagan	51.83333	-10.25	P	PPL	IE
2964527	Dungarvan	52.58972	-7.08722	P	PPL	IE
2964528	Dungarvan	52.08806	-7.62528	P	PPL	IE
2964529	Dunganstown	52.34278	-6.97444	P	PPL	IE
2964530	Dunfanaghy	55.18333	-7.96667	P	PPL	IE
2964532	Dundrum	53.29067	-6.25714	P	PPL	IE
2964533	Dundrum	52.56056	-8.04222	P	PPL	IE
2964534	Dundonnell	53.38333	-8.16667	P	PPL	IE
2964535	Dunderry	53.60747	-6.77296	P	PPL	IE
2964536	Dunderrow	51.72684	-8.58912	P	PPL	IE
2964540	Dundalk	54	-6.41667	P	PPLA2	IE
2964542	Duncormick	52.22856	-6.65266	P	PPL	IE
2964544	Duncannon	52.22028	-6.91694	P	PPL	IE
2964547	Dunboyne	53.41901	-6.47375	P	PPL	IE
2964550	Dunbeacon	51.58333	-9.56667	P	PPL	IE
2964555	Dunaff Head	55.28083	-7.52333	T	CAPE	IE
2964556	Dunaff	55.26667	-7.5	P	PPL	IE
2964557	Dunabrattin Head	52.13333	-7.30722	T	CAPE	IE
2964558	Duleek	53.65667	-6.41917	P	PPL	IE
2964562	Duff Hill	53.11397	-6.36723	T	MT	IE
2964564	Duck Island	53.4	-10.2	T	ISL	IE
2964565	Duck Island	53.28472	-9.84472	T	ISL	IE
2964567	Ducalla Head	51.78333	-10.35	T	CAPE	IE
2964568	Ducalla	51.78333	-10.33333	P	PPL	IE
2964574	Dublin	53.33306	-6.24889	P	PPLC	IE
2964576	Duagh	52.41278	-9.38944	P	PPL	IE
2964578	Dry Mills	53.66667	-8.88333	P	PPL	IE
2964579	Drung Hill	52.02509	-10.03748	T	MT	IE
2964580	Drunganagh	53.85534	-9.1528	P	PPL	IE
2964582	Drumsna	53.93333	-8	P	PPL	IE
2964584	Drumshanbo	54.05	-8.03333	P	PPL	IE
2964585	Drumscor	54.30556	-7.07972	P	PPL	IE
2964588	Drumone	53.7199	-7.15194	P	PPL	IE
2964589	Dromod	53.85738	-7.91948	P	PPL	IE
2964590	Drumnee Upper	53.56667	-7.88333	P	PPL	IE
2964591	Drumnee Lower	53.56667	-7.88333	P	PPL	IE
2964592	Drumnafinnila	54.15	-8	P	PPL	IE
2964595	Drumman	53.53806	-7.22028	P	PPL	IE
2964596	Drumlish	53.81667	-7.76667	P	PPL	IE
2964597	Drumlave	51.68333	-9.7	P	PPL	IE
2964598	Drumkeeran	54.16908	-8.14388	P	PPL	IE
2964599	Druming	53.65	-7.7	P	PPL	IE
2964601	Drumhillagh	53.98333	-6.96667	P	PPL	IE
2964603	Lough Drumharlow	53.96444	-8.14167	H	LK	IE
2964604	Drumhallagh Lower	55.13333	-7.56667	P	PPL	IE
2964605	Drumgriffin	53.38583	-8.99333	P	PPL	IE
2964606	Drumfree	55.19639	-7.39694	P	PPL	IE
2964607	Drumfin	54.13106	-8.44387	P	PPL	IE
2964608	Drumellihy	52.71806	-9.45194	P	PPL	IE
2964610	Drumderg	53.81667	-7.65	P	PPL	IE
2964611	Drumcullaun Lough	52.885	-9.20361	H	LK	IE
2964613	Drumcree	53.63681	-7.16894	P	PPL	IE
2964614	Drumcondra	53.85012	-6.65587	P	PPL	IE
2964615	Drumcollop	54	-7.88333	P	PPL	IE
2964616	Drumcoggy	53.66667	-9.33333	P	PPL	IE
2964618	Drumcliff	54.33333	-8.5	P	PPL	IE
2964619	Drumcarban	53.93333	-7.43333	P	PPL	IE
2964620	Drumcar	53.86028	-6.37778	P	PPL	IE
2964622	Drumbologe	54.96583	-7.87111	P	PPL	IE
2964624	Drumboe	54.8125	-7.77306	P	PPL	IE
2964625	Drumbilla	54.0612	-6.47723	P	PPL	IE
2964626	Drumbane	52.65389	-7.96972	P	PPL	IE
2964629	Drumanoo Head	54.60472	-8.4825	T	CAPE	IE
2964630	Drumandoora	52.99611	-8.73306	P	PPL	IE
2964631	Drumalure	54.07056	-7.40611	P	PPL	IE
2964632	Dromahair	54.23333	-8.3	P	PPL	IE
2964633	Drumady Lough	53.75	-9.06667	H	LK	IE
2964634	Drum	54.10278	-7.14111	P	PPL	IE
2964637	Dromoghty Lough	51.83333	-9.61667	H	LK	IE
2964638	Drommartin	52.42806	-9.69972	P	PPL	IE
2964639	Dromleigh	51.83333	-9.03333	P	PPL	IE
2964642	Dromiskin	53.92538	-6.40292	P	PPL	IE
2964645	Dromineer	52.92306	-8.27667	P	PPL	IE
2964647	Dromina	52.3116	-8.80115	P	PPL	IE
2964648	Dromin	53.84778	-6.43472	P	PPL	IE
2964649	Dromin	52.44167	-8.58361	P	PPL	IE
2964650	Dromcolliher	52.33919	-8.90731	P	PPL	IE
2964653	Dromard	54.23616	-8.66557	P	PPL	IE
2964656	Dromana Forest	52.09833	-7.85389	V	FRST	IE
2964658	Dromagh	52.11667	-8.98333	P	PPL	IE
2964659	Drom	52.76889	-7.89306	P	PPL	IE
2964660	Drom	52.03333	-9.98333	P	PPL	IE
2964661	Drogheda	53.71889	-6.34778	P	PPL	IE
2964664	Drishanebeg	51.51972	-9.27194	P	PPL	IE
2964665	Drishaghaun	53.55	-9.51667	P	PPL	IE
2964666	Dripsey	51.91667	-8.75	P	PPL	IE
2964667	Drinagh	53.73333	-7.98333	P	PPL	IE
2964668	Drinagh	51.66	-9.15417	P	PPL	IE
2964669	Lough Drin	53.55	-7.3	H	LK	IE
2964670	Drin	53.55	-9.5	P	PPL	IE
2964671	Drimoleague	51.65962	-9.26173	P	PPL	IE
2964672	Drimmeen	53.48333	-10.08333	P	PPL	IE
2964674	Dreenagh	52.42691	-9.90526	P	PPL	IE
2964675	Drangan	52.51611	-7.58806	P	PPL	IE
2964677	Dowra	54.19111	-8.015	P	PPL	IE
2964678	The Downs	53.50472	-7.23972	P	PPL	IE
2964679	Downpatrick Head	54.32361	-9.34389	T	CAPE	IE
2964683	Dovea	52.71889	-7.85639	P	PPL	IE
2964685	Doulus Head	51.95417	-10.31972	T	CAPE	IE
2964690	Douglas	51.87444	-8.435	P	PPL	IE
2964691	Doughruagh	53.56978	-9.88757	T	MT	IE
2964693	Djouce	53.13081	-6.2399	T	MT	IE
2964699	Dooroge	53.5	-6.25	P	PPL	IE
2964700	Doornane	52.27972	-7.25278	P	PPL	IE
2964703	Doon Lough	52.81667	-8.66833	H	LK	IE
2964705	Doonguddle	53.25361	-9.98972	T	ISL	IE
2964710	Doonbeg	52.73065	-9.52206	P	PPL	IE
2964712	Doonane	52.85583	-7.13167	P	PPL	IE
2964713	Doonane	52.73333	-8.33333	P	PPL	IE
2964715	Doonaha	52.62338	-9.64684	P	PPL	IE
2964717	Doon	52.60361	-8.24444	P	PPL	IE
2964718	Doon	52.52466	-9.66457	P	PPL	IE
2964721	Doo Lough	53.65	-9.76667	H	LK	IE
2964722	Doo Lough	52.79194	-9.30194	H	LK	IE
2964724	Doolin	53.0225	-9.39333	P	PPL	IE
2964726	Dooleeg More	54.105	-9.49944	P	PPL	IE
2964727	Dooish	55.03667	-8.02806	T	MT	IE
2964728	Doohooma	54.0729	-9.94014	P	PPL	IE
2964729	Doohamlat	54.12639	-6.82194	P	PPL	IE
2964732	Dooey	54.86667	-8.36667	P	PPL	IE
2964733	Dooega Head	53.9225	-10.05556	T	CAPE	IE
2964734	Dooega	53.91667	-10.03333	P	PPL	IE
2964735	Doochary	54.90639	-8.20944	P	PPL	IE
2964736	Doocastle	54.02472	-8.65056	P	PPL	IE
2964738	Dooagh	53.9748	-10.12577	P	PPL	IE
2964739	Donoughmore	51.98333	-8.75	P	PPL	IE
2964743	Donore	53.69306	-6.41972	P	PPL	IE
2964744	Donohill	52.54083	-8.14667	P	PPL	IE
2964745	Donnybrook	53.31375	-6.22274	P	PPL	IE
2964747	Doneraile	52.21667	-8.58333	P	PPL	IE
2964751	County Donegal	54.91667	-8	A	ADM2	IE
2964752	Donegal	54.65378	-8.11134	P	PPL	IE
2964754	Donaskeagh	52.52194	-8.08139	P	PPL	IE
2964755	Donard	53.01917	-6.61472	P	PPL	IE
2964757	Donaghmoyne	54	-6.7	P	PPL	IE
2964759	Donaghmore Bridge	53.66555	-6.6664	P	PPL	IE
2964760	Donaghmore	53.49611	-6.36972	P	PPL	IE
2964761	Donaghmore	52.873	-7.60217	P	PPL	IE
2964763	Donadea	53.35028	-6.74583	P	PPL	IE
2964764	Donacarney	53.71333	-6.27917	P	PPL	IE
2964765	Donabate	53.48722	-6.15194	P	PPL	IE
2964766	Dollys Grove	53.42167	-6.55028	P	PPL	IE
2964767	Dollymount	53.36489	-6.18032	P	PPL	IE
2964772	Doagh Beg	55.25083	-7.62444	P	PPL	IE
2964773	Doagh	55.22583	-7.85139	P	PPL	IE
2964782	Dingle	52.14083	-10.26889	P	PPL	IE
2964783	Diamond Hill	53.54778	-9.91526	T	MT	IE
2964784	Diamond	53.93333	-6.83333	P	PPL	IE
2964787	Devils Punch Bowl	51.98333	-9.48333	H	LK	IE
2964788	Devilsmother	53.60039	-9.63967	T	MT	IE
2964789	The Devils Glen	53.02472	-6.14722	T	GRGE	IE
2964790	Devilsbit Mountain	52.82147	-7.91547	T	MT	IE
2964794	Derryveagh Mountains	55.01667	-8.05	T	MTS	IE
2964795	Derryrush	53.39028	-9.66639	P	PPL	IE
2964798	Derrynasaggart Mountains	51.98333	-9.23333	T	MTS	IE
2964799	Derrynacaheragh	51.7625	-9.19	P	PPL	IE
2964800	Derrymullan	53.34222	-8.26639	P	PPL	IE
2964802	Derrymore	52.90944	-8.57333	P	PPL	IE
2964804	Derry Lough	53.76861	-8.9387	H	LK	IE
2964805	Derrylehan	54.4	-8.45	P	PPL	IE
2964808	Derryfrench	53.16194	-8.38639	P	PPL	IE
2964809	Derrycoffey	53.36111	-7.32667	P	PPL	IE
2964810	Derryclure	53.23778	-7.47639	P	PPL	IE
2964811	Derryclare Lough	53.46667	-9.76667	H	LK	IE
2964812	Derryclare	53.49585	-9.78633	T	MT	IE
2964816	Derrybrien	53.06417	-8.61222	P	PPL	IE
2964817	Derrybeg	55.08333	-8.28944	P	PPL	IE
2964819	Derryad	53.6	-7.86667	P	PPL	IE
2964821	Derrinvoney	54.16667	-8.08333	P	PPL	IE
2964822	Derrinturn	53.34167	-6.94111	P	PPL	IE
2964823	Derrinkee	53.68333	-9.51667	P	PPL	IE
2964825	Derriana Lough	51.89528	-10.01417	H	LK	IE
2964826	Derrew	53.19833	-8.3	P	PPL	IE
2964829	Derreenavoggy	54.06667	-8.11667	P	PPL	IE
2964831	Derreen	53.89917	-9.94194	P	PPL	IE
2964832	Derreen	53.08861	-9.31222	P	PPL	IE
2964833	Derreen	52.06667	-9.11667	P	PPL	IE
2964834	Lough Derravaragh	53.65	-7.36667	H	LK	IE
2964835	Dernish Island	54.42528	-8.49694	T	ISL	IE
2964836	Dernahelty More	54.1	-7.86667	P	PPL	IE
2964837	Dernahelty Beg	54.08333	-7.85	P	PPL	IE
2964838	Dernagree	52.11667	-9.03333	P	PPL	IE
2964839	Derkmore Point	54.2725	-8.65667	T	CAPE	IE
2964842	Lough Derg	54.61944	-7.87139	H	LK	IE
2964843	Lough Derg	52.95583	-8.30694	H	LK	IE
2964844	Deputys Pass	52.94489	-6.16379	T	PASS	IE
2964846	Delvin	53.61056	-7.0925	P	PPL	IE
2964848	Delgany	53.13083	-6.09139	P	PPL	IE
2964849	Deer Island	53.18333	-9.07222	T	ISL	IE
2964850	Deenish Island	52.71667	-8.96361	T	ISL	IE
2964854	Deelis	52.21667	-9.95	P	PPL	IE
2964856	Lough Deele	54.9	-7.88333	H	LK	IE
2964863	Dawros	53.5625	-9.96278	P	PPL	IE
2964864	Dawros Head	54.82861	-8.56361	T	CAPE	IE
2964865	Dawros Bridge	51.86139	-9.63056	P	PPL	IE
2964866	Dawros Beg	53.56667	-9.98333	P	PPL	IE
2964869	Davillaun	53.62778	-10.135	T	ISL	IE
2964872	Dartry Mountains	54.33333	-8.41667	T	MTS	IE
2964881	Dardistown	53.65	-6.31667	P	PPL	IE
2964884	Dangan	51.97278	-8.02833	P	PPL	IE
2964886	Lough Dan	53.06778	-6.28194	H	LK	IE
2964887	Damph	55.17806	-7.32528	T	MT	IE
2964892	Dalkey	53.27833	-6.10028	P	PPL	IE
2964893	Dalgin	53.63333	-8.86667	P	PPL	IE
2964896	Lough Dahybaun	54.115	-9.52917	H	LK	IE
2964898	Lough Cutra	53.03556	-8.78167	H	LK	IE
2964900	Cushina	53.19444	-7.16528	P	PPL	IE
2964903	Curryglass	51.66778	-9.82167	P	PPL	IE
2964904	Curry	54.00333	-8.76944	P	PPL	IE
2964905	Curreeny	52.72778	-8.15028	P	PPL	IE
2964906	Curranes	52.2	-9.55	P	PPL	IE
2964907	Lough Currane	51.8375	-10.1325	H	LK	IE
2964910	Curraheen	51.86667	-8.56667	P	PPL	IE
2964912	Curraglass	52.09306	-8.04833	P	PPL	IE
2964913	Curragh West	53.65	-8.65	P	PPL	IE
2964915	Curraghgorm	52.27833	-8.36639	P	PPL	IE
2964916	Curraghalicky Lake	51.67667	-9.10972	H	LK	IE
2964917	Curraghaleen	53.41333	-8.04889	P	PPL	IE
2964918	Curragha	53.53694	-6.44667	P	PPL	IE
2964920	Curragh	53.11472	-8.44	P	PPL	IE
2964921	Curragh	52.13972	-8.20361	P	PPL	IE
2964924	Cur	53.51667	-9.6	P	PPL	IE
2964930	Culray	53.81667	-7.56667	P	PPL	IE
2964931	Culmullin Cross Roads	53.48528	-6.61139	P	PPL	IE
2964934	Lough Cullin	53.97014	-9.17805	H	LK	IE
2964936	Cullentra	52.55	-6.3	P	PPL	IE
2964939	Cullenagh	52.92889	-9.26111	P	PPL	IE
2964940	Cullen	52.51194	-8.27028	P	PPL	IE
2964941	Cullen	52.11667	-9.11667	P	PPL	IE
2964942	Culleens	54.21333	-8.99194	P	PPL	IE
2964943	Lough Cullaunyheeda	52.82056	-8.76667	H	LK	IE
2964944	Lough Cullaun	52.96389	-9.0225	H	LK	IE
2964945	Cullaun	52.66788	-8.26088	T	MT	IE
2964946	Cullahill	52.87222	-7.73028	P	PPL	IE
2964947	Cullahill	52.81806	-7.47111	P	PPL	IE
2964951	Culdaff	55.28333	-7.16667	P	PPL	IE
2964952	Cuilmullagh	53.95413	-9.32931	P	PPL	IE
2964953	Cuilmore	53.95583	-8.87889	P	PPL	IE
2964954	Cuilleenirwan Lough	53.46667	-8.16667	H	LK	IE
2964956	Grange	52.60278	-7.30194	P	PPL	IE
2964958	Crutt	52.86694	-7.20806	P	PPL	IE
2964959	Crusheen	52.93944	-8.89333	P	PPL	IE
2964960	Crump Island	53.62361	-10	T	ISL	IE
2964962	Crumpaun	53.28972	-9.565	P	PPL	IE
2964963	Crumlin	53.32154	-6.31439	P	PPL	IE
2964964	Cruit Island	55.03056	-8.4175	T	ISL	IE
2964965	Cruagh	53.525	-10.21694	T	ISL	IE
2964967	Crownarad	54.6545	-8.50272	T	MT	IE
2964968	Crow Head	51.58361	-10.1625	T	CAPE	IE
2964969	Crowbane	54.7	-8.5	P	PPL	IE
2964971	Crosswell	53.6	-8.38333	P	PPL	IE
2964973	Falcarragh	55.13333	-8.1	P	PPL	IE
2964976	Crosspatrick	52.77333	-7.61139	P	PPL	IE
2964977	Crosspatrick	52.76372	-6.42821	P	PPL	IE
2964978	Crossna	54.01667	-8.18333	P	PPL	IE
2964979	Crossmount	51.93333	-9.45	P	PPL	IE
2964980	Crossmolina	54.1	-9.31667	P	PPL	IE
2964981	Cross Lough	54.19752	-10.07594	H	LK	IE
2964982	Cross Keys	53.91667	-7.26667	P	PPL	IE
2964983	Cross Keys	53.51222	-6.61861	P	PPL	IE
2964984	Crosskeys	53.10394	-7.01597	P	PPL	IE
2964985	Crosshaven	51.79833	-8.30083	P	PPL	IE
2964986	The Cross Guns	53.90056	-6.69528	P	PPL	IE
2964987	Cross Guns	53.79361	-6.73639	P	PPL	IE
2964989	Crosserlough	53.88333	-7.28333	P	PPL	IE
2964990	Crossea	53.66667	-7.63333	P	PPL	IE
2964991	Crossdoney	53.95278	-7.43333	P	PPL	IE
2964992	Crossboyne	53.68333	-9	P	PPL	IE
2964993	Cross Barry	51.80211	-8.64504	P	PPL	IE
2964994	Crossakeel	53.71369	-7.01998	P	PPL	IE
2964995	Crossabeg	52.385	-6.49528	P	PPL	IE
2964996	Cross	53.55	-9.21667	P	PPL	IE
2964997	Cross	52.59954	-9.77207	P	PPL	IE
2964998	Cross	52.02556	-7.80361	P	PPL	IE
2964999	Croom	52.51944	-8.71778	P	PPL	IE
2965000	Crookstown	51.8426	-8.83005	P	PPL	IE
2965001	Crookhaven	51.46842	-9.72736	P	PPL	IE
2965003	Crookedwood	53.60316	-7.29376	P	PPL	IE
2965007	Crolly	55.025	-8.26083	P	PPL	IE
2965008	Croke Park	53.36072	-6.25172	L	PRK	IE
2965009	Crohy Head	54.925	-8.45639	T	CAPE	IE
2965010	Crohery Lough	53.75	-8.88333	H	LK	IE
2965011	Crohane	51.99114	-9.38415	T	MT	IE
2965012	Croghan Mountain	52.79547	-6.32415	T	MT	IE
2965013	Croghan	53.9	-8.21667	P	PPL	IE
2965014	Croghan	53.34056	-7.27722	P	PPL	IE
2965015	Croghan	52.77778	-6.32361	P	PPL	IE
2965016	Crockglass	55.13111	-7.25861	T	MT	IE
2965017	Crockfadda	54.7	-8.38333	P	PPL	IE
2965018	Crockets Town	54.12583	-9.13972	P	PPL	IE
2965019	Crockavishane	55.20113	-7.11029	T	MT	IE
2965020	Crockaun	52.83	-6.97306	P	PPL	IE
2965021	Crockanaffrin	55.1	-7.61667	T	MT	IE
2965022	The Crockan	53.51667	-6.43333	P	PPLL	IE
2965023	Lough Croan	53.5	-8.18333	H	LK	IE
2965024	Croaghskearda	52.16806	-10.18056	T	MT	IE
2965025	Croagh Patrick	53.75947	-9.65818	T	MT	IE
2965026	Croaghnakeela Island	53.32611	-9.96944	T	ISL	IE
2965027	Croaghmoyle	53.92614	-9.37316	T	MT	IE
2965028	Croaghaun	51.98333	-10.21667	T	MT	IE
2965030	Croaghan	54.01667	-7.55	P	PPL	IE
2965031	Croagh	52.53333	-8.87556	P	PPL	IE
2965032	Crissard	52.91056	-7.14278	P	PPL	IE
2965033	Crinkill	53.07722	-7.89722	P	PPL	IE
2965036	Creggs	53.6	-8.35	P	PPL	IE
2965041	Creggaun	52.6625	-8.755	P	PPL	IE
2965042	Creggan Lough	53.51667	-7.88333	H	LK	IE
2965044	Cregganbaun	53.7	-9.81667	P	PPL	IE
2965045	Cregg	53.13472	-9.20583	P	PPL	IE
2965046	Cregg	52.37083	-7.39722	P	PPL	IE
2965047	Cregg	51.5675	-9.07917	P	PPL	IE
2965049	Creevy	54.05	-9.38333	P	PPL	IE
2965050	Creeves	52.56167	-9.03222	P	PPL	IE
2965053	Creevagh Head	54.30806	-9.26361	T	CAPE	IE
2965054	Creevagh	54.30306	-9.26722	P	PPL	IE
2965055	Creevagh	53.3	-8	P	PPL	IE
2965056	Creeslough	55.12328	-7.90956	P	PPL	IE
2965057	Creeharmore	53.48333	-8.26667	P	PPL	IE
2965059	Creegh	52.74556	-9.42806	P	PPL	IE
2965060	Creduff	53.25	-9.33333	P	PPL	IE
2965061	Creerin	52.81194	-6.61889	P	PPL	IE
2965065	Creaghanroe	54.16667	-6.73333	P	PPL	IE
2965066	Creagh	51.60139	-8.95889	P	PPL	IE
2965067	Creagh	51.53028	-9.33194	P	PPL	IE
2965069	Creadan Head	52.17528	-6.94389	T	CAPE	IE
2965070	Craughwell	53.22611	-8.73306	P	PPL	IE
2965071	Cratloe Wood	52.70194	-8.74	V	FRST	IE
2965073	Cratloe	52.695	-8.75972	P	PPL	IE
2965074	Cranroe	52.70944	-7.04639	P	PPL	IE
2965076	Crannagh	53.4	-7.98333	P	PPL	IE
2965077	Cranford	55.14389	-7.69639	P	PPL	IE
2965084	Craddanstown	53.54778	-7.06611	P	PPL	IE
2965085	Crab Island	53.02056	-9.40917	T	ISL	IE
2965086	Craanford	52.67917	-6.39167	P	PPL	IE
2965088	The Cow	51.58754	-10.27456	T	ISL	IE
2965089	Cousane	51.76528	-9.29139	P	PPL	IE
2965092	Courtown	52.64424	-6.22899	P	PPL	IE
2965093	Courtmatrix	52.50694	-8.98056	P	PPL	IE
2965095	Courtmacsherry	51.63308	-8.70521	P	PPL	IE
2965096	Coumshingaun Lough	52.25028	-7.52472	H	LK	IE
2965098	Coumduff	52.16972	-10.07833	P	PPL	IE
2965100	Coulagh	51.685	-9.97194	P	PPL	IE
2965102	Costelloe	53.29083	-9.54694	P	PPL	IE
2965105	Cortown	53.68449	-6.85241	P	PPL	IE
2965107	Lough Corry	53.91667	-8.08333	H	LK	IE
2965108	Corroy	54.06556	-9.18167	P	PPL	IE
2965110	Corrofin	53.43786	-8.86617	P	PPL	IE
2965111	Corofin	52.94778	-9.06306	P	PPL	IE
2965112	Corrigo	53.93333	-7.68333	P	PPL	IE
2965113	Corrig Mountain	53.21383	-6.36855	T	MT	IE
2965115	Lough Corrib	53.43333	-9.23333	H	LK	IE
2965116	Corrawaleen	54.01139	-7.70778	P	PPL	IE
2965118	Corraun	53.8725	-9.9275	P	PPL	IE
2965119	Corraun	53.71667	-8.76667	P	PPL	IE
2965121	Corran Lake	51.60806	-9.16444	H	LK	IE
2965122	Corradrishy	54.02057	-9.09593	P	PPL	IE
2965126	Cornasaus	53.90759	-6.9037	T	MT	IE
2965127	Cornamona	53.51667	-9.45	P	PPL	IE
2965129	Cornagrow Lough	53.885	-7.22139	H	LK	IE
2965130	Cornageeha	53.88333	-7.76667	P	PPL	IE
2965131	Cornafulla	53.37556	-8.00028	P	PPL	IE
2965132	Cornacullew	53.88333	-7.71667	P	PPL	IE
2965133	Corlough	54.11667	-7.78333	P	PPL	IE
2965134	Corlea	53.61667	-7.86667	P	PPL	IE
2965135	Cork Lough	51.88611	-8.48806	H	LK	IE
2965136	Corkip Lough	53.45	-8.11667	H	LK	IE
2965139	County Cork	51.96667	-8.58333	A	ADM2	IE
2965140	Cork	51.89797	-8.47061	P	PPLA2	IE
2965141	Corglass	54.11667	-8.08333	P	PPL	IE
2965142	Corgarve	52.16667	-8	P	PPL	IE
2965144	Cordal	52.21667	-9.38333	P	PPL	IE
2965145	Corcreeghagh	53.95722	-6.62361	P	PPL	IE
2965147	Corcogemore	53.48333	-9.58333	T	MT	IE
2965149	Corbally Lough	53.9	-8.15	H	LK	IE
2965150	Corbally	54.16583	-9.08167	P	PPL	IE
2965151	Corbally Cross Roads	53.15556	-6.74056	P	PPL	IE
2965152	Corbally	52.14861	-7.06528	P	PPL	IE
2965153	Coralstown	53.48121	-7.12635	P	PPL	IE
2965156	Copperalley	53.58333	-7	P	PPL	IE
2965158	Cootehill	54.0725	-7.08194	P	PPL	IE
2965159	Cootehall	53.9825	-8.15361	P	PPL	IE
2965160	Coosavuddig	52.23333	-10.31667	P	PPL	IE
2965161	Cooraclare	52.70083	-9.42083	P	PPL	IE
2965167	Coonagh	52.66306	-8.68944	P	PPL	IE
2965168	Coomnahincha	51.99139	-10.20889	P	PPL	IE
2965170	Coomcallee	51.84528	-9.9975	T	MT	IE
2965171	Coomasaharn Lake	51.99361	-9.99528	H	LK	IE
2965172	Coomacarrea	51.97792	-10.02169	T	MT	IE
2965173	Coolvally	52.55	-6.75	P	PPL	IE
2965176	Coolrain	52.97972	-7.56861	P	PPL	IE
2965179	Coolnahay	53.53333	-7.46667	L	LCTY	IE
2965184	Coolmore	54.54444	-8.20972	P	PPL	IE
2965187	Coolmela	52.68438	-6.58066	P	PPL	IE
2965188	Coolmeen	52.65	-9.22056	P	PPL	IE
2965189	Coollick	52.11667	-9.48333	P	PPL	IE
2965190	Coollegreane	54.2	-8.03333	P	PPL	IE
2965191	Coolkenna Street	52.7825	-6.59667	P	PPL	IE
2965193	Coolin Lough	53.53333	-9.41667	H	LK	IE
2965194	Coolgreany	52.76278	-6.23556	P	PPL	IE
2965197	Coole West	51.96639	-8.47083	P	PPL	IE
2965198	Coole Lough	53.08667	-8.84806	H	LK	IE
2965200	Cooleeny	52.73389	-7.68528	P	PPL	IE
2965201	Coole East	51.96111	-8.45944	P	PPL	IE
2965203	Coolea	51.91667	-9.21667	P	PPL	IE
2965204	Coole	53.7	-7.38333	P	PPL	IE
2965207	Coolcullen	52.75694	-7.12222	P	PPL	IE
2965210	Coolboy	52.75944	-6.46028	P	PPL	IE
2965212	Coolbaun	52.98111	-8.24917	P	PPL	IE
2965214	Coolattin	52.74966	-6.50246	P	PPL	IE
2965215	Coolatogher	52.57778	-7.02694	P	PPL	IE
2965216	Coolaney	54.17282	-8.60217	P	PPL	IE
2965217	Coolamoney	53.88333	-6.6	P	PPL	IE
2965218	Coolagh	53.29889	-9.05083	P	PPL	IE
2965219	Coolagary	53.23333	-7.2	P	PPL	IE
2965220	Coolagarry Lough	53.46667	-8.15	H	LK	IE
2965221	Coolacurn	53.21667	-8.05	P	PPL	IE
2965222	Coola Cross Roads	54.15861	-8.36944	P	PPL	IE
2965226	Convoy	54.86083	-7.66556	P	PPL	IE
2965229	Connonagh	51.60361	-9.09222	P	PPL	IE
2965230	Connolly	52.82944	-9.19306	P	PPL	IE
2965233	Connacht	53.66667	-9	L	RGN	IE
2965234	Conna	52.09083	-8.11056	P	PPL	IE
2965235	Lough Conn	54.03345	-9.25829	H	LK	IE
2965236	Conlawn Hill	53.06139	-7.46583	T	MT	IE
2965239	Cong	53.54386	-9.28697	P	PPL	IE
2965240	Coney Island	54.29861	-8.58778	T	ISL	IE
2965241	Coney Island	52.71111	-9.00694	T	ISL	IE
2965242	The Cones	53.09	-7.55222	T	MTS	IE
2965243	Commons	52.62577	-7.54486	P	PPL	IE
2965244	Comeragh Mountains	52.27972	-7.56639	T	MTS	IE
2965245	Colmanstown	53.38944	-8.61611	P	PPL	IE
2965246	Colly	51.96308	-9.96376	T	MT	IE
2965247	Collorus	51.76667	-9.85	P	PPL	IE
2965248	Collooney	54.18382	-8.48911	P	PPL	IE
2965249	Collon	53.78111	-6.48694	P	PPL	IE
2965250	Collinstown	53.64417	-7.20667	P	PPL	IE
2965251	Colbinstown	53.03167	-6.74806	P	PPL	IE
2965253	Collierstown	53.65	-6.35	P	PPL	IE
2965254	Collegeland	53.49563	-6.68369	P	PPL	IE
2965255	Colgagh	54.28375	-8.40435	P	PPL	IE
2965257	Cods Head	51.66833	-10.10611	T	CAPE	IE
2965260	Cobh	51.85046	-8.2948	P	PPL	IE
2965261	Cobduff	51.75833	-9.49861	T	MT	IE
2965263	Coars	51.95	-10.11667	P	PPL	IE
2965264	Coan	52.78361	-7.11222	P	PPL	IE
2965266	Coalbrook	52.61361	-7.58278	P	PPL	IE
2965267	Coachford	51.90951	-8.79173	P	PPL	IE
2965268	Clynagh Island	53.34861	-9.58611	T	ISL	IE
2965269	Clynacartan	51.89333	-10.39639	P	PPL	IE
2965275	Clydagh	53.75	-8.66667	P	PPL	IE
2965276	Cloyne	51.86278	-8.12444	P	PPL	IE
2965278	Cloverhill	54.08056	-7.36778	P	PPL	IE
2965281	Cloonusker	52.94139	-8.57167	P	PPL	IE
2965282	Cloontuskert	53.6977	-8.01135	P	PPL	IE
2965283	Cloonteen	52.62861	-8.29222	P	PPL	IE
2965284	Cloonslaun	54.08806	-9.10917	P	PPL	IE
2965287	Cloonmore	53.96865	-8.71934	P	PPL	IE
2965288	Cloonmore	53.61667	-8.05	P	PPL	IE
2965289	Cloon Lough	53.7	-9.3	H	LK	IE
2965290	Cloon Lough	51.9425	-9.88472	H	LK	IE
2965291	Cloonlavis	53.8	-8.96667	P	PPL	IE
2965292	Cloonlara	52.72222	-8.55389	P	PPL	IE
2965293	Cloonkeen	53.41	-8.205	P	PPL	IE
2965294	Cloongowla	53.63333	-9.2	P	PPL	IE
2965296	Cloonfower	53.8	-8.6	P	PPL	IE
2965298	Cloonfad	53.68702	-8.75116	P	PPL	IE
2965303	Clooneen	53.56667	-8.23333	P	PPL	IE
2965304	Clooneen	53.45	-9.08333	P	PPL	IE
2965305	Cloonee Loughs	51.82833	-9.72222	H	LKS	IE
2965306	Cloone	53.95	-7.78333	P	PPL	IE
2965307	Cloondergan	53.65	-8.81667	P	PPL	IE
2965309	Cloondara	53.73333	-7.91667	P	PPL	IE
2965311	Clooncoorha	52.68139	-9.48167	P	PPL	IE
2965312	Clooncogaile	52.18333	-7.71667	P	PPL	IE
2965313	Clooncan	53.78985	-8.67124	P	PPL	IE
2965315	Clooncah	53.7	-8.1	P	PPL	IE
2965317	Cloonboo	53.37611	-9.01278	P	PPL	IE
2965321	Cloonbannin	52.13333	-9.01667	P	PPL	IE
2965322	Cloonart	53.8	-7.88333	P	PPL	IE
2965325	Cloonakillina Lough	54.005	-8.625	H	LK	IE
2965326	Cloonakilleg	53.51667	-8.28333	P	PPL	IE
2965329	Cloonagh Lough	53.83333	-8.7	H	LK	IE
2965330	Cloonaghlin Lough	51.87417	-10.01944	H	LK	IE
2965332	Lough Cloonadoon	53.32694	-9.48528	H	LK	IE
2965333	Cloonacool	54.10194	-8.7775	P	PPL	IE
2965334	Cloonacolly Lough	53.84057	-8.66092	H	LK	IE
2965335	Cloonacleigha Lough	54.08222	-8.59278	H	LK	IE
2965337	Clonygowan	53.1875	-7.27889	P	PPL	IE
2965338	Clontibret	54.21627	-6.85105	P	PPL	IE
2965339	Clontarf	53.36244	-6.20822	P	PPL	IE
2965340	Clonsilla	53.38333	-6.41667	P	PPL	IE
2965342	Clonsast Lower	53.21	-7.15	P	PPL	IE
2965343	Clonroche	52.44972	-6.7125	P	PPL	IE
2965344	Clonoulty	52.60194	-7.96028	P	PPL	IE
2965345	Clonony	53.23528	-7.925	P	PPL	IE
2965346	Clonmult	51.99361	-8.10722	P	PPL	IE
2965348	Clonmore	53.26722	-7.3825	P	PPL	IE
2965349	Clonmore	52.82778	-7.76472	P	PPL	IE
2965350	Clonmore	52.82472	-6.56889	P	PPL	IE
2965352	Clonmellon	53.66374	-7.01779	P	PPL	IE
2965353	Cluain Meala	52.355	-7.70389	P	PPLA2	IE
2965356	Clonmany	55.26667	-7.41667	P	PPL	IE
2965358	Clonlyon	53.28333	-7.88333	P	PPL	IE
2965360	Clonleigh	54.86083	-7.47278	P	PPL	IE
2965361	Clonkeen	53.33833	-6.99444	P	PPL	IE
2965363	Clongeen	52.29444	-6.765	P	PPL	IE
2965364	Clongarret	53.27479	-7.13809	P	PPL	IE
2965365	Clonfert	53.23889	-8.05667	P	PPL	IE
2965366	Clonevin Cross Roads	52.55694	-6.23111	P	PPL	IE
2965367	Clones	54.18333	-7.23333	P	PPL	IE
2965370	Clonegal	52.69056	-6.64528	P	PPL	IE
2965371	Cloneen	52.47556	-7.59583	P	PPL	IE
2965372	Clonee	53.41167	-6.44417	P	PPL	IE
2965375	Clonea	52.27833	-7.43778	P	PPL	IE
2965376	Clondulane	52.1425	-8.22333	P	PPL	IE
2965381	Clondalkin	53.32444	-6.39722	P	PPL	IE
2965383	Cloncurry	53.41694	-6.79028	P	PPL	IE
2965384	Cloncourse Bridge	53	-7.38333	P	PPL	IE
2965387	Cloncagh	52.45639	-8.92944	P	PPL	IE
2965388	An Fhairche	53.53333	-9.36667	P	PPL	IE
2965389	Clonbulloge	53.25697	-7.08273	P	PPL	IE
2965393	Clonbern	53.56667	-8.63333	P	PPL	IE
2965395	Clonavoe	53.25195	-7.16274	P	PPL	IE
2965396	Clonaslee	53.1475	-7.52444	P	PPL	IE
2965397	Clonard	53.45245	-7.02327	P	PPL	IE
2965399	Clonamery	52.4725	-7.02194	P	PPL	IE
2965402	Clonakilty	51.62306	-8.87056	P	PPL	IE
2965403	Clonakenny	52.87472	-7.8325	P	PPL	IE
2965405	Clohamon	52.63806	-6.61694	P	PPL	IE
2965408	Cloghran	53.43389	-6.22639	P	PPL	IE
2965409	Cloghore	54.48333	-8.1	P	PPL	IE
2965412	Cloghmore	53.87444	-9.95111	P	PPL	IE
2965413	Cloughjordan	52.94028	-8.03556	P	PPL	IE
2965414	Clogherstown	53.5925	-6.36333	P	PPL	IE
2965415	Clogher Head	53.79972	-6.21944	T	CAPE	IE
2965416	Clogher Head	52.15083	-10.48083	T	CAPE	IE
2965418	Clogher	54.12983	-10.08664	P	PPL	IE
2965419	Clogher	53.83548	-9.47485	P	PPL	IE
2965420	Clogherhead	53.79361	-6.2375	P	PPL	IE
2965421	Clogher	53.75	-9.23333	P	PPL	IE
2965422	Clogher	52.15528	-10.45722	P	PPL	IE
2965424	Clogheen	52.27583	-7.99222	P	PPL	IE
2965425	Cloghdonnell	51.60583	-9.37806	P	PPL	IE
2965426	Cloghaun	53.05	-9.31667	P	PPL	IE
2965427	Cloghanulk	53.08861	-9.32556	P	PPL	IE
2965431	Cloghane	52.2308	-10.18403	P	PPL	IE
2965432	Cloghane	51.45528	-9.81583	P	PPL	IE
2965434	Cloghan	54.8425	-7.93361	P	PPL	IE
2965435	Cloghan	53.55028	-7.23889	P	PPL	IE
2965436	Cloghan	53.22167	-7.88417	P	PPL	IE
2965437	Clogh	52.86	-7.16694	P	PPL	IE
2965438	Clogh	52.64139	-6.34139	P	PPL	IE
2965445	Cliffort	51.7575	-8.66694	P	PPL	IE
2965446	Cliffony	54.43389	-8.45417	P	PPL	IE
2965449	Clifden	53.48907	-10.0191	P	PPL	IE
2965451	Clermont Carn	54.07925	-6.32156	T	MT	IE
2965452	Cleraun	53.55	-7.95	P	PPL	IE
2965453	Clements Town	54.08056	-7.0975	P	PPL	IE
2965455	Cleggan	53.556	-10.116	P	PPL	IE
2965456	Clear Island	51.44056	-9.49611	T	ISL	IE
2965457	Cape Clear	51.42556	-9.51889	T	CAPE	IE
2965458	Cleanagh	52.90833	-7.21417	P	PPL	IE
2965459	Cleady	51.9	-9.53333	P	PPL	IE
2965460	Clawinch	53.6	-8.01667	T	ISL	IE
2965462	Clashnabrock	52.16667	-8.58333	P	PPL	IE
2965463	Clashmore	52.00306	-7.81944	P	PPL	IE
2965464	Clashganna Bridge	52.55	-6.9	P	PPL	IE
2965466	Clarinbridge	53.22861	-8.8775	P	PPL	IE
2965467	Clarina	52.63222	-8.72889	P	PPL	IE
2965469	Clareville	53.11667	-9.13333	P	PPL	IE
2965471	Claremorris	53.71667	-9	P	PPL	IE
2965473	Clare Island	53.80472	-9.99194	T	ISL	IE
2965474	Claregalway	53.33861	-8.945	P	PPL	IE
2965475	Clareen	53.07056	-7.79556	P	PPL	IE
2965476	Clarecastle	52.81556	-8.96667	P	PPL	IE
2965479	Clare	52.83333	-9	A	ADM2	IE
2965481	Clara Bridge	52.95	-6.25	P	PPL	IE
2965482	Clara	53.3425	-7.61389	P	PPL	IE
2965483	Clara	52.96889	-6.25556	P	PPL	IE
2965484	Clane	53.29139	-6.68917	P	PPL	IE
2965485	Clamper Cross	52.2	-9.18333	P	PPL	IE
2965486	Clahane	52.23333	-9.7	P	PPL	IE
2965487	Claggan Upper	55.2	-8	P	PPL	IE
2965488	Claggan Mountain	53.93083	-9.77444	T	MT	IE
2965489	Claggan Lower	55.2	-8	P	PPL	IE
2965490	Claggan	55.23333	-6.98333	P	PPL	IE
2965491	Claggan	55.2	-8	P	PPL	IE
2965492	Claggan	53.5	-9.5	P	PPL	IE
2965495	Claddagh	53.26667	-9.06667	P	PPL	IE
2965497	Church Village	53.99722	-9.07278	P	PPL	IE
2965498	Church Town	54.96028	-7.47278	P	PPL	IE
2965499	Churchtown	53.48333	-7.48333	P	PPL	IE
2965500	Churchtown	52.45722	-9.06806	P	PPL	IE
2965501	Churchtown	52.26667	-8.73333	P	PPL	IE
2965502	Churchtown	52.185	-6.35417	P	PPL	IE
2965503	Churchtown	52.13139	-6.91972	P	PPL	IE
2965504	Churchtown	52.06667	-9.68333	P	PPL	IE
2965505	Churchtown	51.91361	-8.12806	P	PPL	IE
2965506	Churchtown	51.82806	-8.08083	P	PPL	IE
2965507	Church Hill	54.98333	-7.86667	P	PPL	IE
2965509	Cherryville	53.15694	-6.96667	P	PPL	IE
2965511	Cheekpoint	52.27083	-6.99833	P	PPL	IE
2965516	Charleville	52.35	-8.68333	P	PPL	IE
2965518	Charlestown	53.96417	-8.79417	P	PPL	IE
2965519	Charlestown	53.33972	-7.60306	P	PPL	IE
2965522	Chapeltown	52.28333	-9.83333	P	PPL	IE
2965523	Chapelmidway	53.4575	-6.31028	P	PPL	IE
2965525	Chapelizod	53.34846	-6.34301	P	PPL	IE
2965526	Chapel	52.43639	-6.69917	P	PPL	IE
2965529	Celbridge	53.34165	-6.54419	P	PPL	IE
2965530	Cecilstown	52.16667	-8.78333	P	PPL	IE
2965531	Cavetown	53.93333	-8.25	P	PPL	IE
2965532	Cavanagarvan	54.19	-6.98889	P	PPL	IE
2965534	An Cabhán	53.91667	-7.25	A	ADM2	IE
2965535	Cavan	53.99083	-7.36056	P	PPLA2	IE
2965536	Causeway	52.41333	-9.73194	P	PPL	IE
2965541	Castlewarren	52.6925	-7.10528	P	PPL	IE
2965544	Castletownshend	51.52639	-9.18333	P	PPL	IE
2965547	Castletownroche	52.17333	-8.4625	P	PPL	IE
2965554	Castletownbere	51.65132	-9.9104	P	PPL	IE
2965556	Castletown	53.35222	-6.52694	P	PPL	IE
2965557	Castletown	53.02806	-9.06861	P	PPL	IE
2965558	Castletown	52.97639	-7.4925	P	PPL	IE
2965559	Castletown	52.42278	-8.81444	P	PPL	IE
2965560	Castletown	51.77167	-8.96111	P	PPL	IE
2965563	Castlestrange Bridge	53.58333	-8.26667	P	PPL	IE
2965565	Castleshannon	52.424	-9.80654	P	PPL	IE
2965568	Castle Roche Cross Roads	54.04694	-6.49028	P	PPL	IE
2965570	Castlerea	53.77258	-8.50307	P	PPL	IE
2965572	Castlequin	51.95861	-10.23778	P	PPL	IE
2965573	Castlepollard	53.67935	-7.29736	P	PPL	IE
2965575	Castleplunket	53.75	-8.33333	P	PPL	IE
2965579	Castleore	54.2125	-8.38722	P	PPL	IE
2965584	Castlemoyle	53.5	-8.75	P	PPL	IE
2965590	Castlemartyr	51.91028	-8.05389	P	PPL	IE
2965593	Castlemaine	52.16667	-9.7	P	PPL	IE
2965595	Castlelyons	52.08855	-8.23382	P	PPL	IE
2965599	Castleknock	53.37483	-6.36336	P	PPL	IE
2965602	Castlejordan	53.40028	-7.12611	P	PPL	IE
2965604	Castleisland	52.23333	-9.46667	P	PPL	IE
2965605	Castle Island	51.51	-9.50583	T	ISL	IE
2965616	Castlegregory	52.25384	-10.02335	P	PPL	IE
2965622	Castleforward	54.99917	-7.48444	P	PPL	IE
2965623	Castlefore	54.0275	-7.90639	P	PPL	IE
2965626	Castlefinn	54.8	-7.58333	P	PPL	IE
2965631	Castledockrell	52.58278	-6.60417	P	PPL	IE
2965632	Castledermot	52.90889	-6.84222	P	PPL	IE
2965637	Castlecor	53.77417	-7.19528	P	PPL	IE
2965638	Castlecor	52.2	-8.8	P	PPL	IE
2965639	Castlecoote	53.61667	-8.28333	P	PPL	IE
2965641	Castleconor	54.16278	-9.12944	P	PPL	IE
2965643	Castlecomer	52.80611	-7.21056	P	PPL	IE
2965644	Castle Cary	55.16667	-7.1	P	PPL	IE
2965645	Castlebridge	52.38639	-6.44944	P	PPL	IE
2965649	Castleblayney	54.11667	-6.73333	P	PPL	IE
2965650	Castleblakeney	53.43333	-8.48333	P	PPL	IE
2965651	Castleblagh	52.11641	-8.40746	P	PPL	IE
2965653	Castlebellingham	53.90083	-6.39028	P	PPL	IE
2965654	Castlebar	53.85	-9.3	P	PPLA2	IE
2965659	Casheltown	54.67556	-8.29361	P	PPL	IE
2965660	Cashelmore	55.13889	-7.91556	P	PPL	IE
2965663	Cashel	53.61667	-8.61667	P	PPL	IE
2965664	Cashel	52.51583	-7.88556	P	PPL	IE
2965665	Cashel	51.61667	-9.08333	P	PPL	IE
2965667	Carton	53.3925	-6.56361	P	PPL	IE
2965668	Carrowwilkin	54.01573	-8.76479	P	PPL	IE
2965670	Carrowreagh	54.26472	-8.6575	P	PPL	IE
2965671	Carrowreagh	53.38139	-8.19389	P	PPL	IE
2965678	Carrowmore Lough	53.84001	-9.16697	H	LK	IE
2965679	Carrowmore Lake	54.19315	-9.78313	H	LK	IE
2965681	Carrowmore	54.25	-9.28333	P	PPL	IE
2965682	Carrowmore	54.21196	-9.82861	P	PPL	IE
2965683	Carrowmore	54.12194	-8.69361	P	PPL	IE
2965684	Carrowmore	53.61667	-9.15	P	PPL	IE
2965685	Carrowmore	53.21222	-8.97444	P	PPL	IE
2965686	Carrowmenagh	55.25	-7.06667	P	PPL	IE
2965687	Carrowkennedy	53.7	-9.55	P	PPL	IE
2965689	Kerrykeel	55.13769	-7.66456	P	PPL	IE
2965690	Carrowkeel	55.12767	-7.20428	P	PPL	IE
2965691	Carrowen	55.03056	-7.4975	P	PPL	IE
2965694	Carrigtwohill	51.90833	-8.26333	P	PPL	IE
2965695	Carrigshane	51.90778	-8.14722	P	PPL	IE
2965699	Carrignavar	51.98861	-8.47972	P	PPL	IE
2965701	Carrigkerry	52.495	-9.15139	P	PPL	IE
2965702	Carrig Island	52.57641	-9.49728	T	ISL	IE
2965703	Carrigillihy	51.53333	-9.11667	P	PPL	IE
2965704	Carrigeen	53.21667	-8.76583	P	PPL	IE
2965705	Carrig East	51.93333	-9.63333	P	PPL	IE
2965706	Carrigcastle	52.16611	-7.40083	P	PPL	IE
2965707	Carrigatogher	52.83556	-8.27806	P	PPL	IE
2965708	Carrigans	54.95	-7.43333	P	PPL	IE
2965709	Carriganimmy	51.96667	-9.03333	P	PPL	IE
2965710	Carrigan Head	54.61944	-8.68	T	CAPE	IE
2965711	Carrigane	52.28472	-8.21528	P	PPL	IE
2965712	Carrigan	53.88333	-7.4	P	PPL	IE
2965713	Carrigaloe	51.86667	-8.33333	P	PPL	IE
2965714	Carrigallen	53.97722	-7.64583	P	PPL	IE
2965715	Carrigaline	51.81167	-8.39861	P	PPL	IE
2965716	Carrigahorig	53.0625	-8.14389	P	PPL	IE
2965718	Carrigaholt	52.60594	-9.70485	P	PPL	IE
2965720	Carrigadrohid	51.9	-8.85	P	PPL	IE
2965722	Carrig	53.06028	-7.97194	P	PPL	IE
2965723	Carrig	52.15	-8.56667	P	PPL	IE
2965724	Carrig	51.60583	-9.30167	P	PPL	IE
2965726	Carrick-on-Suir	52.34917	-7.41306	P	PPL	IE
2965727	Carrick-on-Shannon	53.94694	-8.09	P	PPLA2	IE
2965729	Carrickmore Upper	54.88333	-7.46667	P	PPL	IE
2965730	Carrickmore Lower	54.88333	-7.45	P	PPL	IE
2965731	Carrickmines	53.2542	-6.17533	P	PPL	IE
2965733	Carrickmacross	53.97278	-6.71889	P	PPL	IE
2965739	Carrickboy	53.63333	-7.68333	P	PPL	IE
2965740	Carrickbeg	52.34306	-7.41639	P	PPL	IE
2965741	Carrigart	55.17444	-7.79778	P	PPL	IE
2965743	Carrick	54.6575	-8.63167	P	PPL	IE
2965744	Carrick	52.23611	-6.72611	P	PPL	IE
2965745	Carrauntoohil	51.99889	-9.7429	T	MT	IE
2965746	Carraroe	53.26403	-9.59853	P	PPL	IE
2965747	Carran	52.61222	-7.14028	P	PPL	IE
2965748	Carragh	53.23634	-6.72836	P	PPL	IE
2965750	Carracastle	53.95028	-8.6925	P	PPL	IE
2965751	Carrabaun	53.55	-9.01667	P	PPL	IE
2965752	Lough Carra	53.7	-9.25	H	LK	IE
2965753	Carnsore Point	52.17056	-6.35556	T	CAPE	IE
2965755	Carnowen	54.83333	-7.63333	P	PPL	IE
2965756	Carnmalin	55.35	-7.33333	P	PPL	IE
2965757	Carnhill	54.26571	-9.80229	P	PPL	IE
2965759	Carney	54.34056	-8.52722	P	PPL	IE
2965760	Carnew	52.70806	-6.49444	P	PPL	IE
2965761	Carndonagh	55.25	-7.26667	P	PPL	IE
2965762	Carnaross	53.74977	-6.95427	P	PPL	IE
2965764	Carna	53.33056	-9.82778	P	PPL	IE
2965765	Carn	54.57417	-7.84056	P	PPL	IE
2965766	Carn	54.23222	-9.29222	P	PPL	IE
2965767	County Carlow	52.66667	-6.83333	A	ADM2	IE
2965768	Carlow	52.84083	-6.92611	P	PPLA2	IE
2965770	Carlingford Mountain	54.05222	-6.23056	T	MT	IE
2965772	Carlingford	54.04	-6.18833	P	PPL	IE
2965773	Carlanstown	53.75943	-6.84095	P	PPL	IE
2965774	Cark Mountain	54.88633	-7.87298	T	MT	IE
2965776	Carha	54.15	-9.03333	P	PPL	IE
2965777	Cargagh	53.89889	-7.08639	P	PPL	IE
2965780	Carbury	53.35861	-6.96583	P	PPL	IE
2965781	Carbery Island	51.56556	-9.67444	T	ISL	IE
2965782	Caragh Bridge	52.07	-9.90111	P	PPL	IE
2965784	Lough Caragh	52.05083	-9.86333	H	LK	IE
2965786	Cappoquin	52.14603	-7.8466	P	PPL	IE
2965787	Cappeen	51.80778	-8.99056	P	PPL	IE
2965788	Cappataggle	53.27639	-8.40361	P	PPL	IE
2965790	Cappanoloha	51.675	-9.47806	P	PPL	IE
2965791	Cappamore	52.61444	-8.33556	P	PPL	IE
2965792	Cappamore	51.9	-9.61667	P	PPL	IE
2965793	Cappalusk	53.36722	-8.57083	P	PPL	IE
2965795	Cappagh White	52.58194	-8.16361	P	PPL	IE
2965801	Cappagh	54.17028	-8.67139	P	PPL	IE
2965802	Cappagh	53.63333	-8.75	P	PPL	IE
2965803	Cappagh	53.07194	-8.38028	P	PPL	IE
2965804	Cappagh	52.62722	-9.49026	P	PPL	IE
2965805	Cappagh	52.58556	-7.47333	P	PPL	IE
2965806	Cappagh	52.55639	-8.90694	P	PPL	IE
2965807	Capel Island	51.88194	-7.85472	T	ISL	IE
2965811	Canon Island	52.66833	-9.05056	T	ISL	IE
2965812	Canningstown	53.97944	-7.04611	P	PPL	IE
2965813	Cangort	52.98889	-7.97028	P	PPL	IE
2965815	Canduff	51.83333	-10.41667	T	CAPE	IE
2965816	Cancregga	52.93778	-9.47389	T	CAPE	IE
2965817	Canbo Lough	53.9	-8.18333	H	LK	IE
2965821	Camross	53.00361	-7.59056	P	PPL	IE
2965823	Camport	53.91778	-10.01639	P	PPL	IE
2965824	Campile	52.28917	-6.94139	P	PPL	IE
2965826	Camp	52.22528	-9.92222	P	PPL	IE
2965828	Camolin	52.61556	-6.42056	P	PPL	IE
2965832	Camaross	52.36139	-6.71083	P	PPL	IE
2965833	Calverstown	53.08279	-6.7977	P	PPL	IE
2965834	Caltragh	53.6	-7.93333	P	PPL	IE
2965835	Caltragh	53.48333	-8.13333	P	PPL	IE
2965836	Caltra	53.43333	-8.43333	P	PPL	IE
2965837	Callow Loughs	53.97524	-9.0441	H	LKS	IE
2965838	Callow	53.97167	-9.03306	P	PPL	IE
2965841	Callan	52.545	-7.39111	P	PPL	IE
2965842	Callaghane Bridge	52.21472	-7.03111	P	PPL	IE
2965843	Calf Island West	51.46667	-9.51667	T	ISL	IE
2965844	Calf Islands	51.46667	-9.5	T	ISLS	IE
2965845	Calf Island Middle	51.46667	-9.5	T	ISL	IE
2965846	Calf Island East	51.48139	-9.5075	T	ISL	IE
2965847	The Calf	51.57054	-10.24798	T	ISL	IE
2965850	Cahir Guillamore	52.51333	-8.57556	P	PPL	IE
2965852	Cahersiveen	51.94861	-10.22222	P	PPL	IE
2965855	Cahermore	51.60861	-10.06194	P	PPL	IE
2965856	Cahermacun	53.08333	-9.2	P	PPL	IE
2965857	Caherlistrane	53.5	-9.01667	P	PPL	IE
2965858	Caherkeen	51.67611	-10.03278	P	PPL	IE
2965859	Caher Island	53.71778	-10.02889	T	ISL	IE
2965863	Caherdaniel	51.76667	-10.1	P	PPL	IE
2965864	Caherconree	52.20266	-9.85371	T	MT	IE
2965865	Caherconlish	52.59361	-8.47028	P	PPL	IE
2965866	Caherbarnagh	52.05	-9.2	P	PPL	IE
2965867	Caherbarnagh	52.03102	-9.1784	T	MT	IE
2965869	Caheracruttera	52.15556	-9.93444	P	PPL	IE
2965871	Caher	53.24944	-9.35	P	PPL	IE
2965872	Caher	52.96472	-8.64528	P	PPL	IE
2965873	Cahir	52.37694	-7.92167	P	PPL	IE
2965874	Caher	51.46861	-9.81	P	PPL	IE
2965875	Lough Caheer	53.78977	-8.75949	H	LK	IE
2965876	Caha Mountains	51.75111	-9.72472	T	MTS	IE
2965877	Cadamstown	53.12528	-7.65833	P	PPL	IE
2965878	Cabry	55.13333	-7.2	P	PPL	IE
2965879	Cabraghkeel	54.26583	-9.03056	P	PPL	IE
2965882	Cabinteely	53.26973	-6.16058	P	PPL	IE
2965883	Byrnesgrove	52.80214	-7.27252	P	PPL	IE
2965885	Buttevant	52.23333	-8.66667	P	PPL	IE
2965887	Butlerstown	51.59722	-8.72694	P	PPL	IE
2965888	Butlersbridge	54.04278	-7.37639	P	PPL	IE
2965890	Bushville	52.25	-6.4	P	PPL	IE
2965891	Bushfield	53.83333	-9.03333	P	PPL	IE
2965892	Bushfield	52.79917	-8.35861	P	PPL	IE
2965894	The Bush	53.98333	-6.2	P	PPL	IE
2965895	Burtown Cross Roads	52.99111	-6.89389	P	PPL	IE
2965896	Burtonport	54.98556	-8.43111	P	PPL	IE
2965899	Burrow	52.29028	-6.39111	P	PPL	IE
2965902	Burren	53.14667	-9.07556	P	PPL	IE
2965904	Burnfort	52.06667	-8.6	P	PPL	IE
2965905	Burnfoot	55.05782	-7.40302	P	PPL	IE
2965906	Burncourt	52.31056	-8.07639	P	PPL	IE
2965907	Burkestown Cross Roads	52.2775	-6.85667	P	PPL	IE
2965909	Bunree	54.11667	-9.14111	P	PPL	IE
2965910	Bunratty West	52.68333	-8.81667	P	PPL	IE
2965912	Bunratty East	52.7	-8.81667	P	PPL	IE
2965913	Bunratty	52.69667	-8.81556	P	PPL	IE
2965918	Bunnyconnellan	54.10944	-9.0275	P	PPL	IE
2965919	Lough Bunny	53.01806	-8.92944	H	LK	IE
2965920	Bunnanaddan	54.05338	-8.60501	P	PPL	IE
2965921	Bunnahowen	54.19138	-9.90507	P	PPL	IE
2965922	Bunmahon	52.14028	-7.37444	P	PPL	IE
2965924	Bunlahy	53.8	-7.58333	P	PPL	IE
2965925	Bunlacken	52.80528	-7.46167	P	PPL	IE
2965926	Bunglass	53.43417	-6.9875	P	PPL	IE
2965928	Bundorragha	53.6	-9.75	P	PPL	IE
2965929	Bundoran	54.47782	-8.28094	P	PPL	IE
2965932	Bunclody	52.6553	-6.65359	P	PPL	IE
2965933	Bunbrosna	53.60791	-7.435	P	PPL	IE
2965934	Bunbeg	55.05972	-8.30028	P	PPL	IE
2965935	Bunaw	51.79	-9.81222	P	PPL	IE
2965937	Bullys Corner	52.84907	-6.56848	P	PPL	IE
2965938	Bulls Head	52.11056	-10.19722	T	CAPE	IE
2965939	Bullaun	53.24694	-8.55167	P	PPL	IE
2965940	The Bull	51.59228	-10.30098	T	ISL	IE
2965941	Bulgaden	52.41778	-8.53111	P	PPL	IE
2965942	Bulbin	55.22651	-7.4395	T	MT	IE
2965944	Bruree	52.42194	-8.66417	P	PPL	IE
2965945	Bruff	52.47417	-8.54583	P	PPL	IE
2965946	Bruckless	54.63639	-8.38333	P	PPL	IE
2965947	Brownswood	52.46667	-6.55	P	PPL	IE
2965949	Brownstown Head	52.12528	-7.10028	T	CAPE	IE
2965950	Brownsmills	51.72528	-8.52111	P	PPL	IE
2965953	Brownsbarn Bridge	52.50139	-7.08667	P	PPL	IE
2965955	Brownhall Demesne	53.78928	-9.15464	P	PPL	IE
2965959	Brow Head	51.44917	-9.7725	T	CAPE	IE
2965961	Broughal	53.19056	-7.77528	P	PPL	IE
2965963	Brosna	52.98944	-7.8875	P	PPL	IE
2965964	Brosna	52.31257	-9.27147	P	PPL	IE
2965965	Broomfield	54.06667	-6.70028	P	PPL	IE
2965966	Brookville	52.45028	-8.18194	P	PPL	IE
2965968	Brooklodge	51.93417	-8.37861	P	PPL	IE
2965975	Brockagh	53.86247	-9.49117	P	PPL	IE
2965976	Broadway	52.21778	-6.40333	P	PPL	IE
2965980	Broadford	52.80472	-8.63222	P	PPL	IE
2965981	Broadford	52.34462	-8.97872	P	PPL	IE
2965982	Brittas Lough	53.56667	-7.28333	H	LK	IE
2965985	Brittas	52.61278	-8.42083	P	PPL	IE
2965990	Briskil Upper	53.8	-7.8	P	PPL	IE
2965991	Briskil Lower	53.78333	-7.81667	P	PPL	IE
2965993	Brinlack	55.11667	-8.28333	P	PPL	IE
2965994	Lough Brin	51.93333	-9.76667	H	LK	IE
2965995	Bridgetown	54.59417	-8.11194	P	PPL	IE
2965996	Bridgetown	54.41667	-8.16667	P	PPL	IE
2965997	Bridgetown	53.75	-8.51667	P	PPL	IE
2965998	Bridgetown	52.23027	-6.55079	P	PPL	IE
2965999	Bridget Lough	52.87333	-8.64889	H	LK	IE
2966000	Bridgeland	52.81209	-6.50328	P	PPL	IE
2966001	Bridge End	55.04083	-7.38222	P	PPL	IE
2966002	Brideswell	53.45	-8.1	P	PPL	IE
2966003	Brides Head	52.97263	-6.00744	T	CAPE	IE
2966004	Bridebridge	52.07825	-8.22568	P	PPL	IE
2966009	Brickeens	53.71667	-8.88333	P	PPL	IE
2966011	Breenagh	54.93139	-7.90722	P	PPL	IE
2966014	Breedoge	53.9	-8.38333	P	PPL	IE
2966015	Bree	52.43472	-6.60472	P	PPL	IE
2966018	Breaghwy	53.84676	-9.23858	P	PPL	IE
2966019	Bray Head	53.18778	-6.07611	T	CAPE	IE
2966020	Bray Head	51.88417	-10.42472	T	CAPE	IE
2966022	Bray	53.20278	-6.09833	P	PPL	IE
2966023	Brannock Islands	53.15111	-9.8375	T	ISLS	IE
2966025	Brandon Mountain	52.23556	-10.25639	T	MT	IE
2966026	Brandon Hill	52.5098	-6.97416	T	MT	IE
2966027	Brandon Head	52.27417	-10.24972	T	CAPE	IE
2966029	Brandon	52.26694	-10.16417	P	PPL	IE
2966032	Braddocks	54.19833	-6.8875	P	PPL	IE
2966033	Bracknagh	53.21056	-7.10056	P	PPL	IE
2966035	Brackley Lough	54.13639	-7.70611	H	LK	IE
2966037	Brackhill	52.16667	-9.7	P	PPL	IE
2966041	Boystown	53.13694	-6.52611	P	PPL	IE
2966044	Boyle	53.96667	-8.3	P	PPL	IE
2966047	Bourney	52.9	-7.81667	P	PPL	IE
2966048	Bourne Vincent Memorial Park	52	-9.55	T	PK	IE
2966049	Boultypatrick	54.8298	-8.0521	T	MT	IE
2966050	Boughil	51.92904	-9.6843	T	MT	IE
2966051	Bottlehill	52.05	-8.56667	P	PPL	IE
2966052	Boston	53.2	-8.46667	P	PPL	IE
2966053	Boston	53.03083	-8.93167	P	PPL	IE
2966054	Borrisoleigh	52.75222	-7.95306	P	PPL	IE
2966055	Borrisokane	52.99528	-8.12806	P	PPL	IE
2966056	Borris in Ossory	52.93639	-7.63639	P	PPL	IE
2966058	Borris	52.6	-6.9175	P	PPL	IE
2966060	Boro Bridge	52.48333	-6.71667	P	PPL	IE
2966061	Borim	54.16667	-7.7	P	PPL	IE
2966064	Lough Boora	53.20972	-7.75861	H	LK	IE
2966065	Boolyglass	52.42556	-7.28167	P	PPL	IE
2966066	Boolteens	52.18333	-9.75	P	PPL	IE
2966067	Boolakennedy	52.335	-8.08194	P	PPL	IE
2966070	Bolus Head	51.76667	-10.33333	T	CAPE	IE
2966071	Lough Bollard	53.41667	-9.96667	H	LK	IE
2966072	Boliska Lough	53.28833	-9.31583	H	LK	IE
2966073	Boleyvogue	52.55306	-6.43139	P	PPL	IE
2966074	Lough Bola	53.35222	-9.84472	H	LK	IE
2966075	Bohola	53.90162	-9.05471	P	PPL	IE
2966077	Bohermeen	53.65398	-6.78951	P	PPL	IE
2966078	Boherglass	52.86667	-8.6	P	PPL	IE
2966080	Boherbue	52.15851	-9.06878	P	PPL	IE
2966081	Boheraphuca	53.01917	-7.7575	P	PPL	IE
2966082	Boher	52.62	-8.46111	P	PPL	IE
2966083	Bohaun	53.71214	-9.40167	T	MT	IE
2966084	Boghadoon	54.00149	-9.40737	P	PPL	IE
2966085	Boggeragh Mountains	52.01667	-8.91667	T	MTS	IE
2966087	Lough Bofin	53.85	-7.93333	H	LK	IE
2966088	Lough Bofin	53.43333	-9.45	H	LK	IE
2966089	Bodyke	52.88389	-8.60111	P	PPL	IE
2966090	Lough Boderg	53.86667	-7.98333	H	LK	IE
2966091	Bobsville	53.71747	-7.06988	P	PPL	IE
2966092	An Chruach Ghorm	54.75415	-8.08109	T	MTS	IE
2966093	Blue Stack	54.75	-8.1	T	MT	IE
2966094	Bluebell	52.05361	-8.25778	P	PPL	IE
2966095	Blue Ball	53.22444	-7.61389	P	PPL	IE
2966097	Bloody Foreland	55.15722	-8.28306	T	CAPE	IE
2966101	Blessington	53.17	-6.5325	P	PPL	IE
2966102	Blennerville	52.25	-9.73333	P	PPL	IE
2966104	Bleach Hill	53.25	-7.96667	P	PPL	IE
2966106	Blasket Islands	52.08333	-10.61667	T	ISLS	IE
2966107	Blarney	51.93333	-8.56667	P	PPL	IE
2966110	Blanchardstown	53.38806	-6.37556	P	PPL	IE
2966111	Blairs Cove	51.61278	-9.53944	P	PPL	IE
2966112	Blackwood	53.29308	-6.81843	P	PPL	IE
2966115	Blackwater Bridge	51.85	-9.75	P	PPL	IE
2966122	Blackwater	52.44667	-6.34528	P	PPL	IE
2966123	Blackstairs Mountain	52.53333	-6.8	T	MT	IE
2966126	Blacksod	54.10053	-10.07132	P	PPLL	IE
2966127	Black Rock Mountain	52.61722	-6.72417	T	MT	IE
2966130	Blackrock	53.96405	-6.36514	P	PPL	IE
2966131	Blackrock	53.3015	-6.1778	P	PPL	IE
2966132	Blackrock	51.89694	-8.41	P	PPL	IE
2966136	Blackpool	52.37806	-8.54278	P	PPL	IE
2966138	Blacklion	54.29168	-7.87539	P	PPL	IE
2966139	Blacklion	52.75	-6.6675	P	PPL	IE
2966140	Black Islands	53.53333	-7.96667	T	ISLS	IE
2966142	Black Head	53.15434	-9.26485	T	CAPE	IE
2966146	The Black Bush	53.47806	-6.50222	P	PPLL	IE
2966147	Black Bull	53.45083	-6.47889	P	PPL	IE
2966148	Black Ball Head	51.59167	-10.04111	T	CAPE	IE
2966149	Bishops Village	51.64028	-9.29583	P	PPL	IE
2966150	Bishopshall	52.315	-7.12083	P	PPL	IE
2966152	Birreencorragh	53.98488	-9.48718	T	MT	IE
2966154	Birr	53.09139	-7.91333	P	PPL	IE
2966155	Birmore Island	53.27806	-9.79111	T	ISL	IE
2966156	Birdhill	52.76556	-8.43583	P	PPL	IE
2966160	An Geata Mór	54.204	-10.03648	P	PPL	IE
2966163	Binbane	54.72984	-8.2522	T	MT	IE
2966166	Bilboa	52.79667	-7.03806	P	PPL	IE
2966168	Bettystown	53.70139	-6.24611	P	PPL	IE
2966173	Slieve Bernagh	52.84222	-8.53139	T	MTS	IE
2966175	Benwee Head	54.33833	-9.8201	T	CAPE	IE
2966177	Benwee	53.58333	-9.58333	T	MT	IE
2966178	Benwee	54.28611	-9.215	T	CAPE	IE
2966179	Bennettsbridge	52.59194	-7.18	P	PPL	IE
2966182	Benmore	54.25	-9.55	T	MT	IE
2966183	Benhead	53.65583	-6.22306	T	CAPE	IE
2966184	Benduff	52.86044	-7.9265	T	MT	IE
2966185	Bencroy	54.12011	-7.93193	T	MT	IE
2966186	Bencorr	53.50654	-9.79281	T	MT	IE
2966187	Benbulbin	54.36445	-8.47457	T	MT	IE
2966188	Benbrack	54.14339	-7.8462	T	MT	IE
2966189	Benbrack	53.53781	-9.86352	T	MT	IE
2966190	Benbo	54.2879	-8.23107	T	MT	IE
2966191	Benbaun	53.51667	-9.83333	T	MT	IE
2966194	Belville	54.16333	-9.34611	P	PPL	IE
2966200	Belvelly	51.88306	-8.30306	P	PPL	IE
2966201	Belturbet	54.1	-7.45	P	PPL	IE
2966202	Beltra Lough	53.9221	-9.41662	H	LK	IE
2966203	Beltra	54.22089	-8.62198	P	PPL	IE
2966204	Beltra	53.94361	-9.38472	P	PPL	IE
2966205	Beltany Upper	55.1	-8.13333	P	PPL	IE
2966206	Beltany Lower	55.1	-8.13333	P	PPL	IE
2966207	Lough Belshade	54.75444	-8.03778	H	LK	IE
2966208	Belmullet	54.225	-9.99083	P	PPL	IE
2966211	Belmont	53.61667	-8.96667	P	PPL	IE
2966215	Belmont	53.255	-7.89361	P	PPL	IE
2966218	Bellia	52.62077	-9.73984	P	PPL	IE
2966219	Bealaclugga	53.12167	-9.06833	P	PPL	IE
2966227	Bellavary	53.89458	-9.15024	P	PPL	IE
2966228	Bellaugh	53.43333	-7.96667	P	PPL	IE
2966229	Bellatrain	54.04028	-6.86889	P	PPL	IE
2966230	Bellanode	54.26694	-7.03417	P	PPL	IE
2966231	Ballinagh	53.93333	-7.41667	P	PPL	IE
2966232	Bellanamullia	53.42682	-8.01418	P	PPL	IE
2966233	Bellanagare	53.83333	-8.38333	P	PPL	IE
2966234	Bellanacargy	54.04167	-7.24917	P	PPL	IE
2966235	Bellanaboy Bridge	54.22444	-9.75361	P	PPL	IE
2966236	Bellanaboy	54.00917	-8.05917	P	PPL	IE
2966240	Bellahy	53.96889	-8.79528	P	PPL	IE
2966241	Bellaheady Bridge	54.08972	-7.61917	P	PPL	IE
2966243	Bellacorick	54.11944	-9.57944	P	PPL	IE
2966244	Belhavel Lough	54.21063	-8.19346	H	LK	IE
2966245	Belgooly	51.73889	-8.49	P	PPL	IE
2966247	Belderg	54.3	-9.55	P	PPL	IE
2966248	Belclare	53.48333	-8.93333	P	PPL	IE
2966250	Belalt	54.54333	-7.88972	P	PPL	IE
2966252	Bekan Lough	53.75	-8.83333	H	LK	IE
2966253	Bekan	53.75	-8.85	P	PPL	IE
2966255	Behagh	53.13667	-9.06444	P	PPL	IE
2966256	Beginish Island	51.93861	-10.30333	T	ISL	IE
2966257	Beetle Head	53.78333	-10.05	T	CAPE	IE
2966258	Beenoskee	52.21385	-10.0774	T	MT	IE
2966259	Beennamweel	52.05	-8.71667	P	PPL	IE
2966260	Beennaman	52.25361	-10.295	T	MT	IE
2966266	Bedlam	55.11667	-8.15	P	PPL	IE
2966268	Bective	53.57972	-6.69722	P	PPL	IE
2966270	Beaulieu House	53.73709	-6.30436	P	PPL	IE
2966271	Beaufort House	52.06667	-9.63333	P	PPL	IE
2966272	Beaufort	52.06667	-9.63333	P	PPL	IE
2966273	Bear Island	51.63583	-9.88139	T	ISL	IE
2966277	Bealock	51.82444	-9.12194	P	PPL	IE
2966278	Bealnablath	51.82528	-8.85972	P	PPL	IE
2966280	Bealin	53.41667	-7.85	P	PPL	IE
2966282	Bealaha	52.71707	-9.5893	P	PPL	IE
2966283	Bealadangan	53.31694	-9.61056	P	PPL	IE
2966284	Lough Bealacooan	53.29778	-9.37722	H	LK	IE
2966287	Bay View	51.70694	-9.43028	P	PPL	IE
2966289	Bawnmore	51.95	-8.95	P	PPL	IE
2966291	Bawn Cross Roads	53.66667	-7.76667	P	PPL	IE
2966292	Bawn Cross Roads	52.23333	-8.9	P	PPL	IE
2966293	Bawnboy	54.12139	-7.67556	P	PPL	IE
2966294	Bawn	52.82944	-8.21528	P	PPL	IE
2966296	Barr Tri gCom	52.20706	-9.82952	T	MT	IE
2966297	Baurscoob	52.5	-7.31667	P	PPL	IE
2966298	Bauraneag	52.51583	-9.16889	P	PPL	IE
2966300	Battle Bridge	54	-8.08333	P	PPL	IE
2966301	Batterstown	53.47123	-6.53666	P	PPL	IE
2966302	Bartraw	53.8	-9.65	T	ISL	IE
2966303	Bartragh Island	54.21444	-9.16472	T	ISL	IE
2966304	Bartlemy	52.04833	-8.26583	P	PPL	IE
2966306	Barrys Head	51.70306	-8.39583	T	CAPE	IE
2966307	Barrykilla	51.84417	-8.16833	P	PPL	IE
2966308	Barry	53.6	-7.76667	P	PPL	IE
2966311	Barrow	52.30833	-9.84417	P	PPL	IE
2966312	Barronstown	52.4	-6.73333	P	PPL	IE
2966313	Barringtonsbridge	52.64444	-8.47028	P	PPL	IE
2966314	Barrigone	52.6	-9.05	P	PPL	IE
2966315	Barratogher	54.03333	-8.85	P	PPL	IE
2966316	Barranagh Island	54.16283	-10.04219	T	ISL	IE
2966317	Barraduff	52.06667	-9.33333	P	PPL	IE
2966318	Barrack Village	52.47278	-6.85611	P	PPL	IE
2966319	Barrack Village	52.3175	-7.74667	P	PPL	IE
2966321	Barrabehy	52.34639	-7.26444	P	PPL	IE
2966323	Lough Barra	54.95583	-8.10472	H	LK	IE
2966325	Barnycarroll	53.75	-8.95	P	PPL	IE
2966330	Barnesmore	54.69194	-7.99472	P	PPL	IE
2966338	Barnaderg	53.48333	-8.71667	P	PPL	IE
2966339	Barnacurra	52.2	-9.06667	P	PPL	IE
2966340	Barnacahoge	53.91667	-8.86667	P	PPL	IE
2966341	Barna	53.25	-9.15	P	PPL	IE
2966342	Bearna	53.25194	-9.14972	P	PPL	IE
2966343	Barna	52.53583	-8.33139	P	PPL	IE
2966344	Barmona	52.58333	-6.9	P	PPL	IE
2966346	Barloge	51.49258	-9.30027	P	PPL	IE
2966347	Barley Lake	51.75917	-9.62806	H	LK	IE
2966356	Bantry	51.68025	-9.45254	P	PPL	IE
2966357	Banteer	52.12933	-8.89369	P	PPL	IE
2966358	Bansha Wood	52.44611	-8.105	V	FRST	IE
2966360	Bansha	52.44806	-8.0625	P	PPL	IE
2966362	Banoge	52.48278	-8.71194	P	PPL	IE
2966363	Bannow Island	52.21472	-6.79722	T	ISL	IE
2966365	Banna	52.36167	-9.82889	P	PPL	IE
2966367	Bangor	54.14306	-9.74028	P	PPL	IE
2966368	Lough Bane	53.68722	-7.17028	H	LK	IE
2966370	Bandon	51.74694	-8.7425	P	PPL	IE
2966371	Banagher	53.18861	-7.98667	P	PPL	IE
2966372	Banada	54.03459	-8.81369	P	PPL	IE
2966373	Baltray	53.74056	-6.2675	P	PPL	IE
2966375	Baltinglass	52.93722	-6.70917	P	PPL	IE
2966377	Baltimore	51.48446	-9.36782	P	PPL	IE
2966378	Balrothery	53.58828	-6.18728	P	PPL	IE
2966380	Balrath	53.62472	-6.48806	P	PPL	IE
2966381	Balnacart	53.75	-7.3	P	PPL	IE
2966384	Ballywilliam	52.45306	-6.86528	P	PPL	IE
2966389	Ballyvoyle Head	52.10444	-7.49306	T	CAPE	IE
2966390	Baile Bhuirne	51.94606	-9.16689	P	PPL	IE
2966391	Ballyvourcher	52.73333	-8.56667	P	PPL	IE
2966393	Ballyvisteen	52.27222	-8.44611	P	PPL	IE
2966395	Ballyvaldon	52.46667	-6.30417	P	PPL	IE
2966396	Ballyvaghan	53.11806	-9.15028	P	PPL	IE
2966401	Ballytarsna	52.57639	-7.82583	P	PPL	IE
2966403	Ballyshoneen	51.95	-8.68333	P	PPL	IE
2966406	Ballyshannon	54.5	-8.18333	P	PPL	IE
2966410	Ballysakeery	54.18472	-9.18028	P	PPL	IE
2966414	Ballysadare	54.21167	-8.50944	P	PPL	IE
2966415	Ballyroon	51.56194	-9.78139	P	PPL	IE
2966416	Ballyroan	52.94556	-7.30417	P	PPL	IE
2966418	Ballyre	51.99528	-8.03639	P	PPL	IE
2966420	Ballyragget	52.78889	-7.33028	P	PPL	IE
2966422	Ballyquin	52.36944	-7.12833	P	PPL	IE
2966423	Ballyquin	52.26	-10.16222	P	PPL	IE
2966425	Ballyporeen	52.26917	-8.10028	P	PPL	IE
2966427	Ballypatrick	52.39361	-7.54583	P	PPL	IE
2966428	Ballyorgan	52.31472	-8.46778	P	PPL	IE
2966429	Ballynoran	52.31667	-8.7	P	PPL	IE
2966431	Ballynoe	52.15	-8.08333	P	PPL	IE
2966432	Ballynoe	52.05917	-8.09861	P	PPL	IE
2966433	Ballynew	53.23333	-9.43333	P	PPL	IE
2966434	Ballynestragh	52.7189	-6.29121	P	PPL	IE
2966436	Ballyneill	52.37333	-7.48944	P	PPL	IE
2966437	Ballyneety	52.59611	-8.54694	P	PPL	IE
2966438	Ballynee	53.80889	-6.75694	P	PPL	IE
2966440	Ballyneale	52.42639	-7.00611	P	PPL	IE
2966443	Ballynastangford	53.75	-9.03333	P	PPL	IE
2966444	Ballynashee	54.10676	-8.20812	P	PPL	IE
2966445	Ballynascarty	51.93389	-8.09611	P	PPL	IE
2966446	Ballynasare	52.14111	-10.11806	P	PPL	IE
2966447	Ballynare Cross Roads	53.42306	-6.57472	P	PPL	IE
2966449	Ballynanty	52.48333	-8.56667	P	PPL	IE
2966450	Ballynamult	52.21111	-7.73667	P	PPL	IE
2966451	Ballynamona	52.49861	-8.44861	P	PPL	IE
2966452	Ballynamona	52.08333	-8.63333	P	PPL	IE
2966454	Ballynameeltoge	54.11667	-7.91667	P	PPL	IE
2966455	Ballynameelagh	54.85	-7.93333	P	PPL	IE
2966456	Ballynalty	53.5	-9.2	P	PPL	IE
2966458	Ballynakill Lough	53.55472	-10.04917	H	LK	IE
2966460	Ballynakilla	51.64556	-9.85833	P	PPL	IE
2966461	Ballynakill	53.36667	-7.93333	P	PPL	IE
2966462	Ballynahown	53.35111	-7.84611	P	PPL	IE
2966463	Ballynahinch Lake	53.46667	-9.83333	H	LK	IE
2966466	Ballynahattina	53.45	-8.51667	P	PPL	IE
2966467	Ballynagree	51.98333	-8.93333	P	PPL	IE
2966468	Ballynagrallagh	52.37306	-6.78778	P	PPL	IE
2966469	Ballynagore	53.405	-7.46417	P	PPL	IE
2966470	Ballynaglogh	54.06667	-8.55	P	PPL	IE
2966472	Ballynagarbry	53.40139	-7.73556	P	PPL	IE
2966473	Ballynagall	52.19056	-10.38	P	PPL	IE
2966475	Ballynadrumny	53.43058	-6.95099	P	PPL	IE
2966477	Ballynacourty	52.085	-7.56694	P	PPL	IE
2966479	Ballinacurra	51.89611	-8.165	P	PPL	IE
2966480	Ballynaclogh	52.82722	-8.16111	P	PPL	IE
2966481	Ballynacarrow	54.135	-8.56139	P	PPL	IE
2966482	Ballynacarrigy	53.58333	-7.53333	P	PPL	IE
2966484	Ballynacarriga	51.71194	-9.04056	P	PPL	IE
2966485	Ballynacally	52.71917	-9.06583	P	PPL	IE
2966486	Ballynacallagh	51.60611	-10.175	P	PPL	IE
2966487	Ballynabola	52.36667	-6.83333	P	PPL	IE
2966489	Ballymurphy	52.57306	-6.86167	P	PPL	IE
2966490	Ballymurn	52.44111	-6.47472	P	PPL	IE
2966491	Ballymoyle	52.85039	-6.11836	P	PPL	IE
2966492	Ballymote	54.08333	-8.51667	P	PPL	IE
2966493	Ballymorris	52.17722	-7.23083	P	PPL	IE
2966496	Ballymore Eustace	53.13316	-6.61496	P	PPL	IE
2966499	Ballymore	55.16167	-7.92028	P	PPL	IE
2966500	Ballymore	53.49091	-7.67159	P	PPL	IE
2966501	Ballymore	52.12694	-10.31361	P	PPL	IE
2966503	Ballymoon	52.70083	-6.92167	P	PPL	IE
2966505	Ballymoney	55.03778	-7.50694	P	PPL	IE
2966507	Ballymoe	53.7	-8.46667	P	PPL	IE
2966511	Ballymartin	52.62917	-6.90917	P	PPL	IE
2966512	Ballymakenny	53.76889	-6.34444	P	PPL	IE
2966513	Ballymakeery	51.93333	-9.13333	P	PPL	IE
2966515	Ballymahon	53.56667	-7.76667	P	PPL	IE
2966516	Ballymagooly	52.13333	-8.6	P	PPL	IE
2966517	Ballymagan	55.15417	-7.42667	P	PPL	IE
2966518	Ballymacward	53.37944	-8.485	P	PPL	IE
2966520	Ballymacoda	51.89	-7.9325	P	PPL	IE
2966521	Ballymackney	53.9575	-6.66306	P	PPL	IE
2966522	Ballymackey	52.87806	-8.08639	P	PPL	IE
2966525	Ballymacelligott	52.25	-9.58333	P	PPL	IE
2966527	Ballymacaw	52.14194	-7.04639	P	PPL	IE
2966528	Ballymacarbry	52.267	-7.71807	P	PPL	IE
2966529	Ballylynan	52.94361	-7.04222	P	PPL	IE
2966530	Ballylooby	52.32694	-7.97889	P	PPL	IE
2966531	Ballylongford	52.54584	-9.47881	P	PPL	IE
2966533	Upper Ballyinch	51.4843	-9.34812	P	PPL	IE
2966535	Ballyliffin	55.28333	-7.4	P	PPL	IE
2966537	Ballylehane Upper	52.89528	-7.12167	P	PPL	IE
2966540	Ballylassa	53.58333	-9.16667	P	PPL	IE
2966541	Ballylaneen	52.17472	-7.40389	P	PPL	IE
2966542	Ballylanders	52.3725	-8.34583	P	PPL	IE
2966543	Ballylaan	52.94667	-9.45833	P	PPL	IE
2966544	Ballyknockan	53.10111	-6.50111	P	PPL	IE
2966547	Ballykerin	52.15	-7.7	P	PPL	IE
2966548	Ballykeeran	53.45	-7.88333	P	PPL	IE
2966550	Ballyjamesduff	53.86528	-7.20278	P	PPL	IE
2966551	Ballyhugh	54.085	-7.53278	P	PPL	IE
2966553	Ballyhoura Mountains	52.30306	-8.53861	T	MTS	IE
2966554	Ballyhoorisky	55.245	-7.7425	P	PPL	IE
2966555	Ballyhooly	52.14944	-8.40056	P	PPL	IE
2966556	Ballyhoolahan	52.15	-9.05	P	PPL	IE
2966557	Ballyhoe Lough	53.90583	-6.71667	H	LK	IE
2966560	Ballyhenry	53.55	-9.11667	P	PPL	IE
2966562	Ballyheige	52.38333	-9.83361	P	PPL	IE
2966563	Ballyheelan	53.83333	-7.35	P	PPL	IE
2966564	Ballyhean	53.79334	-9.31384	P	PPL	IE
2966566	Ballyhaunis	53.76667	-8.76667	P	PPL	IE
2966567	Ballyhard	53.6	-8.48333	P	PPL	IE
2966568	Ballyhar	52.11667	-9.56667	P	PPL	IE
2966569	Ballyhale	52.46806	-7.19639	P	PPL	IE
2966572	Ballyhaise	54.05	-7.31667	P	PPL	IE
2966573	Ballyhahill	52.55917	-9.19278	P	PPL	IE
2966574	Ballyhack	52.24848	-6.96482	P	PPL	IE
2966575	Ballygriffin	52.51444	-7.98778	P	PPL	IE
2966576	Ballygrady	52.21667	-8.81667	P	PPL	IE
2966577	Ballygorey	52.26583	-7.23056	P	PPL	IE
2966582	Ballyglass	53.73333	-9.16667	P	PPL	IE
2966584	Ballygeale	52.56778	-8.72028	P	PPL	IE
2966585	Ballygarvan	51.82198	-8.46233	P	PPL	IE
2966587	Ballygarries	53.68333	-9.18333	P	PPL	IE
2966588	Ballygarrett	52.5725	-6.22611	P	PPL	IE
2966589	Ballygar	53.52162	-8.32738	P	PPL	IE
2966590	Ballyfoyle	52.72361	-7.23028	P	PPL	IE
2966593	Ballyferriter	52.16667	-10.41667	P	PPL	IE
2966595	Ballyfeard	51.75528	-8.4375	P	PPL	IE
2966596	Ballyfarnan	54.06806	-8.19944	P	PPL	IE
2966597	Ballyfanoher	54.3	-9.4	P	PPL	IE
2966599	Ballyfad	52.76556	-6.26722	P	PPL	IE
2966602	Ballyederlan	54.60417	-8.37917	P	PPL	IE
2966603	Ballydurn Cross Roads	52.24833	-7.3975	P	PPL	IE
2966605	Ballyduff	52.45593	-9.66399	P	PPL	IE
2966606	Ballyduff	52.22972	-7.26083	P	PPL	IE
2966608	Ballyduff	52.14667	-8.05361	P	PPL	IE
2966610	Ballydooley	53.66667	-8.33333	P	PPL	IE
2966615	Ballydonegan	51.63556	-10.055	P	PPL	IE
2966616	Ballydine Cross Roads	52.36667	-7.50944	P	PPL	IE
2966617	Ballydesmond	52.18333	-9.23333	P	PPL	IE
2966618	Ballydehob	51.5611	-9.46229	P	PPL	IE
2966619	Ballydavid Head	52.22889	-10.37	T	CAPE	IE
2966620	Ballydavid	53.20139	-8.46722	P	PPL	IE
2966621	Ballydavid	52.22083	-10.36528	P	PPL	IE
2966622	Ballydangan	53.345	-8.09	P	PPL	IE
2966625	Ballycumber	53.32444	-7.68278	P	PPL	IE
2966626	Ballycullane	52.27444	-6.83028	P	PPL	IE
2966627	Ballycuirke Lough	53.32803	-9.1562	H	LK	IE
2966628	Ballycrovane	51.71667	-9.95	P	PPL	IE
2966630	Ballycrossaun	53.14667	-8.19361	P	PPL	IE
2966631	Ballycotton Island	51.82601	-7.98486	T	ISL	IE
2966633	Ballycotton	51.83333	-8.01611	P	PPL	IE
2966635	Ballyconra	52.80389	-7.35361	P	PPL	IE
2966637	Ballyconnell	54.36306	-8.65167	P	PPL	IE
2966638	Ballyconnell	54.11667	-7.58333	P	PPL	IE
2966640	Ballycommon	53.29361	-7.36333	P	PPL	IE
2966641	Ballycolla	52.88278	-7.44722	P	PPL	IE
2966643	Ballyclogh	52.16667	-8.73333	P	PPL	IE
2966644	Ballyclery	53.15528	-8.91	P	PPL	IE
2966645	Ballyclerahan	52.41127	-7.75759	P	PPL	IE
2966646	Ballycastle	54.28333	-9.36667	P	PPL	IE
2966649	Belcarra	53.80097	-9.21489	P	PPL	IE
2966650	Ballycarney	52.58056	-6.56806	P	PPL	IE
2966653	Ballycapple	52.90803	-6.13166	P	PPL	IE
2966654	Ballycanew	52.60889	-6.30306	P	PPL	IE
2966655	Ballycahill	52.68944	-7.90472	P	PPL	IE
2966658	Ballybunnion	52.51108	-9.67097	P	PPL	IE
2966659	Ballybrophy	52.89944	-7.6025	P	PPL	IE
2966661	Ballybrood	52.55972	-8.44639	P	PPL	IE
2966663	Ballybrittas	53.10944	-7.1375	P	PPL	IE
2966664	Ballybrack	52.21306	-10.30861	P	PPL	IE
2966665	Ballybrack	52.13333	-9.58333	P	PPL	IE
2966666	Ballyboy	53.17306	-7.69611	P	PPL	IE
2966667	Ballyboughal	53.51952	-6.26671	P	PPL	IE
2966668	Ballybofey	54.8	-7.78333	P	PPL	IE
2966670	Ballyboden	53.28056	-6.31639	P	PPL	IE
2966671	Ballybeg Island	53.71194	-10.04417	T	ISL	IE
2966675	Ballybay	54.12611	-6.90056	P	PPL	IE
2966676	Ballybay	53.46667	-8	P	PPL	IE
2966679	Ballyargus	55.16667	-7.16667	P	PPL	IE
2966683	Ballyagran	52.40139	-8.78583	P	PPL	IE
2966684	Ballyadams	52.96417	-7.08167	P	PPL	IE
2966686	Balloughter	52.61667	-6.35778	P	PPL	IE
2966687	Ballough	53.53528	-6.19639	P	PPL	IE
2966688	Balloor	55.26861	-7.6525	P	PPL	IE
2966689	Ballon	52.74056	-6.76778	P	PPL	IE
2966690	Ballivor	53.53167	-6.96111	P	PPL	IE
2966692	Ballitore	53.00694	-6.81944	P	PPL	IE
2966693	Ballisk	53.49	-6.14889	P	PPL	IE
2966695	Ballinure	52.56306	-7.76889	P	PPL	IE
2966696	Ballinunty	52.59028	-7.665	P	PPL	IE
2966697	Ballintubbert	52.98139	-7.08944	P	PPL	IE
2966698	Ballintra	54.57694	-8.11972	P	PPL	IE
2966699	Ballintombay	52.91667	-6.28333	P	PPL	IE
2966700	Ballintogher	54.2	-8.36667	P	PPL	IE
2966703	Ballintubber	53.75744	-9.2807	P	PPL	IE
2966704	Ballintober	53.71857	-8.41096	P	PPL	IE
2966707	Ballintemple	51.89306	-8.43528	P	PPL	IE
2966708	Ballintaylor Lower	52.07917	-7.73917	P	PPL	IE
2966709	Ballinspittle	51.66778	-8.60028	P	PPL	IE
2966711	Ballinskelligs	51.825	-10.275	P	PPL	IE
2966713	Ballinruan	52.95306	-8.82611	P	PPL	IE
2966714	Ballinrostig	51.82083	-8.18444	P	PPL	IE
2966715	Ballinrobe	53.63333	-9.23333	P	PPL	IE
2966716	Ballin Prior	52.35	-9.81667	P	PPL	IE
2966719	Ballinlough	53.74179	-8.63555	P	PPL	IE
2966720	Ballinlough	53.06667	-8.45	P	PPL	IE
2966722	Ballinleeny	52.45361	-8.74306	P	PPL	IE
2966724	Ballinkillin	52.64917	-6.92722	P	PPL	IE
2966726	Ballinhassig	51.81417	-8.53694	P	PPL	IE
2966727	Ballingurteen	51.66667	-9.01667	P	PPL	IE
2966728	Ballinguile	52.927	-6.50824	P	PPL	IE
2966731	Ballingeary	51.85	-9.23333	P	PPL	IE
2966733	Ballingarry	53.01722	-8.02667	P	PPL	IE
2966734	Ballingarry	52.58722	-7.54	P	PPL	IE
2966735	Ballingarry	52.47278	-8.86389	P	PPL	IE
2966736	Ballingarrane	52.54861	-8.93694	P	PPL	IE
2966737	Ballineen	51.73694	-8.95694	P	PPL	IE
2966738	Ballindrait	54.84417	-7.52583	P	PPL	IE
2966739	Ballindooly	53.31222	-9.02194	P	PPL	IE
2966740	Ballindine	53.66667	-8.96667	P	PPL	IE
2966742	Ballinderry	53.02056	-8.22194	P	PPL	IE
2966743	Ballinderreen	53.18639	-8.90639	P	PPL	IE
2966744	Ballindangan	52.23444	-8.33167	P	PPL	IE
2966745	Ballindaggan	52.565	-6.67417	P	PPL	IE
2966746	Ballincurry	52.58472	-7.60361	P	PPL	IE
2966747	Ballincurrig	51.98722	-8.22778	P	PPL	IE
2966748	Ballincrea	52.31833	-7.08806	P	PPL	IE
2966749	Ballincollig	51.88333	-8.58333	P	PPL	IE
2966750	Ballincloher	52.38889	-9.685	P	PPL	IE
2966752	Ballinclashet	51.71833	-8.45167	P	PPL	IE
2966753	Ballinasloe	53.3275	-8.21944	P	PPL	IE
2966754	Ballinascarty	51.67222	-8.90528	P	PPL	IE
2966755	Ballinapark	54.31083	-9.57056	P	PPL	IE
2966756	Ballinamuck	53.86667	-7.71667	P	PPL	IE
2966759	Ballinamore Bridge	53.48333	-8.36667	P	PPL	IE
2966760	Ballinamore	54.05	-7.8	P	PPL	IE
2966762	Ballinameen	53.89633	-8.3007	P	PPL	IE
2966763	Ballinalee	53.77509	-7.65593	P	PPL	IE
2966765	Ballinalea	53.00306	-6.10889	P	PPL	IE
2966766	Ballinalack	53.62762	-7.46923	P	PPL	IE
2966767	Ballinakill	52.87389	-7.30806	P	PPL	IE
2966768	Ballinagore	52.80528	-6.29694	P	PPL	IE
2966769	Ballinagleragh	54.15694	-8.005	P	PPL	IE
2966770	Ballinagar	53.26444	-7.335	P	PPL	IE
2966772	Ballinafad	54.0275	-8.33722	P	PPL	IE
2966773	Ballinafad	53.73333	-8.08333	P	PPL	IE
2966774	Ballinadee	51.71278	-8.63444	P	PPL	IE
2966775	Ballinaclash	52.9063	-6.26203	P	PPL	IE
2966776	Ballinaboy	53.46667	-10.01667	P	PPL	IE
2966778	Ballina	54.11667	-9.16667	P	PPL	IE
2966779	Ballina	52.80778	-8.43556	P	PPL	IE
2966780	Ballickmoyler	52.87694	-7.01083	P	PPL	IE
2966782	Ballaghmore	52.95917	-7.72639	P	PPL	IE
2966783	Ballaghkeen	52.47972	-6.42	P	PPL	IE
2966784	Ballaghaderreen	53.90134	-8.57507	P	PPL	IE
2966785	Ballagh	53.29639	-9.11	P	PPL	IE
2966786	Ballagh	52.58944	-7.98639	P	PPL	IE
2966788	Balla	53.8032	-9.12913	P	PPL	IE
2966790	Baldwinstown	53.56472	-6.35528	P	PPL	IE
2966791	Baldwinstown	52.23333	-6.58333	P	PPL	IE
2966793	Baldoyle	53.39972	-6.12583	P	PPL	IE
2966794	Balbriggan	53.60846	-6.1831	P	PPL	IE
2966796	Bailieborough	53.91667	-6.96667	P	PPL	IE
2966797	Baginbun Head	52.16944	-6.82417	T	CAPE	IE
2966799	Baggotstown	52.45	-8.5	P	PPL	IE
2966800	Bagenalstown	52.70031	-6.96181	P	PPL	IE
2966804	Lough Awee	53.3775	-9.73917	H	LK	IE
2966809	Lough Avehy	54.54833	-7.94556	H	LK	IE
2966810	Lough Avaghon	54.06333	-6.95	H	LK	IE
2966812	Aughris Head	54.27929	-8.75128	T	CAPE	IE
2966813	Aughris	54.27306	-8.76944	P	PPL	IE
2966815	Aughrim	53.30222	-8.3125	P	PPL	IE
2966816	Aughrim	53.01028	-8.94444	P	PPL	IE
2966817	Aughrim	52.85333	-6.3275	P	PPL	IE
2966819	Aughnasheelan	54.06944	-7.86111	P	PPL	IE
2966823	Aughinish Island	52.62111	-9.06611	T	ISL	IE
2966825	Aughils	52.16167	-9.87722	P	PPL	IE
2966826	Aughclare	52.32722	-6.92528	P	PPL	IE
2966827	Aughboy	52.73917	-8.54028	P	PPL	IE
2966828	Aughagault Little	54.86667	-7.71667	P	PPL	IE
2966829	Aughagault Big	54.86667	-7.73333	P	PPL	IE
2966830	Aughagault	54.86556	-7.73167	P	PPL	IE
2966832	Attymon	53.31861	-8.60639	P	PPL	IE
2966833	Attimachugh	54.0094	-9.02313	P	PPL	IE
2966834	Attanagh	52.83611	-7.37139	P	PPL	IE
2966835	Lough Atorick	53.01611	-8.54639	H	LK	IE
2966837	Athy	52.99139	-6.98028	P	PPL	IE
2966838	Athnid	52.72444	-7.76722	P	PPL	IE
2966840	Athleague	53.56667	-8.25	P	PPL	IE
2966841	Athlacca	52.45694	-8.64861	P	PPL	IE
2966842	Athgarvan	53.15229	-6.78173	P	PPL	IE
2966843	Athenry	53.29639	-8.74306	P	PPL	IE
2966844	Athea	52.45972	-9.28944	P	PPL	IE
2966848	Athboy	53.62327	-6.91434	P	PPL	IE
2966852	Athabatteen	51.96667	-8.78333	P	PPL	IE
2966853	Lough Atedaun	52.94472	-9.04556	H	LK	IE
2966854	Astee	52.5513	-9.55692	P	PPL	IE
2966855	Askintinny	52.76417	-6.15167	P	PPL	IE
2966857	Askeaton	52.59972	-8.97556	P	PPL	IE
2966858	Askamore	52.67139	-6.47583	P	PPL	IE
2966866	Ashford	52.36667	-9.06667	P	PPL	IE
2966869	Ash Field	53.85917	-6.87306	P	PPL	IE
2966870	Ashbourne	53.51163	-6.39821	P	PPL	IE
2966871	Ashakiltubbrid	53.93333	-7.75	P	PPL	IE
2966873	Arvagh	53.92345	-7.5836	P	PPL	IE
2966874	Arthurstown	52.24362	-6.9534	P	PPL	IE
2966875	Lough Arrow	54.06389	-8.325	H	LK	IE
2966877	Arra Mountains	52.83472	-8.37333	T	MTS	IE
2966878	Arnagragh	52.21667	-9.38333	P	PPL	IE
2966880	Arless	52.9	-7.03333	P	PPL	IE
2966881	Arklow Head	52.77745	-6.13622	T	CAPE	IE
2966883	Arklow	52.79443	-6.14958	P	PPL	IE
2966885	Arigna	54.07778	-8.10556	P	PPL	IE
2966887	Ardy	55.11667	-7.51667	P	PPL	IE
2966889	Ardsollus Bridge	52.7975	-8.88889	P	PPL	IE
2966891	Ards Beg	55.11667	-8.15	P	PPL	IE
2966894	Ards	53.63333	-7.83333	P	PPL	IE
2966898	Ardranny	53.25	-8.3	P	PPL	IE
2966899	Ardrahan	53.1575	-8.80583	P	PPL	IE
2966900	Ardpatrick	52.34222	-8.52667	P	PPL	IE
2966902	Ardoginna Head	51.94194	-7.76028	T	CAPE	IE
2966903	Ardnaree	55.05917	-7.62861	P	PPL	IE
2966904	Ardnaree	54.10889	-9.15111	P	PPL	IE
2966906	Ardnacrusha	52.70908	-8.61431	P	PPL	IE
2966909	Ardmore Head	51.93333	-7.7	T	CAPE	IE
2966911	Ardmore	51.94917	-7.72528	P	PPL	IE
2966913	Ardlougher	54.06194	-7.57556	P	PPL	IE
2966914	Ardinode	53.11667	-6.63333	P	PPL	IE
2966916	Ardgroom	51.74056	-9.89556	P	PPL	IE
2966919	Ardfinnan	52.31167	-7.875	P	PPL	IE
2966920	Ardfield	51.56667	-8.91444	P	PPL	IE
2966922	Ardfert	52.32261	-9.77774	P	PPL	IE
2966923	Arderin	53.0406	-7.65418	T	MT	IE
2966925	Ardee	53.85972	-6.54056	P	PPL	IE
2966926	Ardea	51.81444	-9.75778	P	PPL	IE
2966927	Ardderry Lough	53.45	-9.51667	H	LK	IE
2966928	Ardcrony	52.93222	-8.15722	P	PPL	IE
2966929	Ardcath	53.60806	-6.39139	P	PPL	IE
2966935	Ardara	54.76444	-8.4075	P	PPL	IE
2966936	Ardamore	52.20306	-10.36583	P	PPL	IE
2966938	Ardakillin Lough	53.75	-8.18333	H	LK	IE
2966940	Ardagh	53.89778	-6.74306	P	PPL	IE
2966941	Ardagh	53.66667	-7.7	P	PPL	IE
2966942	Ardagh	52.49444	-9.06306	P	PPL	IE
2966943	Ard	53.31611	-9.87833	P	PPL	IE
2966947	Aran Islands	53.09806	-9.62861	T	ISLS	IE
2966948	Aran Island	54.99155	-8.5253	T	ISL	IE
2966950	Araglin	52.20833	-8.11611	P	PPL	IE
2966952	Lough Aphreaghaun	53.43333	-9.5	H	LK	IE
2966953	Lough Anure	54.99361	-8.28333	H	LK	IE
2966954	Anns Fort	54.03333	-6.98333	P	PPL	IE
2966956	Annestown	52.13806	-7.30444	P	PPL	IE
2966958	Annesbrook	53.83056	-6.93083	P	PPL	IE
2966964	Annamoe	53.02889	-6.25194	P	PPL	IE
2966970	Annaghmore Lough	53.8	-8.15	H	LK	IE
2966971	Annaghmore Lough	53.17917	-7.53917	H	LK	IE
2966973	Annaghmore	53.9	-7.8	P	PPL	IE
2966976	Annagh Island	54.06722	-9.24083	T	ISL	IE
2966977	Annagh Island	53.98083	-9.86194	T	ISL	IE
2966978	Annagh Island	52.25	-9.76667	T	ISL	IE
2966979	Annagh Hill	52.75223	-6.37161	T	MT	IE
2966980	Annagh Head	54.24192	-10.1083	T	HDLD	IE
2966981	Annaghdown	53.3925	-9.06639	P	PPL	IE
2966988	Annagassan	53.88611	-6.34444	P	PPL	IE
2966989	Annagary	55.02194	-8.31778	P	PPL	IE
2966990	Annacurragh	52.84051	-6.34814	P	PPL	IE
2966991	Annacarty	52.56444	-8.11028	P	PPL	IE
2966992	Annacarriga	52.85111	-8.50389	P	PPL	IE
2966994	Slieve Anierin	54.09228	-7.97324	T	MT	IE
2966995	Anglesborough	52.34	-8.31861	P	PPL	IE
2966996	Lough Anaserd	53.43222	-10.09528	H	LK	IE
2966997	Anascaul	52.15167	-10.05667	P	PPL	IE
2966998	Anaglog Cross	53.82417	-6.53111	P	PPL	IE
2966999	Anablaha	52.11667	-9.38333	P	PPL	IE
2967001	Lough Aluirg	55.07333	-8.0425	H	LK	IE
2967002	Alt Upper	54.765	-7.59139	P	PPL	IE
2967003	Altnapaste	54.81472	-7.89917	P	PPL	IE
2967004	Alt Lower	54.76667	-7.58333	P	PPL	IE
2967006	Altan Lough	55.05694	-8.09222	H	LK	IE
2967008	Altadush	54.93139	-7.94944	P	PPL	IE
2967009	Slieve Alp	54.05465	-9.73233	T	MT	IE
2967010	Lough Allua	51.85111	-9.17278	H	LK	IE
2967012	Allihies	51.63333	-10.03333	P	PPL	IE
2967013	Allenwood	53.28775	-6.85399	P	PPL	IE
2967015	Lough Allen	54.11667	-8.05	H	LK	IE
2967017	Lough Alick	54.07028	-9.20361	H	LK	IE
2967019	Lough Alewnaghta	52.96889	-8.35833	H	LK	IE
2967020	Lough Aleck More	54.91917	-8.3675	H	LK	IE
2967022	Akinkeen	51.81667	-9.43333	T	MT	IE
2967023	Lough Akibbon	55	-7.88333	H	LK	IE
2967024	Akeragh Lough	52.37556	-9.82222	H	LK	IE
2967026	Aille	53.77092	-9.40778	P	PPL	IE
2967027	Ahimma	52.49307	-9.6393	P	PPL	IE
2967030	Aherla	51.85402	-8.73233	P	PPL	IE
2967031	Ahenny	52.41528	-7.39722	P	PPL	IE
2967032	Ahascragh	53.39556	-8.32944	P	PPL	IE
2967034	Ahakista	51.60556	-9.63583	P	PPL	IE
2967035	Ahafona	52.5068	-9.65872	P	PPL	IE
2967037	Lough Agraffard	53.4	-9.41667	H	LK	IE
2967038	Aglish	52.98444	-9.0025	P	PPL	IE
2967039	Aglish	52.06889	-7.8275	P	PPL	IE
2967040	Aghlem Bridge	54.65667	-8.01917	P	PPL	IE
2967041	Aghleam	54.11761	-10.10114	P	PPL	IE
2967042	Aghla Mountain South Top	54.83773	-8.16119	T	MT	IE
2967043	Aghern	52.0825	-8.15222	P	PPL	IE
2967047	Aghaville Cross Roads	51.65889	-9.34333	P	PPL	IE
2967048	Aghavas	53.95389	-7.71611	P	PPL	IE
2967049	Aghavannagh	52.91417	-6.41694	P	PPL	IE
2967050	Aghatubrid Bridge	51.88111	-10.19639	P	PPL	IE
2967051	Aghanvilla	53.2	-7.31667	P	PPL	IE
2967052	Aghancon	53.03222	-7.78833	P	PPL	IE
2967054	Aghamore	53.901	-7.961	P	PPL	IE
2967055	Aghamore	53.82611	-8.81849	P	PPL	IE
2967057	Aghagower	53.75	-9.46667	P	PPL	IE
2967061	Aghada	51.83917	-8.21222	P	PPL	IE
2967064	Aghabullogue	51.93333	-8.8	P	PPL	IE
2967065	Aghabog	54.14972	-7.08944	P	PPL	IE
2967066	Aghaboe	52.91889	-7.51194	P	PPL	IE
2967067	Lough Afoor	53.38306	-9.02222	H	LK	IE
2967070	Adrigole	51.69405	-9.72136	P	PPL	IE
2967072	Lough Adoon	52.19861	-10.15306	H	LK	IE
2967073	Lough Aderry	54.81083	-8.39667	H	LK	IE
2967076	Adare	52.56194	-8.79556	P	PPL	IE
2967077	Adamstown	52.39417	-6.71694	P	PPL	IE
2967078	Lough Acoose	52.00722	-9.81167	H	LK	IE
2967080	Aclare	54.03333	-8.9	P	PPL	IE
2967082	Achill Island	53.9625	-9.99028	T	ISL	IE
2967083	Achill Head	53.97459	-10.25668	T	CAPE	IE
2967084	Achillbeg Island	53.86444	-9.95194	T	ISL	IE
2967085	Achill	53.93111	-9.915	P	PPL	IE
2967086	Abington	52.63556	-8.41472	P	PPL	IE
2967087	Ardlaherty	54.05928	-8.49053	P	PPL	IE
2967088	Abbeytown	54.17167	-9.16111	P	PPL	IE
2967089	Abbeyside	52.09389	-7.61139	P	PPL	IE
2967090	Abbeyshrule	53.58333	-7.65	P	PPL	IE
2967092	Abbeyleix	52.91331	-7.34456	P	PPL	IE
2967093	Abbeylara	53.76667	-7.45	P	PPL	IE
2967094	Abbey Island	51.76167	-10.14972	T	ISL	IE
2967095	Abbeyfeale	52.38139	-9.3025	P	PPL	IE
2967096	Abbeydorney	52.35	-9.68333	P	PPL	IE
2967097	Abbey	53.10306	-8.39222	P	PPL	IE
2967099	Abbeville	51.96667	-8.58333	P	PPL	IE
2967102	Aasleagh	53.61667	-9.66667	P	PPL	IE
3226039	Aroo	54.41667	-8.25	T	MT	IE
3226042	Mullaghmore Head	54.45	-8.46667	T	CAPE	IE
3226052	Malin Beg Head	54.66667	-8.78333	T	CAPE	IE
3226097	Croaghleheen	54.87637	-8.1908	T	MT	IE
3226277	Bannow	52.21528	-6.76611	P	PPL	IE
3226366	Polduff	52.56667	-6.2	P	PPL	IE
3226381	Ballydane	52.65	-6.25	P	PPL	IE
3226389	Castletown	52.72233	-6.18905	P	PPL	IE
3226392	Carrick Mountain	52.9829	-6.1664	T	MT	IE
3229969	Straw Island	53.12056	-9.6275	T	ISL	IE
3229972	Rock Island	53.15528	-9.855	T	ISL	IE
3230099	Tarbert Island	52.58833	-9.36361	T	ISL	IE
3230120	Monavullagh Mountains	52.21944	-7.59972	T	MTS	IE
3230130	Black Head	51.62861	-8.53639	T	CAPE	IE
3230131	Hake Head	51.65806	-8.53722	T	CAPE	IE
3230146	Cork Head	51.74306	-8.3	T	CAPE	IE
3230147	Morris Head	51.75417	-8.29722	T	CAPE	IE
3230151	Rams Head	51.80904	-8.27449	T	CAPE	IE
3230200	Kilcredaun Head	52.5875	-9.71667	T	CAPE	IE
3230206	Big Sovereign	51.675	-8.45	T	ISL	IE
3230296	Rossaveel	53.27083	-9.55111	P	PPL	IE
3230299	Lettermullan	53.245	-9.73861	P	PPL	IE
3230306	Loughs Ahalia	53.39667	-9.565	H	LKS	IE
3230308	Knockmorden	53.37917	-9.70833	T	MT	IE
3230311	Illaunnacroagh	53.34583	-9.96139	T	ISL	IE
3230318	Ballyconneely	53.43333	-10.06667	P	PPL	IE
3230319	Doonloughan	53.43917	-10.14167	P	PPL	IE
3230329	Garraun	53.58478	-9.86207	T	MT	IE
3230333	Ben Creggan	53.63688	-9.72878	T	MT	IE
3230334	Sheeffry Hills East Top	53.67332	-9.69395	T	MTS	IE
3230336	Mullaghglass	53.59639	-9.9275	P	PPL	IE
3230337	Tully Mountain	53.58417	-10.005	T	MT	IE
3230343	Kinnadoohy	53.68333	-9.9	P	PPL	IE
3230347	Claddaghduff	53.54444	-10.14167	P	PPL	IE
3230348	Cashleen	53.6	-10.03333	P	PPL	IE
3230354	Roonah Quay	53.76056	-9.89611	P	PPL	IE
3230357	Leckanvy	53.775	-9.6875	P	PPL	IE
3230358	Bengorm	53.9502	-9.63312	T	MT	IE
3230360	Buckoogh	53.95519	-9.53168	T	MT	IE
3230361	Bolinglanna	53.86583	-9.90194	P	PPL	IE
3230376	Dooghbeg	53.88	-9.81472	P	PPL	IE
3230377	Cushlecka	53.89611	-9.79417	P	PPL	IE
3230378	Corraun Hill	53.89853	-9.89627	T	MT	IE
3230379	Cashel	53.95833	-9.96667	P	PPL	IE
3230380	Bunacurry	53.975	-9.975	P	PPL	IE
3230384	Inishgalloon	53.95611	-10.09944	T	ISL	IE
3230386	Croaghaun	53.98403	-10.19663	T	MT	IE
3230388	Nephin Beg Range	54	-9.66667	T	MTS	IE
3230389	Corslieve	54.04722	-9.65	T	MT	IE
3230393	Tullaghanbaun	54.07313	-9.91783	P	PPL	IE
3230402	Dooyork	54.10535	-9.94399	P	PPL	IE
3230405	Fallmore	54.0963	-10.10085	P	PPL	IE
3230413	Gortmellia	54.23391	-9.85937	P	PPL	IE
3230415	Knocknalower	54.24134	-9.82198	P	PPL	IE
3230422	Tawnaghmore	54.29369	-9.59951	T	MT	IE
3230427	Corclogh	54.25457	-10.04209	P	PPL	IE
3230437	Dunmore Head	52.55574	-9.89118	T	CAPE	IE
3230441	Kilcloher Head	52.56208	-9.81273	T	CAPE	IE
3230487	Ferrybank	52.80159	-6.14278	P	PPL	IE
3230488	Ballinakill	52.84002	-6.17381	L	LCTY	IE
3230491	Magherabeg	52.92656	-6.03477	L	LCTY	IE
3230495	Broad Lough	52.9975	-6.05472	H	LK	IE
3230510	Dalkey Island	53.27028	-6.08194	T	ISL	IE
3230530	Georges Head	52.69233	-9.65787	T	CAPE	IE
3230560	Ballysteen	52.64556	-8.955	P	PPL	IE
3230575	Dogs Head	53.11361	-9.62806	T	CAPE	IE
3230577	Lough Nagravin	53.23694	-9.51139	H	LK	IE
3230578	Knockduff	53.28167	-9.46778	P	PPL	IE
3230586	Gleninagh Mountain	53.12981	-9.22771	T	MT	IE
3230587	Cappanawalla	53.12219	-9.20016	T	MT	IE
3230591	Kilcaimin	53.23889	-8.94167	P	PPL	IE
3230593	Aughinish	53.165	-9.07944	P	PPL	IE
3230598	Bird Island	52.45302	-9.76495	T	ISL	IE
3230599	Tiduff	52.4149	-9.9293	P	PPL	IE
3230600	Triskmore Mountain	52.4113	-9.90258	T	MT	IE
3230601	Maulin Mountain	52.41061	-9.87883	T	MT	IE
3230602	Tiershanaghan	52.4211	-9.83763	P	PPL	IE
3230608	Ballymacquin	52.36944	-9.81611	P	PPL	IE
3230613	Illaunnabarnagh	52.34194	-9.91306	T	ISL	IE
3230614	Mucklaghmore	52.34139	-9.93278	T	ISL	IE
3230615	Fenit Island	52.29167	-9.86667	T	ISL	IE
3230619	Inishtooskert	52.33778	-10.05861	T	ISL	IE
3230621	Gurrig Island	52.32778	-10.075	T	ISL	IE
3230623	Masatiompan	52.26166	-10.24847	T	MT	IE
3230625	Seefin	52.04659	-9.91344	T	MT	IE
3230626	Ross Behy	52.05417	-9.9775	P	PPL	IE
3230631	Brickany	52.15515	-10.00103	T	MT	IE
3230632	Moanlaur	52.17679	-9.91604	T	MT	IE
3230636	Beenmore	52.01506	-10.04576	T	MT	IE
3230637	Kilkeehagh	52.03583	-10.02278	P	PPL	IE
3230640	Kings Head	52.03361	-10.09194	T	CAPE	IE
3230644	Killelan Mountain	51.95721	-10.30646	T	MT	IE
3230654	Beennakryraka Head	51.91083	-10.40583	T	CAPE	IE
3230655	Aghnagar Bridge	51.89944	-10.24861	P	PPL	IE
3230658	Knockmulanane	52.1769	-10.09412	T	MT	IE
3230659	Brandon Peak	52.21636	-10.23641	T	PK	IE
3230660	Ballysitteragh	52.18226	-10.25147	T	MT	IE
3230664	Sybil Head	52.19167	-10.44889	T	CAPE	IE
3230665	Croaghmarhin	52.14885	-10.43178	T	MT	IE
3230668	Bolus	51.80184	-10.32163	T	MT	IE
3230669	Deenish Island	51.73563	-10.21954	T	ISL	IE
3230670	Mullaghbeg	51.80665	-10.08996	T	MT	IE
3230671	Eagles Hill	51.8028	-10.05459	T	MT	IE
3230672	Cahernageeha Mountain	51.78605	-10.11711	T	MT	IE
3230673	Illaundrane	51.78972	-9.98833	T	ISL	IE
3230675	Knockatee	51.78305	-9.77584	T	MT	IE
3230676	Coomacloghane	51.73192	-9.83515	T	MT	IE
3230677	Maulin	51.69301	-9.86217	T	MT	IE
3230680	Knocknagallaun	51.65998	-10.04708	T	MT	IE
3230682	Dinish Island	51.65194	-9.90417	T	ISL	IE
3230683	Doonbeg Head	51.61611	-9.88806	T	CAPE	IE
3230695	Dunworly Point	51.57083	-8.75639	T	CAPE	IE
3230699	The Stags	51.46809	-9.22413	T	ISLS	IE
3230701	Knockmoyle	51.91148	-9.94058	T	MT	IE
3230702	Knocklomena	51.92876	-9.74899	T	MT	IE
3230708	Templenoe	51.86667	-9.68333	P	PPL	IE
3230709	Peakeen Mountain	51.9303	-9.59495	T	MT	IE
3230710	Dromderalough	51.95403	-9.51211	T	MT	IE
3230712	Killaha Mountain	51.84414	-9.5896	T	MT	IE
3230715	Knocknagorraveela	51.80303	-9.63745	T	MT	IE
3230716	Knockreagh	51.79278	-9.70093	T	MT	IE
3230717	Coomnadiha	51.78132	-9.67101	T	MT	IE
3230726	Conigar	51.81921	-9.35523	T	MT	IE
3230731	Gouladane	51.6275	-9.64361	P	PPL	IE
3230733	Seefin	51.59814	-9.6979	T	MT	IE
3230734	Mount Kid	51.6094	-9.38667	T	MT	IE
3230735	Mount Corrin	51.59419	-9.52747	T	MT	IE
3230738	Knockaughna	51.57081	-9.59592	T	MT	IE
3230740	Knocknamaddree	51.50848	-9.74354	T	MT	IE
3230742	Hare Island	51.49583	-9.43333	T	ISL	IE
3230753	Ballycroneen	51.80833	-8.10833	P	PPL	IE
3230755	Lahard	51.79694	-8.16889	P	PPL	IE
3230758	Lough Rhue	51.81556	-8.21417	H	LK	IE
3230763	Myrtleville	51.78056	-8.29444	P	PPL	IE
3230774	Killeen	51.74722	-8.34028	P	PPL	IE
3230775	Ballyfoyle	51.74167	-8.36444	P	PPL	IE
3230778	Oysterhaven	51.69167	-8.44306	P	PPL	IE
3230793	Seefin	52.21333	-7.6	T	MT	IE
3230794	Farbreaga	52.18222	-7.5875	T	MT	IE
3230795	Crohaun	52.15616	-7.59892	T	MT	IE
3230803	Ballynagaul	52.04972	-7.56722	P	PPL	IE
3230815	Curragh	51.96222	-7.7175	P	PPL	IE
3230816	Kinsalebeg	51.97222	-7.81306	P	PPL	IE
3230817	Blackball Head	51.93778	-7.81722	T	CAPE	IE
3230840	Portraine	53.49667	-6.11111	P	PPL	IE
3230843	Lidoville	53.5	-6.11667	P	PPL	IE
3230860	Loughshinny	53.54917	-6.08278	P	PPL	IE
3230861	Colt Island	53.58778	-6.08944	T	ISL	IE
3230865	Rockabill	53.59782	-6.00425	T	ISL	IE
3232452	Templebreaga Head	55.2125	-8.00833	T	CAPE	IE
3232456	Saldanha Head	55.18333	-7.58333	T	CAPE	IE
3232457	Lambs Head	55.14167	-7.53333	T	CAPE	IE
3232459	Lenan Head	55.24722	-7.52917	T	CAPE	IE
3232463	Carrickaveol	55.35889	-7.24333	T	CAPE	IE
3232466	Crocknasmug	55.23816	-6.96676	T	MT	IE
3286433	Curraghbinny Wood	51.81	-8.3	V	FRST	IE
3286434	Curraghbinny	51.80833	-8.29389	L	LCTY	IE
3286436	Loughbeg	51.82639	-8.31833	P	PPL	IE
3286448	Summer Point	51.85417	-8.32694	T	CAPE	IE
3286673	Ballymore	51.86222	-8.25444	P	PPL	IE
3286694	East Grove	51.87083	-8.20694	P	PPLL	IE
3286695	Belgrove	51.86667	-8.2	P	PPLL	IE
3286698	Brown Island	51.88278	-8.22389	T	ISL	IE
3286700	Ballyvodock	51.89028	-8.21306	P	PPLL	IE
3286707	Dunkettle	51.9	-8.38333	L	LCTY	IE
3286709	Barry Point	51.89139	-8.36861	T	CAPE	IE
3286710	Flaxfort	51.895	-8.36056	P	PPLL	IE
3286711	Clashavodig	51.89222	-8.34083	P	PPL	IE
3286715	Horsehead	51.87556	-8.34444	P	PPLL	IE
3286716	Rockenham	51.87778	-8.34861	P	PPLL	IE
3286723	Woodville	51.87472	-8.39056	P	PPLL	IE
3289060	Ringsend Park	53.34222	-6.22083	L	PRK	IE
3290226	Doon	51.85333	-9.78583	V	FRST	IE
3290227	Knocknagullion	51.86538	-9.79941	T	MT	IE
3290230	Greenane Islands	51.8625	-9.66778	T	ISLS	IE
3290231	Liberty Hall	51.87139	-9.67889	P	PPLL	IE
3290232	Rossacoosane	51.88167	-9.66528	P	PPLL	IE
3290234	Letter South	51.90253	-9.65704	T	MT	IE
3290339	Derreendarragh	51.89333	-9.75056	P	PPLL	IE
3290340	Gearha	51.9	-9.77972	P	PPLL	IE
3290341	Killaha	51.85583	-9.61917	P	PPL	IE
3290343	Reen	51.87972	-9.64306	P	PPL	IE
3290345	Dromanassig Bridge	51.85389	-9.52028	P	PPLL	IE
3290346	Curranmore	51.86806	-9.53167	P	PPL	IE
3290347	Knockbrack S Top	51.85997	-9.47838	T	MT	IE
3290348	Gearha Bridge	51.88806	-9.77167	P	PPLL	IE
3290349	Killowen	51.88639	-9.56167	P	PPLL	IE
3290350	Sheen Bridge	51.87444	-9.55917	P	PPLL	IE
3290351	Dromatouk	51.88361	-9.53056	P	PPL	IE
3290352	Gullaba Hill	51.85694	-9.44472	T	MT	IE
3290354	Glanlough	51.8775	-9.43889	P	PPL	IE
3290355	Slaheny	51.885	-9.45389	P	PPL	IE
3290356	Letter	51.89083	-9.48611	P	PPLL	IE
3290357	Rice Mount	51.8775	-9.49972	L	LCTY	IE
3290358	Derrylicka	51.91722	-9.76639	P	PPL	IE
3290359	Lough Fadda	51.92833	-9.73694	H	LK	IE
3290360	Lough Barfinnihy	51.93222	-9.67444	H	LK	IE
3290362	Lough Beg	51.92278	-9.73333	H	LK	IE
3290363	Derreeny	51.93667	-9.78944	P	PPL	IE
3290364	Inchinglanna	51.93917	-9.76361	P	PPL	IE
3290365	Lough Namweela	51.95556	-9.78194	H	LK	IE
3290366	Lough Duff	51.95667	-9.75694	H	LK	IE
3290367	Knockaunanattin	51.9509	-9.79119	T	MT	IE
3290368	An Cnoc Breac	51.95369	-9.72439	T	MT	IE
3290369	Crossderry	51.95	-9.68361	P	PPL	IE
3290370	Gearhasallagh	51.94139	-9.69917	P	PPL	IE
3290372	Derrylea	51.95194	-9.65417	P	PPL	IE
3290373	Derrygarriff	51.93694	-9.64194	T	MT	IE
3290374	Foardal	51.94417	-9.62089	T	MT	IE
3290376	Lough Looscaunagh	51.95667	-9.61722	H	LK	IE
3290379	Glas Loughs	51.94306	-9.60583	H	LKS	IE
3290382	Cnoc an Uaignis	51.93385	-9.57196	T	MT	IE
3290383	Dromneavine	51.89056	-9.59028	L	LCTY	IE
3290386	Carhoomeengar	51.90889	-9.60806	P	PPLL	IE
3290388	Knockeens	51.91306	-9.48222	P	PPL	IE
3290389	Mangertonbeg	51.92611	-9.50083	T	MT	IE
3290390	Coombane	51.93194	-9.54111	L	LCTY	IE
3290391	Cummeenslaun Lake	51.93861	-9.56444	H	LK	IE
3290392	Knockrower	51.94778	-9.54639	T	MT	IE
3290393	Triangle Lake	51.9525	-9.51889	H	LK	IE
3290394	Lough Keal	51.955	-9.51361	H	LK	IE
3290396	Keamnabricka Lake	51.95611	-9.50528	H	LK	IE
3290397	Cummeenduvasig	51.93972	-9.50083	L	LCTY	IE
3290400	Lough Aclearig	51.95667	-9.42444	H	LK	IE
3290401	Mangerton	51.93556	-9.4575	P	PPL	IE
3290402	Canrour	51.92694	-9.4375	P	PPL	IE
3290403	Derrincullig	51.93778	-9.41583	T	MT	IE
3290404	Aghnanus Bridge	51.95389	-9.39083	P	PPLL	IE
3290405	Esknabrock	51.93804	-9.41551	T	MT	IE
3290406	Morley’s Bridge	51.92111	-9.38611	P	PPLL	IE
3290407	Coolanassig	51.90917	-9.44944	L	LCTY	IE
3290408	Coolvard Bridge	51.89694	-9.44389	P	PPLL	IE
3290409	Slaheny Bridge	51.89306	-9.44111	P	PPLL	IE
3290412	Barrastooka	51.89278	-9.40333	L	LCTY	IE
3290413	Lomanagh	51.88278	-9.42167	P	PPLL	IE
3290414	Cummeen	51.8725	-9.40222	P	PPL	IE
3290415	Gortnaskeagh	51.85583	-9.40583	L	LCTY	IE
3290416	Carran	51.85574	-9.37587	T	MT	IE
3290417	Knockanruddig	51.88194	-9.32722	L	LCTY	IE
3290418	Lackabaun	51.88139	-9.31833	P	PPL	IE
3290419	Coolnagoppage	51.88972	-9.35417	L	LCTY	IE
3290420	Lough Nabuddoga	51.90833	-9.35417	H	LK	IE
3290421	Garrigery	51.89444	-9.31333	T	MT	IE
3290422	Sillahertane	51.90083	-9.30944	L	LCTY	IE
3290423	Inchec Bridge	51.91056	-9.33917	P	PPLL	IE
3290424	Foilgreana	51.91639	-9.32861	T	MT	IE
3290425	Rosseightvagh	51.92111	-9.37444	L	LCTY	IE
3290426	Inchee	51.92278	-9.31972	L	LCTY	IE
3290427	Coomagearlahy	51.93861	-9.32111	L	LCTY	IE
3290428	Lough Nabirria	51.94222	-9.34583	H	LK	IE
3290554	Doo Loughs	51.94389	-9.35722	H	LKS	IE
3290555	Freaghanagh	51.94972	-9.35861	T	MT	IE
3290556	Rossacroonaloo Wood	51.95306	-9.37278	V	FRST	IE
3290557	Crohane Wood	51.95972	-9.38194	V	FRST	IE
3290558	Gortnakilla	51.95778	-9.32028	L	LCTY	IE
3290559	Coomataggart	51.86471	-9.30578	T	MT	IE
3290560	Foilahumera	51.89917	-9.28	L	LCTY	IE
3290561	Coom Wood	51.91167	-9.29139	V	FRST	IE
3290562	Coumaclavane	51.92778	-9.30333	L	LCTY	IE
3290563	Lough Reagh	51.96722	-9.71667	H	LK	IE
3290564	Lough Cummeenduff	51.96917	-9.69861	H	LK	IE
3290565	Maghanlawaun	51.97139	-9.7775	P	PPL	IE
3290566	Curraghmore	51.9875	-9.76472	T	MT	IE
3290567	Broaghnabinnia	51.97226	-9.74548	T	MT	IE
3290568	Cockow	51.96278	-9.72	P	PPLL	IE
3290569	Curraghmore Lake	51.98556	-9.74139	H	LK	IE
3290570	Brassel Mountain	51.98006	-9.70357	T	MT	IE
3290571	Caher	51.99445	-9.75855	T	MT	IE
3290572	Lough Callee	52.00111	-9.71972	H	LK	IE
3290573	Lough Coomloughra	52.00444	-9.76639	H	LK	IE
3290574	Lough Eagher	52.00167	-9.75917	H	LK	IE
3290575	Lough Gouragh	52.00194	-9.72778	H	LK	IE
3290576	Lough Cummeennapeasta	52.00194	-9.69528	H	LK	IE
3290577	Lough Acoose	52.00861	-9.80639	H	LK	IE
3290578	Lough Googh	51.99333	-9.68417	H	LK	IE
3290579	Derrylooscaunagh	51.96833	-9.66139	L	LCTY	IE
3290580	Feabrahy	51.9875	-9.68111	T	MT	IE
3290581	Beenkeragh	52.00681	-9.74625	T	MT	IE
3290582	Slievanore	52.00278	-9.79833	T	MT	IE
3290583	Skregmore	52.0137	-9.76002	T	MT	IE
3290584	Cnoc Broinne (mullach thiar)	52.01203	-9.73725	T	MT	IE
3290585	Skregbeg	52.02585	-9.76796	T	MT	IE
3290587	Knockbrack	52.03244	-9.74782	T	MT	IE
3290591	Madman’s Seat	51.99278	-9.63389	L	LCTY	IE
3290592	Drishana	51.99389	-9.6525	T	MT	IE
3290594	Upper Lake	51.9775	-9.60139	H	LK	IE
3290595	Gallavally	51.97306	-9.62361	L	LCTY	IE
3290597	Auger Lake	52.01111	-9.6375	H	LK	IE
3290598	Cushvally Lake	52.0175	-9.63889	H	LK	IE
3290599	Ballagh Pass	52.01194	-9.67444	T	PASS	IE
3290600	Black Lake	52.02639	-9.63667	H	LK	IE
3290603	Kill	52.045	-9.71861	P	PPL	IE
3290604	Knocknafreaghaun	52.03167	-9.71194	P	PPL	IE
3290606	Tomies Wood	52.03806	-9.59361	V	FRST	IE
3290607	Shehy Mountain	52.01302	-9.60025	T	MT	IE
3290608	Brown Island	52.04944	-9.56694	T	ISL	IE
3290609	Ross Island	52.04056	-9.5425	T	ISL	IE
3290612	Lamb Island	52.05333	-9.54583	T	ISL	IE
3290614	Innisfallen	52.04528	-9.55472	T	ISL	IE
3290615	Cow Island	52.02944	-9.52194	T	ISL	IE
3290619	Doo Lough	52.01722	-9.52611	H	LK	IE
3290621	Dinish Island	52.00972	-9.54944	T	ISL	IE
3290624	Cullinagh	52.02778	-9.57167	L	LCTY	IE
3290628	Danesfort	52.04	-9.47444	P	PPL	IE
3290629	Ardagh Lough	52.03528	-9.48028	H	LK	IE
3290633	Cromaglan Mountain	51.97333	-9.56056	T	MT	IE
3290636	Stumpacommeen	51.96333	-9.54222	T	MT	IE
3290637	Lough Managh	51.97806	-9.45667	H	LK	IE
3290638	Lough Garagarry	51.99111	-9.46	H	LK	IE
3290639	Lough Erhogh	51.97389	-9.46972	H	LK	IE
3290640	Lough Nabrean	51.99278	-9.41278	H	LK	IE
3290641	Stoompa	51.97989	-9.4474	T	MT	IE
3290642	Eskduff Mountain	51.98806	-9.42917	T	MT	IE
3290643	Owgarrif Bridge	52.01556	-9.45111	P	PPLL	IE
3290644	Fustane Lower	51.91	-9.52056	P	PPL	IE
3290645	Lough Fineen	51.9675	-9.43	H	LK	IE
3290646	Crohane Lake	51.97222	-9.39722	H	LK	IE
3290647	An Beannan Mor	51.9813	-9.40523	T	MT	IE
3290648	Carrigawaddra	51.98263	-9.36888	T	MT	IE
3290649	Derreenacullig	51.97306	-9.36667	L	LCTY	IE
3290651	Lough Athooynastooka	51.99944	-9.36528	H	LK	IE
3290653	Gortalicka	51.97333	-9.32611	L	LCTY	IE
3290655	Annagh	52.00889	-9.32611	P	PPLL	IE
3290657	Doo Loughs	52.01694	-9.41889	H	LKS	IE
3290658	Dromdiralough	52.01528	-9.43111	L	LCTY	IE
3290662	Tullaha	52.02944	-9.44444	P	PPL	IE
3290663	Flesk Bridge	52.03056	-9.40528	P	PPLL	IE
3290664	Knockane	52.02972	-9.35472	P	PPL	IE
3290666	Shronedarragh	52.04639	-9.3625	L	LCTY	IE
3290667	Knockanimrish	52.05583	-9.38639	P	PPL	IE
3290669	Kilquane	52.05417	-9.32361	P	PPL	IE
3290670	Gortacareen	52.03	-9.29167	P	PPL	IE
3290671	Killeen Mountain	52.0175	-9.31417	T	MT	IE
3290672	Drom	52.04	-9.33194	P	PPL	IE
3290673	Gortacareen	52.0275	-9.305	L	LCTY	IE
3290675	Lough Nageeha	52.02111	-9.27306	H	LK	IE
3290676	Lough Glannatreaghaun	52.02	-9.24861	H	LK	IE
3290677	Gortnagane	52.0425	-9.25528	P	PPL	IE
3290679	Raheen	52.05472	-9.24417	P	PPL	IE
3290680	Clydagh Bridge	51.98972	-9.29528	P	PPLL	IE
3290681	Cloonkeen	51.98361	-9.30056	P	PPLL	IE
3290682	Poulgorm Bridge	51.98056	-9.31139	P	PPLL	IE
3290683	Derryreig	51.9775	-9.27722	L	LCTY	IE
3290684	Cammeenavrick	51.98167	-9.25194	P	PPL	IE
3290685	Lough Duff	51.98778	-9.24139	H	LK	IE
3290687	Knocknabro	52.00167	-9.22472	L	LCTY	IE
3290688	Knocknabro West Top	52.01457	-9.23325	T	MT	IE
3290689	Knocknagowan	52.01171	-9.18644	T	MT	IE
3290690	Lough Gal	51.98333	-9.18	H	LK	IE
3290691	Lough Carrignamork	51.98361	-9.21889	H	LK	IE
3290692	Knocknamork	51.97917	-9.20083	T	MT	IE
3290693	Knockacommeen	51.97342	-9.22599	T	MT	IE
3290694	Beheenagh	52.05861	-9.30556	P	PPL	IE
3290699	Laune Bridge	52.06194	-9.61333	P	PPLL	IE
3290700	Lakeview	52.06306	-9.59889	P	PPLL	IE
3290701	Mill Bridge	52.06667	-9.53722	P	PPLL	IE
3290702	Gaddagh Bridge	52.06361	-9.69944	P	PPLL	IE
3290703	Shannera Lower	52.05889	-9.74694	P	PPL	IE
3290704	Lough Nafanida	52.06417	-9.80333	H	LK	IE
3290705	Lough Nagat	52.08444	-9.79417	H	LK	IE
3290706	Kilcoolaght	52.075	-9.76583	P	PPL	IE
3290707	Brookhill	52.07139	-9.73389	L	LCTY	IE
3290708	Gortnaskarry Bridge	52.07889	-9.69778	P	PPLL	IE
3290709	Ownagarry Bridge	52.08222	-9.76889	P	PPLL	IE
3290710	Mount Rivers	52.08611	-9.7675	P	PPL	IE
3290711	Meanus	52.08639	-9.74833	P	PPL	IE
3290712	Lough Ykeel	52.08833	-9.78944	H	LK	IE
3290713	Farrantureen Lough	52.09833	-9.79361	H	LK	IE
3290714	Reen	52.11778	-9.8	P	PPL	IE
3290715	Ballymacprior	52.12167	-9.7725	P	PPL	IE
3290716	Hillville	52.11056	-9.77361	P	PPL	IE
3290720	Baunclune	52.08417	-9.69611	P	PPL	IE
3290722	Dromin	52.11333	-9.74333	P	PPL	IE
3290723	Corbally	52.11222	-9.72611	P	PPL	IE
3290724	Tinnabally Cross Roads	52.13389	-9.77	P	PPLL	IE
3290725	Callanafersy	52.13306	-9.77139	L	LCTY	IE
3290726	Kilderry	52.13722	-9.74889	P	PPL	IE
3290727	Ballyvirrane	52.12528	-9.71056	P	PPL	IE
3290728	Ballymalis Bridge	52.09972	-9.68028	P	PPLL	IE
3290729	Gweestin Bridge	52.09444	-9.69444	P	PPLL	IE
3290730	Culleeny	52.09056	-9.66944	L	LCTY	IE
3290733	Beaufort Bridge	52.075	-9.62944	P	PPLL	IE
3290735	Kilclogherane	52.08861	-9.63583	P	PPLL	IE
3290737	Kibranagh	52.13667	-9.67583	P	PPL	IE
3290738	Knocknaman	52.12306	-9.66944	P	PPL	IE
3290740	Leamnaguila	52.13806	-9.53583	P	PPL	IE
3290743	Barry’s Glyn	52.125	-9.52306	P	PPL	IE
3290746	Sheans	52.10278	-9.55889	L	LCTY	IE
3290747	Barleymount	52.09222	-9.58611	L	LCTY	IE
3290748	Aghacurreen	52.08972	-9.56528	P	PPL	IE
3290749	Dooneen	52.11194	-9.49639	L	LCTY	IE
3290750	Rockfield Bridge	52.10361	-9.51361	P	PPLL	IE
3290754	Coolcorcoran Bridge	52.07333	-9.50111	P	PPLL	IE
3290907	Kilbrean Lake	52.08389	-9.45278	H	LK	IE
3290908	Lockagh Lake	52.08778	-9.44722	H	LK	IE
3290909	Knockmanagh	52.07944	-9.43472	P	PPL	IE
3290910	Teernaboul	52.07222	-9.45	P	PPL	IE
3290911	Knockacullig	52.11667	-9.45833	L	LCTY	IE
3290912	Inchicorrigane	52.12028	-9.39389	P	PPL	IE
3290914	Lough Dooling	52.09917	-9.39444	H	LK	IE
3290915	Raheen	52.08611	-9.37611	P	PPL	IE
3290916	Maulykeavane	52.10667	-9.35139	P	PPL	IE
3290917	Lisbabe	52.07861	-9.34694	P	PPL	IE
3290918	Knockdoorah	52.07694	-9.33194	L	LCTY	IE
3290919	Scrahanaveal	52.10889	-9.32889	P	PPL	IE
3290920	Scrahanfadda	52.12833	-9.31667	P	PPL	IE
3290922	Banard	52.08972	-9.29611	P	PPL	IE
3290923	Gortnaprocess	52.09722	-9.285	P	PPL	IE
3290924	Gullaun	52.10472	-9.29361	P	PPL	IE
3290926	Coom	52.10806	-9.25944	P	PPL	IE
3290927	Glangristeen	52.08972	-9.24611	P	PPL	IE
3290931	Lissyconnor	52.10111	-9.22056	P	PPLL	IE
3290932	Rathbeg	52.07139	-9.22194	L	LCTY	IE
3290935	White Gate Cross Roads	52.17139	-9.77861	P	PPLL	IE
3290936	Ardcanaght	52.16389	-9.73889	P	PPL	IE
3290937	Killaclohane Wood	52.15194	-9.68778	V	FRST	IE
3290938	Glen Ellen	52.14611	-9.70139	P	PPL	IE
3290941	Glanbrack Mountain	52.20806	-9.79667	T	MT	IE
3290942	Knockauncorragh	52.2175	-9.77222	T	MT	IE
3290945	Knockmoyle	52.21278	-9.71583	T	MT	IE
3290948	Knockawaddra	52.215	-9.67861	T	MT	IE
3290951	Ardywanig	52.14778	-9.66278	P	PPL	IE
3290952	Rusheen	52.15833	-9.66028	P	PPL	IE
3290953	Keelties	52.1425	-9.63139	P	PPL	IE
3290954	Gortormerillagh	52.15167	-9.6	P	PPL	IE
3290955	Kilnanare	52.16417	-9.62833	P	PPL	IE
3290958	Ballygamboore Upper	52.20028	-9.67139	P	PPL	IE
3290959	Garraun	52.21028	-9.63972	P	PPL	IE
3290960	Gortbrack	52.23056	-9.65	P	PPL	IE
3290962	Roverville Cross Roads	52.20444	-9.55528	P	PPLL	IE
3290963	Maine Bridge	52.19722	-9.57167	P	PPLL	IE
3290965	Fieries Cross Roads	52.165	-9.60583	P	PPLL	IE
3290966	Ballybane	52.15833	-9.57889	P	PPL	IE
3290967	Boolacullane	52.15194	-9.55361	P	PPL	IE
3290968	Rossanean	52.14889	-9.50639	P	PPL	IE
3290969	Beenateevaun	52.14444	-9.48194	L	LCTY	IE
3290970	Curracitty	52.15917	-9.50111	P	PPL	IE
3290972	Dicksgrove	52.1775	-9.50028	L	LCTY	IE
3290974	Currow	52.18667	-9.50722	L	LCTY	IE
3290975	Flesk Bridge	52.18194	-9.49889	P	PPLL	IE
3290976	O’Connell Bridge	52.18278	-9.53528	P	PPLL	IE
3290977	Cliddaun	52.20333	-9.50639	P	PPLL	IE
3290979	Dysert	52.21361	-9.49444	L	LCTY	IE
3290980	Kilcow	52.21806	-9.49139	P	PPL	IE
3290983	Flemby	52.22944	-9.59944	P	PPL	IE
3290988	Kilsarkan	52.15083	-9.43056	P	PPL	IE
3290989	Knocknaharan	52.14889	-9.4225	P	PPL	IE
3290990	Ballahantouragh	52.14611	-9.37556	P	PPL	IE
3290991	Carker	52.15556	-9.3825	P	PPL	IE
3290992	Canguillia	52.16528	-9.41528	P	PPL	IE
3290995	Twiss Bridge	52.17333	-9.40444	P	PPLL	IE
3290996	Rice Bridge	52.17083	-9.37306	P	PPLL	IE
3290997	Knockrower East	52.15167	-9.35778	P	PPL	IE
3290998	Knockeennahone	52.16972	-9.34472	P	PPL	IE
3290999	Leaha Bridge	52.18778	-9.35806	P	PPLL	IE
3291001	Coolnageragh	52.19167	-9.43583	P	PPL	IE
3291002	Gortglass	52.19667	-9.42361	P	PPL	IE
3291004	Fieries	52.20833	-9.42889	P	PPL	IE
3291005	Ballynahallia	52.21889	-9.41667	P	PPL	IE
3291006	Fairfield Bridge	52.2225	-9.41	P	PPLL	IE
3291010	Knockanefane	52.22861	-9.28528	T	MT	IE
3291011	Knockfeha	52.22083	-9.31667	T	MT	IE
3291012	Baraveha	52.22156	-9.30159	T	MT	IE
3291014	Clountane	52.20361	-9.33056	P	PPL	IE
3291015	Glanawaddra	52.20333	-9.30083	P	PPL	IE
3291016	Newmarket Cross Roads	52.20056	-9.32278	P	PPLL	IE
3291017	Knocknaboul Cross	52.18333	-9.27944	P	PPLL	IE
3291018	Ballynahulla	52.17389	-9.26278	P	PPL	IE
3291019	Leanevglissane	52.14528	-9.31556	P	PPL	IE
3291020	Curraheen	52.23889	-9.8025	P	PPL	IE
3291021	Mount Saint Annagh	52.24278	-9.7525	P	PPL	IE
3291023	Tonevane Cross Roads	52.24722	-9.73333	P	PPLL	IE
3291024	Lohercannan	52.26667	-9.73056	P	PPL	IE
3291025	Frogmore	52.27583	-9.77333	P	PPL	IE
3291027	Scrahan	52.29056	-9.78083	P	PPL	IE
3291028	Ballyenaghey	52.2775	-9.73722	P	PPL	IE
3291029	Ballymasare	52.29694	-9.75861	P	PPL	IE
3291030	Drehidasillagh	52.30278	-9.80167	P	PPL	IE
3291031	Knocknahaha	52.30917	-9.73889	L	LCTY	IE
3291034	Commons West	52.31833	-9.78528	P	PPL	IE
3291035	Ballybroman	52.33571	-9.72367	L	LCTY	IE
3291036	Banna	52.34778	-9.81556	L	LCTY	IE
3291037	Ballymacquin Upper	52.36472	-9.82056	P	PPL	IE
3291038	Ardconnell	52.3475	-9.78222	L	LCTY	IE
3291039	Ardrahan	52.35361	-9.75611	P	PPL	IE
3291040	Kilmoyly South	52.36806	-9.77083	P	PPL	IE
3291041	Baltovin	52.36361	-9.73361	P	PPL	IE
3291043	Ballysheen	52.35833	-9.71056	P	PPL	IE
3291044	Rathscannel	52.36611	-9.68722	P	PPL	IE
3291045	Lissireen	52.36	-9.66694	L	LCTY	IE
3291046	Garryhagore	52.36444	-9.64833	P	PPL	IE
3291047	Knockbrack	52.33361	-9.63167	P	PPL	IE
3291048	Dromcunnig	52.32667	-9.68833	P	PPL	IE
3291049	Lackamore	52.33111	-9.66444	P	PPL	IE
3291050	Leath	52.3175	-9.63472	L	LCTY	IE
3291051	Tooreen	52.32361	-9.61417	L	LCTY	IE
3291052	Crusline	52.31112	-9.618	T	MT	IE
3291055	Knockawaddra	52.28972	-9.65583	P	PPL	IE
3291056	Glendiff	52.29028	-9.61944	P	PPL	IE
3291057	Muing	52.28167	-9.68083	P	PPL	IE
3291059	Ballinorig	52.2725	-9.66194	P	PPL	IE
3291060	Belmont	52.26	-9.70806	P	PPL	IE
3291061	Clashlehane Bridge	52.26472	-9.67472	P	PPLL	IE
3291062	Potaley	52.26694	-9.62083	L	LCTY	IE
3291063	Ballybeg Cross Roads	52.2575	-9.62083	P	PPLL	IE
3291064	Farmer’s Bridge	52.24167	-9.65694	P	PPLL	IE
3291066	Caherbreagh	52.26028	-9.65861	P	PPL	IE
3291305	Tullig	52.36694	-9.5975	P	PPL	IE
3291306	Glanoe	52.36917	-9.56361	P	PPL	IE
3291307	Glanballima	52.35667	-9.60556	P	PPL	IE
3291308	Cappagh	52.33583	-9.605	P	PPL	IE
3291310	Beennageeha Mountain	52.3325	-9.59167	T	MT	IE
3291311	Cloghanenagleragh	52.35194	-9.55222	L	LCTY	IE
3291313	Carrigcannon	52.33278	-9.5025	P	PPL	IE
3291314	Maingailaunlush	52.32139	-9.55222	P	PPL	IE
3291315	Stack’s Mountain	52.31833	-9.58167	T	MT	IE
3291316	Ballincollig Hill	52.30417	-9.59944	T	MT	IE
3291317	Maghanknockane	52.315	-9.57944	P	PPL	IE
3291318	Kilmore	52.2975	-9.58194	T	MT	IE
3291320	Reanagowan Cross Roads	52.31472	-9.50722	P	PPLL	IE
3291321	Muingnaminnane	52.2975	-9.53111	L	LCTY	IE
3291322	Gortnaleaha	52.27944	-9.60917	P	PPL	IE
3291324	Broughane Cross Roads	52.27917	-9.505	P	PPLL	IE
3291325	Knight’s Mountain	52.27778	-9.48611	T	MT	IE
3291326	Doolaig North	52.27389	-9.4925	L	LCTY	IE
3291327	Rathanny	52.26667	-9.5825	P	PPL	IE
3291328	Clogher	52.25889	-9.57722	P	PPL	IE
3291332	Mweennalaa	52.25667	-9.53972	P	PPL	IE
3291333	Doonimlaghbeg	52.24278	-9.61083	P	PPL	IE
3291334	Woodville	52.24194	-9.54306	P	PPL	IE
3291335	Knockeen Cross Roads	52.24222	-9.51444	P	PPLL	IE
3291337	Cloonagh Bridge	52.24139	-9.46472	P	PPLL	IE
3291338	Scart	52.23528	-9.55639	L	LCTY	IE
3291342	Barna Wood	52.25	-9.42889	V	FRST	IE
3291343	Tonbaun Wood	52.25444	-9.43167	V	FRST	IE
3291344	Dooneen Wood	52.26	-9.45528	V	FRST	IE
3291345	Kilcusnaun	52.24028	-9.40028	P	PPL	IE
3291346	Glanlarehan	52.24111	-9.38611	P	PPL	IE
3291348	Knockachur	52.26444	-9.38278	T	MT	IE
3291350	Fahaduff	52.27139	-9.46167	P	PPL	IE
3291351	Muinganear	52.28694	-9.4625	T	MT	IE
3291352	Knockatee	52.24306	-9.34972	P	PPL	IE
3291353	Lackbrooder	52.28861	-9.35944	P	PPL	IE
3291354	Knockeencreen	52.30639	-9.35306	P	PPL	IE
3291355	Knockafreaghaun	52.31083	-9.34806	P	PPL	IE
3291356	Ballyduff	52.30444	-9.40444	P	PPL	IE
3291357	Headley Bridge	52.31944	-9.35944	P	PPLL	IE
3291358	Kilmaniheen	52.32806	-9.34667	L	LCTY	IE
3291361	Talbot’s Bridge	52.31833	-9.3825	P	PPLL	IE
3291362	Meenbannivane	52.31667	-9.43611	L	LCTY	IE
3291363	Boolavore	52.32917	-9.42694	L	LCTY	IE
3291364	Cloghboola	52.33639	-9.43611	T	MT	IE
3291365	Glena Bridge	52.34472	-9.365	P	PPLL	IE
3291367	Inchinalyra	52.35889	-9.33222	P	PPL	IE
3291368	Knockaunbrack	52.37306	-9.44444	P	PPL	IE
3291369	Meennahorna	52.37389	-9.37	P	PPL	IE
3291370	Knockalougha	52.3625	-9.41917	L	LCTY	IE
3291371	Glashananoon	52.35778	-9.44944	L	LCTY	IE
3291372	Knockalougha	52.36	-9.37944	L	LCTY	IE
3291373	Bateman’s Bridge	52.35472	-9.34417	P	PPLL	IE
3291374	Inchinapoagh	52.32889	-9.30694	L	LCTY	IE
3291375	Clydagh Bridge	52.32444	-9.26944	P	PPLL	IE
3291376	Knoppoge	52.30417	-9.29	P	PPL	IE
3291377	Ahaun	52.295	-9.25472	L	LCTY	IE
3291378	Reacaslagh	52.27917	-9.28111	P	PPL	IE
3291379	Scalp Bridge	52.27444	-9.29056	P	PPLL	IE
3291380	Coollegrean Hill	52.25944	-9.27111	T	MT	IE
3291382	Caherlane	52.34472	-9.3075	P	PPL	IE
3291383	Meenkilly	52.34111	-9.26444	P	PPL	IE
3291385	Grogeen	52.35389	-9.27222	L	LCTY	IE
3291386	Dromtrasna	52.36417	-9.27861	P	PPL	IE
3291387	Knockcoolkeare	52.31	-9.22667	P	PPL	IE
3291388	Cloghvoula	52.26889	-9.23083	L	LCTY	IE
3291389	Torehane	52.23361	-9.25278	T	MT	IE
3291390	Garraunbaun	52.22111	-9.23639	T	MT	IE
3291391	Meendurragha	52.21083	-9.22278	V	FRST	IE
3291392	Carriganes	52.19861	-9.2425	P	PPL	IE
3291393	Glencollins	52.17333	-9.22389	P	PPL	IE
3291394	Lackanastooka	52.155	-9.2325	P	PPL	IE
3291395	Lisheen Bridge	52.12389	-9.22583	P	PPLL	IE
3291396	Dromresna Bridge	52.3575	-9.20972	P	PPLL	IE
3291397	Knockawarriga	52.33722	-9.22417	P	PPL	IE
3291398	Caherlevoy	52.33417	-9.21	P	PPL	IE
3291399	Portaghard	52.34972	-9.18222	L	LCTY	IE
3291400	Tour Bridge	52.36833	-9.14417	P	PPLL	IE
3291401	Toornafulla	52.36486	-9.15185	P	PPL	IE
3291402	Ballagh	52.37389	-9.07806	P	PPL	IE
3291404	Tooreennagreana	52.33944	-9.08833	L	LCTY	IE
3291405	Mullaghanuish	52.34944	-9.06389	T	MT	IE
3291406	Raheenagh	52.37528	-9.04222	P	PPL	IE
3291407	Hernsbrook	52.35194	-9.02667	L	LCTY	IE
3291408	Coolygorman	52.36389	-8.99611	P	PPL	IE
3291409	Mount Plummer	52.34	-8.99611	T	MT	IE
3291410	Rathpalatine	52.36778	-8.96806	L	LCTY	IE
3291411	Boola	52.32667	-8.97583	L	LCTY	IE
3291414	Cloonmore	52.36472	-8.94333	P	PPL	IE
3291415	Accrour Bridge	52.37444	-8.90667	P	PPLL	IE
3291416	Kells	52.34889	-8.9	P	PPL	IE
3291419	Moanabricka	52.37806	-8.81389	P	PPL	IE
3291420	Garrynderk	52.36361	-8.66667	L	LCTY	IE
3291421	Thomastown	52.37611	-8.63361	L	LCTY	IE
3291422	Tobernea	52.3675	-8.60194	L	LCTY	IE
3291423	Balyshalikin	52.34639	-8.63028	P	PPL	IE
3291424	Ballingaddy South	52.37944	-8.56139	P	PPL	IE
3291425	Kilmihil	52.36889	-8.56667	P	PPL	IE
3291426	Ballyvoodane	52.35139	-8.5775	P	PPL	IE
3291427	Graigue Cross Roads	52.33778	-8.55361	P	PPLL	IE
3291428	Bailyhaght	52.32889	-8.58167	L	LCTY	IE
3291430	Carron Mountain	52.31047	-8.57623	T	MT	IE
3291431	Gortnaloughra	51.85917	-9.29194	P	PPLL	IE
3291432	Lyrenageeha	51.87361	-9.28083	P	PPL	IE
3291433	Cahernaeaha	51.88056	-9.24611	P	PPL	IE
3291434	Mweelin	51.89031	-9.26585	T	MT	IE
3291435	Ballyfinnane Bridge	51.91722	-9.24861	P	PPLL	IE
3291436	Bard Inch	51.92556	-9.25167	P	PPL	IE
3291437	Carrignaspirroge	51.93361	-9.26806	T	MT	IE
3291438	Milleeny	51.94056	-9.25417	P	PPL	IE
3291440	Colthurst Bridge	51.95806	-9.19556	P	PPLL	IE
3291441	Glas Loughs	51.8575	-9.17278	H	LKS	IE
3291442	Milmorane	51.86111	-9.18944	P	PPL	IE
3291443	Rathgaskig	51.87083	-9.19528	L	LCTY	IE
3291444	Cleaneath Lough	51.86833	-9.13722	H	LK	IE
3291445	Derrineanig	51.87861	-9.16806	P	PPL	IE
3291446	Derryfineen	51.89694	-9.20556	P	PPL	IE
3291447	Gortaveer	51.85861	-9.09806	P	PPL	IE
3291448	Cleentvearthy	51.89083	-9.13361	L	LCTY	IE
3291450	Gortnascarty	51.91611	-9.19139	L	LCTY	IE
3291451	Gortnagross	51.92278	-9.17528	L	LCTY	IE
3291452	Murnaghbeg	51.93139	-9.19028	P	PPL	IE
3291454	Gortnatubbrid	51.935	-9.18028	L	LCTY	IE
3291456	Aghacunna	51.87444	-9.09194	P	PPL	IE
3291457	Derrintogher	51.89028	-9.09	L	LCTY	IE
3291458	Clonebud	51.87833	-9.05944	P	PPL	IE
3291459	Toon Bridge	51.88194	-9.02444	P	PPLL	IE
3291460	Dromcarra Bridge	51.85889	-9.02361	P	PPLL	IE
3291461	Inchisine	51.86972	-9.02389	P	PPL	IE
3291463	Shanvallyshane	51.89528	-9.05083	L	LCTY	IE
3291465	Candroma	51.91056	-9.09694	L	LCTY	IE
3291466	Carrigaphooea Bridge	51.91028	-9.02278	P	PPLL	IE
3291467	Sullane Bridge	51.91361	-9.05389	P	PPLL	IE
3291468	Lissacresig	51.91611	-9.05889	P	PPL	IE
3291469	Coolavokig	51.91889	-9.08583	P	PPL	IE
3291470	Scronagare	51.93222	-9.06917	P	PPL	IE
3291471	Ardeen	51.93667	-9.0875	P	PPL	IE
3291473	Ullanes	51.95083	-9.12083	L	LCTY	IE
3291474	Bawnatanaknock	51.94694	-9.07278	L	LCTY	IE
3291475	Liscarrigane	51.96139	-9.08028	P	PPL	IE
3291476	Killmountain	51.95417	-9.03278	L	LCTY	IE
3291477	Lacklity	51.945	-9.04111	L	LCTY	IE
3291478	Carriganeigh	51.94083	-9.03139	L	LCTY	IE
3291479	Gortavranner	51.94722	-9.01278	L	LCTY	IE
3291480	Bridgemount	51.93389	-9.02917	L	LCTY	IE
3291481	Fairy Land	51.90667	-9.01917	L	LCTY	IE
3291482	Linnamilla Bridge	51.90194	-9.0025	P	PPLL	IE
3291484	Toames	51.86583	-8.98278	P	PPL	IE
3291485	Dromkeen	51.86833	-8.985	L	LCTY	IE
3291486	Annahatn	51.87778	-9	P	PPLL	IE
3291487	Tooms East	51.86556	-8.94111	L	LCTY	IE
3291488	Knockaunnarrony	51.86528	-8.91583	L	LCTY	IE
3291489	Sleveen East	51.89444	-8.96	L	LCTY	IE
3291491	Ashton	51.8925	-8.90611	L	LCTY	IE
3291492	Lehanagh	51.87528	-8.88833	L	LCTY	IE
3291493	Curragh	51.86806	-8.87333	P	PPL	IE
3291495	Carrigaclodig Cross Roads	51.92222	-8.89722	P	PPLL	IE
3291496	Lough Gal	51.92722	-8.87139	H	LK	IE
3291498	Kill	51.9175	-8.94	P	PPL	IE
3291499	Mount Massy	51.91639	-8.98444	P	PPL	IE
3291500	Ardnacrushy	51.92639	-9.00917	P	PPL	IE
3291501	Cackanode	51.95	-8.98972	L	LCTY	IE
3291502	Bawnmore	51.95667	-8.96111	P	PPL	IE
3291504	Lacknahaghny	51.9625	-8.91028	P	PPL	IE
3291505	Carrigthomas	51.965	-8.93667	P	PPL	IE
3291506	Leadawittin	51.94833	-8.88694	L	LCTY	IE
3291507	Moanflugh	51.96778	-8.9825	P	PPLL	IE
3291508	Lyravouig	51.96694	-8.88306	L	LCTY	IE
3291510	Shanadungan Cross Roads	51.86583	-8.85139	P	PPLL	IE
3291511	Larehill Cross Roads	51.87917	-8.85806	P	PPLL	IE
3291513	Rooves Beg	51.88889	-8.80778	P	PPL	IE
3291514	Leary’s Cross Roads	51.87778	-8.79806	P	PPLL	IE
3291515	Carrahaly	51.86583	-8.78722	P	PPL	IE
3291516	Aglish	51.88694	-8.76417	P	PPLL	IE
3291517	Classas	51.90056	-8.79306	P	PPL	IE
3291518	Carhoo	51.91222	-8.81722	L	LCTY	IE
3291519	Farran	51.87444	-8.73778	P	PPL	IE
3291520	Saint Olan’s	51.92806	-8.81361	L	LCTY	IE
3291521	Peake	51.92944	-8.77917	L	LCTY	IE
3291522	Hayfield	51.93222	-8.75472	L	LCTY	IE
3291523	Aghavrin Cross Roads	51.93222	-8.81139	P	PPLL	IE
3291524	Luskin’s Bridge	51.93639	-8.77	P	PPLL	IE
3291525	Bedlnamorive	51.93222	-8.85722	P	PPL	IE
3291527	Fergus	51.90194	-8.75389	P	PPL	IE
3291528	Fergus Cross Roads	51.90417	-8.74111	P	PPLL	IE
3291529	Knockane	51.94333	-8.73083	L	LCTY	IE
3291531	Tullig More	51.95278	-8.76528	L	LCTY	IE
3291532	Athnanangle Bridge	51.95833	-8.78194	P	PPLL	IE
3291533	Killeenleigh	51.96722	-8.77139	L	LCTY	IE
3291534	Mount Rivers	51.97	-8.83472	P	PPL	IE
3291537	Reagrellagh	51.96056	-8.72611	L	LCTY	IE
3291538	Crean’s Cross Roads	51.97167	-8.7575	P	PPLL	IE
3291991	Monavanshere	51.96889	-8.70722	P	PPL	IE
3291992	Kilclogh	51.96	-8.69	P	PPL	IE
3291993	Matehy	51.95278	-8.65722	P	PPL	IE
3291994	Berrings	51.93694	-8.69861	P	PPL	IE
3291996	Dromgownagh	51.92083	-8.72333	P	PPL	IE
3291997	Killeen	51.93444	-8.63	P	PPL	IE
3291998	Loughane East	51.95028	-8.61417	P	PPL	IE
3291999	Cloghroe	51.92472	-8.64889	P	PPL	IE
3292000	Golflugh	51.925	-8.62611	L	LCTY	IE
3292001	Tower Bridge	51.92333	-8.60556	P	PPLL	IE
3292002	Ballineadig	51.88556	-8.70972	P	PPL	IE
3292004	Farranavarra	51.87278	-8.71972	P	PPL	IE
3292005	Knockanemore	51.87583	-8.66667	P	PPL	IE
3292006	Grange Hill	51.86389	-8.64306	P	PPL	IE
3292007	Srelane Cross	51.88361	-8.67722	P	PPLL	IE
3292008	Kilnaglory	51.86861	-8.61556	P	PPL	IE
3292010	Ballynora	51.86306	-8.58	P	PPL	IE
3292011	Inishcarra Bridge	51.89028	-8.62278	P	PPLL	IE
3292012	Carriganarra	51.88972	-8.55639	L	LCTY	IE
3292013	Mackey’s Cross	51.90611	-8.54556	P	PPLL	IE
3292015	Henley’s Bridge	51.90889	-8.57806	P	PPLL	IE
3292016	Ponnd Cross Roads	51.90889	-8.60194	P	PPLL	IE
3292017	Gurteen	51.91	-8.67111	L	LCTY	IE
3292019	Inishleena	51.90722	-8.68917	L	LCTY	IE
3292020	Killard	51.92278	-8.55444	P	PPL	IE
3292021	Blarney Lake	51.92167	-8.57389	H	LK	IE
3292022	Gothic Bridge	51.92667	-8.55722	P	PPLL	IE
3292026	Curraghnalaght Cross Roads	51.94889	-8.55028	P	PPLL	IE
3292028	Sluggary Cross Roads	51.97333	-8.55528	P	PPLL	IE
3292033	Greenfort	51.98278	-8.61306	P	PPL	IE
3292034	Kilmona	51.99278	-8.57083	P	PPL	IE
3292035	Gurteenastooka	51.98111	-8.57083	P	PPL	IE
3292036	Monalahy	51.99028	-8.63472	L	LCTY	IE
3292037	Ballyvaloore	51.99833	-8.62861	P	PPL	IE
3292038	Lisheenowen	52.00417	-8.55889	L	LCTY	IE
3292039	Sixmilewater	52.01139	-8.56389	P	PPLL	IE
3292040	Garraun North	51.99333	-8.67	L	LCTY	IE
3292041	Slievedotia	52.02306	-8.56889	L	LCTY	IE
3292042	Lydradane	52.02139	-8.64083	L	LCTY	IE
3292044	Ballyvodane Bridge	51.97917	-8.6875	P	PPLL	IE
3292045	Fornaght	51.98222	-8.69444	P	PPL	IE
3292047	Pluckanes	51.99861	-8.69444	P	PPL	IE
3292048	Ahadallane	52.02222	-8.69972	P	PPL	IE
3292049	Lyradane Mountain	52.02889	-8.64167	T	MT	IE
3292050	Ahadallane Cross Roads	52.03	-8.6925	P	PPLL	IE
3292051	Lissavourd	52.03111	-8.59417	L	LCTY	IE
3292053	Daly’s Cross Roads	52.04222	-8.56556	P	PPLL	IE
3292054	Barrack	52.05028	-8.5975	P	PPL	IE
3292055	Ballyhilloge	52.04806	-8.64167	L	LCTY	IE
3292056	Lahakinneen	52.04222	-8.67167	L	LCTY	IE
3292057	Carrigdeena	52.05944	-8.71444	P	PPL	IE
3292059	Barnard Cross Roads	52.00111	-8.73194	P	PPLL	IE
3292061	Sheskinny Cross	51.97778	-8.83583	P	PPLL	IE
3292063	Kilmartin Upper	51.99528	-8.78944	P	PPL	IE
3292064	Barrahaurin	52.00444	-8.83	P	PPL	IE
3292065	Uctough	52.00667	-8.79278	T	MT	IE
3292066	Gowlane South	52.00611	-8.74944	P	PPL	IE
3292067	Toureen	52.01667	-8.84694	L	LCTY	IE
3292068	Knockabrocka	52.02	-8.86083	L	LCTY	IE
3292069	Meendhony	52.01694	-8.77972	L	LCTY	IE
3292070	Gowlane North	52.03111	-8.76889	P	PPL	IE
3292071	Beenalaght	52.02889	-8.74611	P	PPL	IE
3292072	Boola	52.03528	-8.73222	P	PPL	IE
3292073	Glenaknockane	52.03472	-8.83639	P	PPL	IE
3292074	Bweeng	52.04522	-8.72626	P	PPL	IE
3292075	Glandine	52.04278	-8.75917	L	LCTY	IE
3292076	Glannaharee	52.05472	-8.80667	L	LCTY	IE
3292078	Nadanuller Beg	52.05444	-8.85361	P	PPL	IE
3292079	Eagles Nest	52.05722	-8.84417	T	MT	IE
3292080	Glenaglogh North	51.99	-8.87306	L	LCTY	IE
3292083	Rahalisk	51.97944	-8.96694	L	LCTY	IE
3292084	Knocknagappul	51.99167	-8.93917	L	LCTY	IE
3292085	Carrigagulla Bridge	51.99528	-8.89056	P	PPLL	IE
3292086	Carrigagulla	52.01028	-8.91417	L	LCTY	IE
3292087	Mushera	52.01972	-8.95167	T	MT	IE
3292088	Musherabeg	52.00243	-9.00604	T	MT	IE
3292089	Finnanfield	52.03556	-8.96139	P	PPL	IE
3292090	Knockarnad	52.04972	-8.90139	L	LCTY	IE
3292091	Knockboy	52.05611	-8.88194	L	LCTY	IE
3292092	Ginnaloo	52.05861	-8.91361	L	LCTY	IE
3292093	Glucknanuff	52.04972	-8.92861	L	LCTY	IE
3292094	Baunreagh	52.05361	-8.96889	L	LCTY	IE
3292095	Seefin	52.02732	-8.93461	T	MT	IE
3292098	Carraleigh	51.97111	-9.08056	L	LCTY	IE
3292099	Carrigonirtane	51.96833	-9.05278	L	LCTY	IE
3292100	Glenday	51.97778	-9.11417	L	LCTY	IE
3292101	Garraneycarney	51.98694	-9.095	L	LCTY	IE
3292102	Glantane	51.99972	-9.06139	P	PPL	IE
3292105	Caherdowney	52.00167	-9.09583	L	LCTY	IE
3292106	Knocknakilla	52.01611	-9.02278	L	LCTY	IE
3292107	Carrigacooleen	52.01444	-9.05583	L	LCTY	IE
3292108	Lough Comeenatrush	52.01778	-9.10472	H	LK	IE
3292109	Cloghboold	52.02806	-9.04722	L	LCTY	IE
3292112	Dromascoolane Bridge	52.04444	-9.06056	P	PPLL	IE
3292113	Adrivale	52.03444	-9.11056	P	PPL	IE
3292114	Kippagh	52.04139	-9.13417	P	PPL	IE
3292115	Lough Gortavehy	52.04056	-9.15528	H	LK	IE
3292116	Claragh Mountain	52.04903	-9.09413	T	MT	IE
3292117	Toorboney	52.04917	-9.16583	P	PPL	IE
3292118	Lough Murtagh	52.0425	-9.18361	H	LK	IE
3292119	Goomnaclohy	51.97028	-9.17222	L	LCTY	IE
3292120	Lough Carrignafurark	51.97639	-9.20833	H	LK	IE
3292121	Lackabaun	51.98278	-9.16861	T	MT	IE
3292122	Mullaghanish	51.9832	-9.14432	T	MT	IE
3292126	Knocknaloman	52.06528	-9.19639	L	LCTY	IE
3292127	Rathduane	52.07028	-9.16028	L	LCTY	IE
3292128	Inches	52.07944	-9.17556	P	PPL	IE
3292130	Duncannon Bridge	52.08528	-9.19333	P	PPLL	IE
3292131	Shamrock Bridge	52.08722	-9.16139	P	PPLL	IE
3292132	Nohaval Bridge	52.09361	-9.20694	P	PPLL	IE
3292133	Nohavaldaly	52.09583	-9.18056	P	PPL	IE
3292134	Lyredaowen	52.09139	-9.16167	P	PPL	IE
3292135	Knockeenadallane	52.12222	-9.16972	L	LCTY	IE
3292136	Ummeraboy	52.13639	-9.16972	L	LCTY	IE
3292137	Lisnaboy	52.10889	-9.15444	P	PPL	IE
3292138	Knockduff	52.12889	-9.13278	L	LCTY	IE
3292139	Derragh	52.12472	-9.11194	L	LCTY	IE
3292140	Loumanagh	52.14528	-9.09889	P	PPL	IE
3292141	Mount Zephyr	52.12972	-9.0925	T	MT	IE
3292142	Stakehill	52.13889	-9.06611	L	LCTY	IE
3292143	Knockane	52.11222	-9.11139	L	LCTY	IE
3292144	Charless Bridge	52.09861	-9.09833	P	PPLL	IE
3292145	Meeskeha	52.11778	-9.05778	L	LCTY	IE
3292146	Knockagarrane	52.11028	-9.08472	L	LCTY	IE
3292149	Drominagh	52.14	-9.02167	L	LCTY	IE
3292150	Keale Bridge	52.09111	-9.02806	P	PPLL	IE
3292153	Dromsicane	52.08667	-9.06722	L	LCTY	IE
3292154	Dooneens	52.08361	-9.08778	L	LCTY	IE
3292155	Coolanarney	52.08222	-9.11917	L	LCTY	IE
3292156	Shanaknock	52.07778	-9.11333	L	LCTY	IE
3292157	Finnow Bridge	52.07667	-9.07194	P	PPLL	IE
3292158	Tober	52.06778	-9.12611	P	PPL	IE
3292159	Spa Mount	52.07111	-9.05528	L	LCTY	IE
3292160	Coomlogane	52.06361	-9.07694	L	LCTY	IE
3292161	Inchileigh Bridge	52.05944	-9.07278	P	PPLL	IE
3292162	Coolnagillagh	52.06861	-9.02667	P	PPL	IE
3292163	Laharan	52.06333	-9.00111	P	PPL	IE
3292164	Clashatrake Bridge	52.07306	-8.99694	P	PPLL	IE
3292165	Killowen	52.07806	-9.015	L	LCTY	IE
3292166	Kilcorney	52.08111	-8.97167	P	PPL	IE
3292169	Boolymore Wood	52.09361	-8.95472	V	FRST	IE
3292170	Boolymore	52.105	-8.96778	L	LCTY	IE
3292172	Colthurst Bridge	52.10778	-8.98194	P	PPLL	IE
3292173	Dromahoe	52.11194	-8.98389	P	PPL	IE
3292174	Muingyroogeen	52.08222	-8.91667	L	LCTY	IE
3292175	Knockbrack	52.10056	-8.92361	L	LCTY	IE
3292176	Redgate	52.10389	-8.90583	P	PPL	IE
3292177	Shronebeha	52.11333	-8.91583	P	PPL	IE
3292178	Knockaun	52.12222	-8.90944	L	LCTY	IE
3292179	Kippagh	52.12139	-8.95694	P	PPL	IE
3292180	Garrane	52.11917	-8.93	P	PPL	IE
3292181	Coolclogh	52.13639	-8.95694	P	PPL	IE
3292182	Killinane	52.14639	-8.99583	L	LCTY	IE
3292183	Knockardrahan	52.14889	-8.96639	P	PPL	IE
3292184	Leader’s Bridge	52.13917	-8.89917	P	PPLL	IE
3292185	Ballymaquirk Bridge	52.13528	-8.87556	P	PPLL	IE
3292186	Carrigeen	52.0925	-8.87833	L	LCTY	IE
3292187	Carrigcannon	52.06667	-8.885	T	MT	IE
3292188	Father Murphy’s Bridge	52.11167	-8.88889	P	PPLL	IE
3292189	Hill Wood	52.11722	-8.86333	V	FRST	IE
3292190	Mount Hillary	52.10972	-8.84056	T	MT	IE
3292191	Lyre	52.08306	-8.85778	P	PPL	IE
3292192	Nadanuller More	52.07028	-8.85139	L	LCTY	IE
3292194	Esk	52.0625	-8.81028	P	PPL	IE
3292195	Bweeng Mountain	52.0675	-8.78028	T	MT	IE
3292196	Garrane	52.06667	-8.76306	L	LCTY	IE
3292197	Laharan Cross Roads	52.08444	-8.79056	P	PPLL	IE
3292199	Skarragh	52.09528	-8.74611	L	LCTY	IE
3292200	Buggaeen Cross Roads	52.09278	-8.81889	P	PPLL	IE
3292201	Creggane	52.10722	-8.81361	L	LCTY	IE
3292202	Gortroe	52.11056	-8.7825	P	PPL	IE
3292204	Gortmore	52.12083	-8.82861	L	LCTY	IE
3292206	Carraghrour	52.1275	-8.83806	L	LCTY	IE
3292207	Dromcummer More	52.14639	-8.88083	P	PPL	IE
3292208	Roskeen Bridge	52.14139	-8.81222	P	PPLL	IE
3292209	Rock View	52.13861	-8.79833	L	LCTY	IE
3292210	Carrigane	52.12972	-8.79417	L	LCTY	IE
3292211	Kilroe	52.14167	-8.77278	P	PPL	IE
3292527	Knockdrislagh	52.06639	-8.72667	L	LCTY	IE
3292529	Athnaleenta	52.07167	-8.64	P	PPL	IE
3292530	Ballysimon Cross Roads	52.08028	-8.7175	P	PPLL	IE
3292532	Clashmorgan	52.08139	-8.67806	P	PPL	IE
3292533	Jordan’s Bridge	52.07972	-8.62639	P	PPLL	IE
3292534	Gortaneelig	52.07361	-8.56806	L	LCTY	IE
3292535	Knockbrack	52.09306	-8.55083	P	PPLL	IE
3292536	Monee Cross Roads	52.09583	-8.58889	P	PPLL	IE
3292537	Knockananning	52.10528	-8.5675	L	LCTY	IE
3292538	Fiddane	52.11278	-8.58222	L	LCTY	IE
3292539	Ballinvuskig	52.10194	-8.60194	P	PPL	IE
3292540	Pendy’s Cross Roads	52.095	-8.69056	P	PPLL	IE
3292541	Drommahane	52.10472	-8.69139	P	PPL	IE
3292542	Danesfort	52.09944	-8.72361	P	PPL	IE
3292543	Knockansweeny	52.10833	-8.73139	P	PPL	IE
3292545	Quartertown Upper	52.10806	-8.64972	L	LCTY	IE
3292547	Knoppoye	52.12083	-8.60472	L	LCTY	IE
3292549	Summer Hill	52.12722	-8.63778	P	PPL	IE
3292550	Avondhu	52.13167	-8.62833	P	PPL	IE
3292551	The Castles	52.13444	-8.63944	P	PPL	IE
3292553	Lackanamona	52.14833	-8.60056	L	LCTY	IE
3292554	Gortnagross	52.14639	-8.72083	P	PPL	IE
3292557	Darling Hill	52.12472	-8.73139	L	LCTY	IE
3292559	Ballyviniter Lower	52.15361	-8.61972	L	LCTY	IE
3292560	Mountnagle	52.1625	-8.61306	L	LCTY	IE
3292562	Torpys Cross Roads	52.18139	-8.55667	P	PPLL	IE
3292563	Sunnyside	52.1575	-8.65083	P	PPL	IE
3292564	Cloghlucas	52.16472	-8.65528	L	LCTY	IE
3292565	Ballyviniter Upper	52.17333	-8.64083	L	LCTY	IE
3292568	Copsetown Cross Roads	52.18111	-8.69833	P	PPLL	IE
3292569	Beechmount	52.15333	-8.69028	L	LCTY	IE
3292570	Groin	52.19028	-8.73	L	LCTY	IE
3292572	Kilmaclenine Cross Roads	52.19528	-8.71972	P	PPLL	IE
3292573	Dromdowney	52.17444	-8.72528	P	PPL	IE
3292574	Grannahulla	52.19667	-8.57222	L	LCTY	IE
3292575	Ballydineen	52.2025	-8.58444	L	LCTY	IE
3292576	Fort William	52.20111	-8.60694	P	PPL	IE
3292577	Promore	52.20806	-8.55611	P	PPLL	IE
3292578	Cornahinch Cross Roads	52.21111	-8.60389	P	PPLL	IE
3292580	Turnpike Cross	52.22333	-8.58194	P	PPLL	IE
3292581	Brough Cross Roads	52.23472	-8.58444	P	PPLL	IE
3292584	Boherbay Cross Roads	52.23667	-8.63111	P	PPLL	IE
3292585	Kilcloosha	52.205	-8.66722	L	LCTY	IE
3292586	Grange	52.21167	-8.69222	P	PPL	IE
3292587	Tinnascart	52.22194	-8.71722	L	LCTY	IE
3292589	Holy’s Cross Roads	52.17611	-8.77278	P	PPLL	IE
3292590	Garryduff	52.19083	-8.76972	P	PPL	IE
3292591	Ardskeagh	52.20548	-8.75027	P	PPL	IE
3292592	Bannagh Cross Roads	52.15417	-8.84639	P	PPLL	IE
3292594	Castlemagner	52.16648	-8.82708	P	PPL	IE
3292596	Subulter	52.18333	-8.81306	P	PPL	IE
3292601	Ballynoe	52.2025	-8.85556	P	PPL	IE
3292603	Greenhall	52.21333	-8.80333	P	PPL	IE
3292604	Curraglass	52.21556	-8.75361	L	LCTY	IE
3292607	Garrison	52.21722	-8.87639	P	PPL	IE
3292608	Barry’s Cross Roads	52.23	-8.85528	P	PPLL	IE
3292609	John’s Bridge	52.23639	-8.88722	P	PPLL	IE
3292610	Betty Ville	52.17111	-8.87778	L	LCTY	IE
3292611	Garraveasoge	52.15444	-8.92083	L	LCTY	IE
3292613	Derrygalun	52.16667	-8.97389	L	LCTY	IE
3292614	Mill View	52.17528	-8.935	L	LCTY	IE
3292615	Knocknacolan	52.18944	-8.87889	L	LCTY	IE
3292617	Curragh	52.19167	-8.91972	L	LCTY	IE
3292618	Gortknockaneroe	52.18333	-8.94944	L	LCTY	IE
3292619	Allen’s Bridge	52.1875	-8.96611	P	PPLL	IE
3292622	Coolageela Cross Roads	52.20694	-8.90278	P	PPLL	IE
3292623	Meelaherragh	52.2025	-8.93083	L	LCTY	IE
3292624	Deerishal	52.15417	-9.0125	L	LCTY	IE
3292625	Cloontycommade	52.18167	-8.99778	L	LCTY	IE
3292627	Aldworth’s Bridge	52.21778	-9.02139	P	PPLL	IE
3292628	Anne’s Bridge	52.20944	-9.02611	P	PPLL	IE
3292629	Gortearagh	52.17917	-9.03583	P	PPL	IE
3292630	Maulyclickeen	52.15167	-9.05556	L	LCTY	IE
3292631	Dromskarragh	52.15722	-9.12583	L	LCTY	IE
3292632	Urraghil	52.16111	-9.11556	P	PPL	IE
3292633	Islanday	52.16472	-9.09139	L	LCTY	IE
3292634	Tooreenavuscaun	52.17083	-9.11722	P	PPL	IE
3292635	Keel	52.17444	-9.08278	P	PPL	IE
3292636	Bawananee	52.17944	-9.08056	P	PPL	IE
3292637	Knockmanagh	52.18667	-9.07222	P	PPL	IE
3292638	Meens	52.19389	-9.10083	P	PPL	IE
3292639	Knocknamucklagh	52.18056	-9.12861	L	LCTY	IE
3292640	Knockeenadallane	52.16167	-9.18694	L	LCTY	IE
3292641	Doonasleen	52.15111	-9.16361	P	PPL	IE
3292642	Tooreenclassagh	52.14611	-9.20861	L	LCTY	IE
3292643	Glenreagh	52.17722	-9.19556	L	LCTY	IE
3292644	Rascalstreet	52.19694	-9.16806	P	PPL	IE
3292645	Knocknanagh	52.19972	-9.14111	L	LCTY	IE
3292646	Shanavoher	52.19944	-9.20528	P	PPL	IE
3292647	Glentanedowney	52.20833	-9.17667	L	LCTY	IE
3292649	Foilard	52.2175	-9.16083	T	MT	IE
3292650	Bllueford	52.20806	-9.1025	L	LCTY	IE
3292652	Ballyduane	52.20833	-9.06278	L	LCTY	IE
3292653	Meens	52.23417	-9.05111	L	LCTY	IE
3292654	Inchantatane	52.23417	-9.10083	P	PPL	IE
3292655	Groanrea	52.22861	-9.18333	L	LCTY	IE
3292656	Lismire	52.22694	-8.94556	P	PPL	IE
3292657	Castlemacauliffe Long Bridge	52.19167	-9.02778	P	PPLL	IE
3292660	Kilcolman	52.24694	-8.62778	L	LCTY	IE
3292661	Bantigeen Cross Roads	52.25389	-8.60694	P	PPLL	IE
3292662	Spital	52.25083	-8.65472	P	PPL	IE
3292663	Ballyhoura	52.27528	-8.64778	P	PPL	IE
3292664	Woodville	52.275	-8.65833	L	LCTY	IE
3292665	Bregage Cross Roads	52.24278	-8.70333	P	PPLL	IE
3292666	Ballinguil	52.26139	-8.67972	L	LCTY	IE
3292668	Mountbridget	52.245	-8.73583	T	MT	IE
3292670	Ballindillanig	52.27611	-8.7175	P	PPL	IE
3292671	Ballynageragh	52.28472	-8.715	P	PPL	IE
3292673	Tooreen	52.29167	-8.55556	P	PPL	IE
3292674	Knockafutera	52.30222	-8.5975	T	MT	IE
3292675	Knightsgrove	52.31889	-8.61111	L	LCTY	IE
3292676	Ardskeagh Cross Roads	52.33389	-8.62806	P	PPLL	IE
3292678	Rathmorgan	52.34056	-8.65444	P	PPL	IE
3292680	Garrane Cross Roads	52.32028	-8.61861	P	PPLL	IE
3292682	Newtown	52.3075	-8.6575	P	PPL	IE
3292683	Castle Wrixon	52.30083	-8.64306	P	PPLL	IE
3292684	Turnpike	52.32694	-8.68694	L	LCTY	IE
3292686	Ballynatrideen	52.31111	-8.70444	P	PPL	IE
3292687	Rathnacally	52.32722	-8.71861	L	LCTY	IE
3292689	Killare	52.33833	-8.73861	P	PPL	IE
3292690	Milltown Cross Roads	52.33167	-8.73306	P	PPLL	IE
3292691	Charleville Park	52.36611	-8.69139	L	PRK	IE
3292694	Ballynakilla	52.36	-8.79056	L	LCTY	IE
3292695	Laragh	52.355	-8.83306	P	PPL	IE
3292697	Boolard	52.32472	-8.76528	P	PPL	IE
3292698	Ardglass	52.31472	-8.75861	L	LCTY	IE
3292699	Killabraher	52.30417	-8.77917	L	LCTY	IE
3292701	Rath	52.27833	-8.73611	P	PPL	IE
3292704	Knockardbane	52.26611	-8.8025	L	LCTY	IE
3292706	Gurteenroe	52.24694	-8.77694	L	LCTY	IE
3292707	Knockagolig	52.245	-8.86139	L	LCTY	IE
3292708	Kilberrihert	52.26222	-8.87833	L	LCTY	IE
3292709	Tarrant’s Cross Roads	52.28583	-8.87389	P	PPLL	IE
3292710	Ballinla	52.29222	-8.85556	P	PPL	IE
3292711	Barrack Cross Roads	52.30472	-8.85778	P	PPLL	IE
3292712	Bowenford Cross Roads	52.31972	-8.85139	P	PPLL	IE
3292713	Farthingville	52.31944	-8.83833	L	LCTY	IE
3292717	Cooles	52.30694	-8.90528	L	LCTY	IE
3292719	Knocktoosh	52.30833	-9.00444	L	LCTY	IE
3292721	Ballynaguilla	52.28944	-8.9725	L	LCTY	IE
3292722	Raheen Bridge	52.28833	-8.93194	P	PPLL	IE
3292723	Knocksavane	52.28444	-9.00361	L	LCTY	IE
3292724	Knockeel	52.26972	-8.93639	L	LCTY	IE
3292725	Rowls Noonan	52.28111	-9.02472	L	LCTY	IE
3292726	Gooseberryhill	52.26472	-9.00306	L	LCTY	IE
3292727	The Rodney	52.26	-8.92583	P	PPL	IE
3292728	Tobernaclougha Cross Roads	52.25194	-9.02528	P	PPLL	IE
3292730	Barleyhill	52.24111	-8.98694	P	PPL	IE
3292731	Kilknockare	52.25389	-8.91944	L	LCTY	IE
3292732	Rowls Allen	52.29194	-9.03917	P	PPL	IE
3292733	Rock Hill	52.31667	-9.11861	T	MT	IE
3292734	Brosneen	52.31056	-9.07917	T	MT	IE
3292735	Banane	52.30889	-9.04556	T	MT	IE
3292736	Milleen	52.32222	-9.16417	L	LCTY	IE
3292737	Meennaraheeny	52.30139	-9.20028	L	LCTY	IE
3292738	Knockanebane	52.29139	-9.10611	L	LCTY	IE
3292739	Cummery Connell	52.28806	-9.07056	L	LCTY	IE
3292740	Meentinny	52.28139	-9.09889	L	LCTY	IE
3292741	Tooreennagrena	52.27694	-9.13806	L	LCTY	IE
3292742	Glenacarney	52.275	-9.17833	L	LCTY	IE
3292743	Glennaknockane	52.26722	-9.1675	L	LCTY	IE
3292744	Knockacummer	52.26806	-9.09222	T	MT	IE
3292745	Meelin Hill	52.26917	-9.03694	T	MT	IE
3292746	Knockaunararrig	52.25444	-9.07	T	MT	IE
3292747	Knockacluggin	52.25917	-9.10583	T	MT	IE
3292748	Meengorman	52.24861	-9.07139	L	LCTY	IE
3292749	Tooreendermot	52.24333	-9.10194	P	PPL	IE
3292750	Glasheenanargid	52.25028	-9.14889	P	PPL	IE
3292751	Foiladaun	52.25944	-9.15944	P	PPL	IE
3292752	Glenawaddra	52.24361	-9.16972	T	MT	IE
3292753	Torreenfineen	52.25056	-9.20639	T	MT	IE
3292755	Taur	52.23774	-9.1264	T	MT	IE
3293262	Cappanagoul	52.27139	-8.84778	P	PPL	IE
3293487	Ballynoe	51.55333	-8.91222	P	PPL	IE
3293488	Donoure	51.55444	-8.95778	P	PPLL	IE
3293490	Duneen	51.5775	-8.88167	P	PPLL	IE
3293492	Dundeady Island	51.53167	-8.95611	T	ISL	IE
3293493	Pallas	51.59222	-8.90861	P	PPL	IE
3293494	Hayes Cross Roads	51.59056	-8.94778	P	PPLL	IE
3293496	Muckruss Head	51.58972	-8.87361	T	CAPE	IE
3293497	Ring Head	51.59278	-8.85472	T	CAPE	IE
3293499	Carhoo	51.60917	-8.93083	L	LCTY	IE
3293500	Ballyduvane	51.61694	-8.94028	P	PPL	IE
3293502	South Ring	51.60611	-8.85361	P	PPL	IE
3293503	Ballymacwilliam	51.61222	-8.85583	P	PPL	IE
3293504	Garralacka	51.62194	-8.96278	L	LCTY	IE
3293506	Bird Island	51.57139	-8.78389	T	ISL	IE
3293510	Ballymacredmond	51.57778	-8.74944	P	PPL	IE
3293511	Carrigeen	51.59	-8.73722	L	LCTY	IE
3293514	Lehenagh	51.59528	-8.77528	P	PPL	IE
3293517	Barryroe	51.60972	-8.75083	L	LCTY	IE
3293518	Agha	51.60972	-8.72833	L	LCTY	IE
3293519	Coolbaun	51.6125	-8.70222	L	LCTY	IE
3293521	Ardgehane	51.60333	-8.82972	P	PPL	IE
3293522	Ballinglanna	51.59917	-8.83417	L	LCTY	IE
3293523	Aghafore	51.61583	-8.81333	L	LCTY	IE
3293524	Currahevern	51.6175	-8.77111	L	LCTY	IE
3293525	Darrary	51.6275	-8.86583	L	LCTY	IE
3293526	Tawnies	51.62833	-8.91139	L	LCTY	IE
3293527	Sleveen	51.64694	-8.96389	P	PPL	IE
3293528	Cashelisky	51.64167	-8.94278	L	LCTY	IE
3293530	Gallanes	51.63639	-8.87806	L	LCTY	IE
3293531	Shannonvale	51.64889	-8.91444	L	LCTY	IE
3293532	Ballaghhammer Bridge	51.65944	-8.92944	P	PPLL	IE
3293533	Letter	51.65389	-8.94528	P	PPL	IE
3293534	Garraneishal	51.66167	-8.91944	L	LCTY	IE
3293535	Lisselan	51.65444	-8.87389	P	PPL	IE
3293536	Knockskagh	51.66694	-8.93028	L	LCTY	IE
3293537	Croppys Cross Roads	51.6625	-8.86111	P	PPLL	IE
3293538	Bateman’s Lake	51.66583	-8.86944	H	LK	IE
3293540	Knock	51.68833	-8.95306	P	PPLL	IE
3293542	Kilmoylerane South	51.685	-8.90139	P	PPL	IE
3293543	Ahqunboy	51.69361	-8.89	P	PPL	IE
3293544	Clashflugh Cross Roads	51.63528	-8.82667	P	PPLL	IE
3293545	Fort Prospect	51.63889	-8.83972	P	PPL	IE
3293546	Ballinoroher	51.64667	-8.83472	P	PPL	IE
3293547	Killavarrig	51.65556	-8.81556	L	LCTY	IE
3293551	Spital Bridge	51.635	-8.77611	P	PPLL	IE
3293553	Barryshall	51.62833	-8.79667	L	LCTY	IE
3293554	Abbeymahon	51.63306	-8.77528	P	PPL	IE
3293555	Ballincurrig	51.62028	-8.73111	L	LCTY	IE
3293556	Clogagh	51.67528	-8.81333	L	LCTY	IE
3293557	Curranvellikeen Cross Roads	51.68778	-8.845	P	PPLL	IE
3293560	Kilshinahan	51.67639	-8.76694	L	LCTY	IE
3293561	Barleyfield	51.67833	-8.74694	L	LCTY	IE
3293562	Maulmane Bridge	51.69194	-8.72194	P	PPLL	IE
3293564	Cloonderreen	51.66417	-8.74222	P	PPL	IE
3293567	Barryareigh Cross Roads	51.67167	-8.71472	P	PPL	IE
3293568	Flaxfort Head	51.65444	-8.70278	T	CAPE	IE
3293573	Clonbouig	51.68667	-8.67722	L	LCTY	IE
3293574	Crushnalanmy Cross Roads	51.69556	-8.66472	P	PPLL	IE
3293580	Laherne	51.64528	-8.59556	P	PPL	IE
3293581	Ballymagaragh	51.64778	-8.62472	L	LCTY	IE
3293582	Clashreagh	51.65667	-8.63722	P	PPL	IE
3293583	Sea View	51.65083	-8.645	P	PPLL	IE
3293584	Artiteige	51.6725	-8.64639	L	LCTY	IE
3293585	Ballinvronig	51.6825	-8.64889	P	PPL	IE
3293586	Kilkerran	51.67917	-8.60806	L	LCTY	IE
3293587	Ballincurrig	51.65944	-8.5975	L	LCTY	IE
3293588	Ballyrub	51.66139	-8.57167	L	LCTY	IE
3293589	Oldcourt	51.67056	-8.57083	P	PPL	IE
3293590	Fort Arthur	51.675	-8.57639	P	PPL	IE
3293591	Ballyhander	51.69083	-8.60167	P	PPLL	IE
3293592	Currahoo	51.6925	-8.59306	L	LCTY	IE
3293791	Kilcolman	51.64833	-8.58056	L	LCTY	IE
3293792	Sandy Cove Island	51.67617	-8.51921	T	ISL	IE
3293793	Ardkilly	51.68333	-8.54167	L	LCTY	IE
3293794	Barrel Cross Roads	51.68444	-8.57278	P	PPLL	IE
3293796	Castle Park	51.69889	-8.51806	L	LCTY	IE
3293797	Sally Port	51.69222	-8.49972	P	PPLL	IE
3293798	Preghane	51.68389	-8.49194	L	LCTY	IE
3293800	Ballywilliam	51.70167	-8.59056	L	LCTY	IE
3293801	Walton Court	51.70222	-8.43917	L	LCTY	IE
3293802	Big Doon	51.69361	-8.42722	T	ISL	IE
3293804	Balllyvoige	51.71083	-8.93389	L	LCTY	IE
3293805	Garranelahan Cross Roads	51.70722	-8.85417	P	PPLL	IE
3293807	Breaghna	51.72056	-8.90778	L	LCTY	IE
3293808	Shanaway East	51.72167	-8.96417	L	LCTY	IE
3293809	The Hatters Cross Roads	51.73222	-8.95389	P	PPLL	IE
3293810	Pike Cross Roads	51.72472	-8.8625	P	PPLL	IE
3293811	Kilcoman	51.73111	-8.87694	L	LCTY	IE
3293812	Kilcolman Park	51.735	-8.87667	L	PRK	IE
3293813	Clonomara	51.76139	-8.94889	L	LCTY	IE
3293814	Belrose	51.7675	-8.95583	L	LCTY	IE
3293816	Crossaphreaghaun	51.75528	-8.92139	L	LCTY	IE
3293818	Gardeville	51.74389	-8.93861	L	LCTY	IE
3293820	Scrahane Cross Roads	51.76556	-8.885	P	PPLL	IE
3293823	Lissarourke	51.78472	-8.92417	P	PPL	IE
3293824	Cross Sheelavarra	51.78444	-8.87444	P	PPL	IE
3293825	Killaneer Cross Roads	51.77889	-8.90417	P	PPLL	IE
3293826	Farranthomas	51.77667	-8.89306	P	PPL	IE
3293827	Parkbane	51.79111	-8.86528	P	PPL	IE
3293828	Tanyara Bridge	51.7925	-8.83778	P	PPLL	IE
3293831	Ballagheloghane Cross Roads	51.76583	-8.81889	P	PPLL	IE
3293835	Garteen Cross Roads	51.74028	-8.81583	P	PPLL	IE
3293836	Old Port House	51.79278	-8.78833	P	PPL	IE
3293837	Finnis	51.78167	-8.77667	L	LCTY	IE
3293838	Tinker’s Cross Roads	51.76	-8.79611	P	PPLL	IE
3293842	Gallatrim	51.76472	-8.75417	P	PPL	IE
3293843	Castlenalact Lake	51.79417	-8.75583	H	LK	IE
3293845	Castlenalact	51.78639	-8.74361	P	PPL	IE
3293846	Kilbrona Cross Roads	51.75639	-8.74194	P	PPLL	IE
3293848	Killountain	51.73944	-8.7925	L	LCTY	IE
3293850	Cross Mahon	51.7275	-8.78	P	PPL	IE
3293858	Spread’s Cross Roads	51.78194	-8.66528	P	PPLL	IE
3293859	Brinny	51.78944	-8.70389	P	PPL	IE
3293861	Ballylangley	51.75861	-8.70944	P	PPL	IE
3293862	Killountane	51.78	-8.64583	L	LCTY	IE
3293863	Barna Cross Roads	51.78861	-8.64083	P	PPLL	IE
3293864	Ray Bridge	51.785	-8.61028	P	PPLL	IE
3293865	Hawthorn Hill	51.77111	-8.615	P	PPLL	IE
3293866	Clouracaun	51.76361	-8.63	L	LCTY	IE
3293867	Skeugh Cross Roads	51.76278	-8.60333	P	PPLL	IE
3293868	Knockroe	51.75	-8.67	L	LCTY	IE
3293872	Cloghane Lake	51.72694	-8.66361	H	LK	IE
3293875	Brookfield	51.73722	-8.71278	L	LCTY	IE
3293878	Ballydonaghy Cross Roads	51.74444	-8.61028	P	PPLL	IE
3293879	Doon	51.7225	-8.60556	L	LCTY	IE
3293881	Knoppoge Bridge	51.70639	-8.67778	P	PPLL	IE
3293882	Killanamaul	51.70861	-8.735	L	LCTY	IE
3293883	Ballynamaul Cross Roads	51.76722	-8.56139	P	PPLL	IE
3293884	Ballyregon	51.74778	-8.58639	L	LCTY	IE
3293885	Ballythomas	51.72556	-8.58778	L	LCTY	IE
3293886	Tisaxon	51.70833	-8.58556	L	LCTY	IE
3294059	Casino	51.78222	-8.53667	L	LCTY	IE
3294061	Heathfield	51.76278	-8.545	L	LCTY	IE
3294062	Ballymartle	51.77472	-8.52694	P	PPL	IE
3294063	Coolcarron	51.75444	-8.52	L	LCTY	IE
3294065	Ballynacourty	51.76722	-8.49972	L	LCTY	IE
3294066	Fartha	51.76528	-8.45333	P	PPL	IE
3294067	Ballady	51.75361	-8.48389	L	LCTY	IE
3294073	Ringnamean Wood	51.725	-8.49	V	FRST	IE
3294074	Eastern Bridge	51.71917	-8.50194	P	PPLL	IE
3294075	Kilcawha	51.71583	-8.51444	L	LCTY	IE
3294079	Ringville	51.70583	-8.46194	L	LCTY	IE
3294080	Roberstown	51.78333	-8.43944	L	LCTY	IE
3294081	Boardee	51.78528	-8.41028	L	LCTY	IE
3294082	Ballingarry	51.74556	-8.43972	P	PPL	IE
3294083	Ballinbug	51.75833	-8.43694	L	LCTY	IE
3294085	Ballyvorane	51.74194	-8.42056	L	LCTY	IE
3294090	Knocknamanagh	51.75417	-8.37583	L	LCTY	IE
3294092	Ballybogey	51.71583	-8.43194	L	LCTY	IE
3294093	Nohaval Turrets	51.71556	-8.40556	L	LCTY	IE
3294096	Killowen	51.72722	-8.35667	L	LCTY	IE
3294097	Reagrove	51.735	-8.35556	P	PPL	IE
3294098	Doonavanig	51.75556	-8.33333	L	LCTY	IE
3294099	Kilbeg	51.76333	-8.32833	P	PPL	IE
3294101	Ballinluska	51.78606	-8.30266	P	PPL	IE
3294102	Moneynacroha Cross Roads	51.79611	-8.95056	P	PPLL	IE
3294103	Ballinvoher	51.79583	-8.92	L	LCTY	IE
3294105	Woodlands	51.80722	-8.92111	L	LCTY	IE
3294106	Garrenereagh	51.8125	-8.96167	L	LCTY	IE
3294107	Reen	51.81	-8.88917	L	LCTY	IE
3294108	Ballynamuck	51.79861	-8.8875	L	LCTY	IE
3294109	Curraclogh	51.82917	-8.91361	L	LCTY	IE
3294113	Poulanargid	51.84222	-8.93528	P	PPL	IE
3294114	Currabeha Cross Roads	51.83444	-8.87722	P	PPLL	IE
3294117	Lissardagh	51.86	-8.88	P	PPL	IE
3294121	Carrigeen	51.82917	-8.82944	L	LCTY	IE
3294123	Stickstown	51.85472	-8.78944	L	LCTY	IE
3294124	Ahaunduff Cross Roads	51.85139	-8.79417	P	PPLL	IE
3294128	Strawhall Cross Roads	51.82472	-8.80778	P	PPLL	IE
3294129	Carrigafloca	51.81528	-8.81472	L	LCTY	IE
3294130	Aghnamarroge Cross Roads	51.83639	-8.74833	P	PPLL	IE
3294131	Templemartin	51.82167	-8.77972	P	PPL	IE
3294132	Moskeagh Cross Roads	51.81944	-8.78806	P	PPLL	IE
3294133	Quarry Cross Roads	51.8075	-8.83611	P	PPLL	IE
3294134	Moskeagh	51.81167	-8.8	L	LCTY	IE
3294137	Mossgrove Cross Roads	51.79861	-8.85167	P	PPLL	IE
3294139	Aherlabeg	51.86056	-8.76611	L	LCTY	IE
3294140	Abbey View	51.85889	-8.71917	L	LCTY	IE
3294141	Black Cross Roads	51.845	-8.70111	P	PPLL	IE
3294143	Tuocusheen	51.81306	-8.73556	L	LCTY	IE
3294146	Ballyhandle	51.81556	-8.6825	L	LCTY	IE
3294147	Tuough Bridge	51.81306	-8.71028	P	PPLL	IE
3294149	Old Chapel Cross Roads	51.80639	-8.69444	P	PPLL	IE
3294151	Knockburden	51.86167	-8.64722	P	PPL	IE
3294152	Mylane Cross Roads	51.84972	-8.645	P	PPLL	IE
3294153	Ballyhank	51.84417	-8.62556	L	LCTY	IE
3294155	Fort William	51.82472	-8.65611	P	PPLL	IE
3294158	Ballyleigh	51.83389	-8.59667	L	LCTY	IE
3294159	Warner’s Cross Roads	51.83056	-8.58528	P	PPLL	IE
3294160	Sraleigh	51.85	-8.58278	P	PPL	IE
3294161	Corran Cross Roads	51.82028	-8.60806	P	PPLL	IE
3294162	Killeady Cross Roads	51.80722	-8.63361	P	PPLL	IE
3294165	Abbey View	51.84528	-8.56444	L	LCTY	IE
3294166	Ballynagrumoolia	51.83278	-8.56917	L	LCTY	IE
3294167	Halfway	51.80429	-8.57078	P	PPL	IE
3294168	Rigsdale	51.7975	-8.59444	L	LCTY	IE
3294170	Ballynoe	51.83917	-8.52583	L	LCTY	IE
3294171	Knockalisheen	51.84889	-8.53194	L	LCTY	IE
3294172	Ballinsvrinsig	51.85472	-8.53472	L	LCTY	IE
3294175	Ballinaboy	51.79944	-8.53167	L	LCTY	IE
3294176	Sligga Bridge	51.80111	-8.49361	P	PPLL	IE
3294177	Meadstown	51.81139	-8.46306	P	PPL	IE
3294179	Fort Cross Roads	51.83528	-8.49333	P	PPLL	IE
3294180	Rathmacullig	51.8475	-8.49028	L	LCTY	IE
3294182	Belvidere	51.865	-8.48056	L	LCTY	IE
3294184	Bealahareagh Bridge	51.82389	-8.46278	P	PPLL	IE
3294186	Ballinreeshig	51.84028	-8.45917	L	LCTY	IE
3294188	Killanully	51.83306	-8.45778	L	LCTY	IE
3294190	Mount Emla	51.85556	-8.42861	L	LCTY	IE
3294192	Balliarea Cross	51.83333	-8.41194	P	PPLL	IE
3294193	Ravenswood	51.8225	-8.41917	P	PPL	IE
3294194	Sarsfield’s Screens	51.80583	-8.43611	L	LCTY	IE
3294195	Coolsarlagh	51.79778	-8.4475	L	LCTY	IE
3294198	Dromgurriky	51.85111	-8.39389	L	LCTY	IE
3294199	Knocknamullagh	51.86222	-8.38278	L	LCTY	IE
3294200	Barnahel	51.82889	-8.35667	L	LCTY	IE
3294201	Frenchrurze	51.80583	-8.38	L	LCTY	IE
3294202	Commeen	51.80139	-8.37917	L	LCTY	IE
3294203	The Priory	51.85861	-8.26167	L	LCTY	IE
3294204	Ballywilliams	51.86472	-8.29528	L	LCTY	IE
3294208	Redington	51.86472	-8.23444	L	LCTY	IE
3294209	East Ferry	51.865	-8.21028	L	LCTY	IE
3294210	Ardnabourkey	51.82083	-8.22778	L	LCTY	IE
3294211	Buckstown	51.83306	-8.20083	L	LCTY	IE
3294214	Whitewell	51.85194	-8.16722	P	PPL	IE
3294215	Lurrig	51.85278	-8.15222	P	PPL	IE
3294217	Ardra	51.82472	-8.1675	L	LCTY	IE
3294218	Ballybranagan	51.81167	-8.14667	P	PPL	IE
3294220	Shanahee	51.81806	-8.13472	P	PPL	IE
3294221	Ballymacandrick	51.83056	-8.14333	P	PPL	IE
3294222	Ballyrobin South	51.81417	-8.13417	L	LCTY	IE
3294223	Tullagh	51.8275	-8.11722	L	LCTY	IE
3294224	Ballydavid	51.83694	-8.12083	L	LCTY	IE
3294225	Ballymaloe	51.86194	-8.08861	L	LCTY	IE
3294226	Ballybranagh	51.8575	-8.10889	L	LCTY	IE
3294228	Kilmacahill	51.84944	-8.1025	L	LCTY	IE
3294229	Kilderrig	51.83583	-8.08861	L	LCTY	IE
3294230	Ballylanders	51.81639	-8.08278	L	LCTY	IE
3294231	Ballyandreen	51.82167	-8.05222	P	PPL	IE
3294232	Ballybraher	51.83528	-8.03611	P	PPL	IE
3294233	Sunville	51.84278	-8.06167	L	LCTY	IE
3294234	Monagurra	51.84389	-8.03667	P	PPL	IE
3294235	Kinoith	51.8625	-8.04972	L	LCTY	IE
3294236	Ballylongane	51.86444	-8.02833	L	LCTY	IE
3294237	Old Head	51.63944	-8.55167	T	CAPE	IE
3294451	Downdaniel	51.77278	-8.68139	P	PPLL	IE
3294455	Dough	51.47278	-9.76889	P	PPLL	IE
3294458	Ballyvoye	51.48194	-9.76222	P	PPLL	IE
3294459	Callaros Eighter	51.48777	-9.71814	P	PPLL	IE
3294462	Lissagraffin	51.48361	-9.78306	P	PPLL	IE
3294463	Dun Lough	51.48389	-9.83	H	LK	IE
3294464	Balteen	51.49889	-9.78861	L	LCTY	IE
3294467	Ballydivin Cottages	51.50038	-9.7087	P	PPL	IE
3294472	Derryleary	51.50833	-9.63639	L	LCTY	IE
3294473	Ballybrack	51.49917	-9.61306	P	PPL	IE
3294477	Seafort	51.51139	-9.585	P	PPL	IE
3294478	Bird Island	51.51444	-9.77472	T	ISL	IE
3294481	Dunkelly	51.52583	-9.71111	L	LCTY	IE
3294483	Maulawaddra	51.53861	-9.63722	P	PPL	IE
3294484	Lissacaha Lough	51.53528	-9.60472	H	LK	IE
3294485	Ratooragh	51.55667	-9.60972	L	LCTY	IE
3294487	Mauladinna	51.57222	-9.59111	L	LCTY	IE
3294488	Cold Island	51.56833	-9.65972	T	ISL	IE
3294489	Lusk Island	51.56972	-9.64611	T	ISL	IE
3294490	Lough Akeen	51.54409	-9.83852	H	LK	IE
3294491	Doo Lough	51.55083	-9.82	H	LK	IE
3294492	Coolturtaun Lough	51.55944	-9.80083	H	LK	IE
3294493	Foilbeg	51.55472	-9.79194	L	LCTY	IE
3294494	Ballyroonmountain	51.55833	-9.81694	L	LCTY	IE
3294495	Caher	51.57139	-9.74389	P	PPL	IE
3294496	Letter	51.57222	-9.76472	L	LCTY	IE
3294497	Cahergal	51.58361	-9.77167	L	LCTY	IE
3294498	Caher Mountain	51.58131	-9.742	T	MT	IE
3294500	Gortnaclasha	51.5775	-9.69861	P	PPL	IE
3294502	Owen’s Island	51.59833	-9.63222	T	ISL	IE
3294504	Dromnear	51.59	-9.68833	L	LCTY	IE
3294506	Glanroon	51.59472	-9.75444	L	LCTY	IE
3294507	Glanalin	51.6025	-9.72667	L	LCTY	IE
3294508	Gortnakilly	51.61417	-9.69472	P	PPL	IE
3294509	Gouladoo	51.62056	-9.68083	P	PPL	IE
3294510	Rossnacaheragh	51.61583	-9.64806	L	LCTY	IE
3294513	Goat’s Path	51.62944	-9.665	T	PASS	IE
3294515	Drishane Bridge	51.59139	-9.58333	P	PPLL	IE
3294517	Brahalish	51.625	-9.58778	L	LCTY	IE
3294520	Kilmichael	51.59917	-10.18611	L	LCTY	IE
3294521	Illanebeg	51.60389	-10.16278	T	ISL	IE
3294526	Foher	51.62278	-10.09444	L	LCTY	IE
3294528	Canalough	51.59889	-10.03583	P	PPL	IE
3294531	Caheraphuca	51.61944	-10.01639	P	PPL	IE
3294532	Kealoge	51.64028	-10.03278	L	LCTY	IE
3294533	Gour	51.62972	-9.98028	L	LCTY	IE
3294534	Blue Islands	51.65444	-10.06972	T	ISLS	IE
3294535	Cummeen	51.66	-10.06861	P	PPL	IE
3294542	Carrigeel	51.68944	-10.02944	T	ISL	IE
3294545	Ardachuggin	51.68194	-9.99806	L	LCTY	IE
3294546	Travara Bridge	51.67778	-10.00056	P	PPLL	IE
3294547	Aughabrack	51.67556	-9.99	P	PPL	IE
3294548	Miskish Mountain	51.66773	-9.96214	T	MT	IE
3294549	Teernahillane	51.65889	-9.98139	L	LCTY	IE
3294550	Knockoura	51.64667	-9.98111	P	PPL	IE
3294552	Gour Bridge	51.63944	-9.96361	P	PPLL	IE
3294553	Cahergarriff	51.63083	-9.96889	L	LCTY	IE
3294555	Disert	51.62222	-9.94889	L	LCTY	IE
3294556	Knocknaud	51.64333	-9.95194	P	PPL	IE
3294779	Shee Head	51.61861	-9.91111	T	CAPE	IE
3294780	Knockanallig	51.63056	-9.885	L	LCTY	IE
3294781	Coomastooka	51.63389	-9.88528	L	LCTY	IE
3294783	Derrycreaveen	51.63833	-9.90528	L	LCTY	IE
3294786	Cloonaghlin	51.63056	-9.82167	T	CAPE	IE
3294787	Carrigbreedia	51.62472	-9.83583	T	CAPE	IE
3294793	Miranekeal	51.65444	-9.8825	T	CAPE	IE
3294795	Loughure Island	51.67222	-9.75222	T	ISL	IE
3294797	Knockane	51.67056	-9.78611	L	LCTY	IE
3294798	Derreeny	51.6775	-9.77083	L	LCTY	IE
3294800	Tooreen Beg	51.68611	-9.8475	P	PPL	IE
3294801	Coomarkane Lake	51.68861	-9.78472	H	LK	IE
3294802	Coomadavallig Lake	51.69889	-9.78389	H	LK	IE
3294803	Knocknagree	51.69367	-9.84212	T	MT	IE
3294805	Adrigole Mountain	51.7075	-9.73889	T	MT	IE
3294806	Derryclancy	51.70125	-9.78094	T	MT	IE
3294808	Cloontreem	51.67528	-9.90972	L	LCTY	IE
3294811	Kilmackowen	51.69083	-9.9125	L	LCTY	IE
3294812	Kealincha Bridge	51.68917	-9.93278	P	PPLL	IE
3294815	Crumpane	51.69361	-9.94	P	PPL	IE
3294816	Gowlane	51.69917	-9.90222	L	LCTY	IE
3294817	Lackawee	51.7033	-9.87543	T	MT	IE
3294821	Bofickil	51.70778	-9.95417	P	PPL	IE
3294824	Gortgarriff	51.72528	-9.96889	P	PPL	IE
3294825	Bridaun	51.7125	-10.03556	T	ISL	IE
3294840	Barrees	51.72028	-9.91694	P	PPL	IE
3294841	Bunskellig	51.72444	-9.8925	P	PPL	IE
3294843	Lough Fadda	51.7325	-9.93833	H	LK	IE
3294844	Cappul Bridge	51.74611	-9.90083	P	PPLL	IE
3294845	Cleanderry	51.74028	-9.9475	P	PPL	IE
3294846	Derreenacush	51.73667	-9.97389	P	PPL	IE
3294848	Illaunbweeheen	51.75083	-9.93778	T	ISL	IE
3294850	Barrakilly	51.74583	-9.86361	P	PPL	IE
3294851	Gorteen	51.75167	-9.86667	L	LCTY	IE
3294852	Lackareagh	51.76472	-9.89417	P	PPL	IE
3294854	Curravaniheen Island	51.775	-9.89472	T	ISL	IE
3294855	Eskatarriff	51.71856	-9.82905	T	MT	IE
3294857	Lackabane	51.722	-9.80789	T	MT	IE
3294858	Glanmore Bridge	51.72722	-9.78056	P	PPLL	IE
3294859	Ballaghscart	51.72833	-9.76028	T	MT	IE
3294863	Coombane	51.71583	-9.76889	T	MT	IE
3294866	Atadav Bridge	51.75444	-9.77639	P	PPLL	IE
3294868	Knockastumpa	51.74922	-9.75424	T	MT	IE
3294869	Tooth Mountain	51.73714	-9.82232	T	MT	IE
3294872	Glashananinnaun Bridge	51.75694	-9.855	P	PPLL	IE
3294875	Two Headed Island	51.74361	-10.15472	T	ISL	IE
3294876	Moylaun Island	51.74472	-10.175	T	ISL	IE
3294878	Illaunnaweelaun	51.75361	-10.10472	T	ISL	IE
3294880	Bathfield	51.76944	-10.09667	L	LCTY	IE
3294882	Lamb’s Island	51.7675	-10.15278	T	ISL	IE
3294883	Coomatloukane	51.77694	-10.18417	L	LCTY	IE
3294884	Cahernageeha	51.78361	-10.15	L	LCTY	IE
3294886	Beenarourke	51.77699	-10.17137	T	MT	IE
3294890	Loher	51.79694	-10.18083	L	LCTY	IE
3294892	Farraniaragh Mountain	51.78315	-10.14685	T	MT	IE
3294895	Ardkearagh	51.80944	-10.16944	L	LCTY	IE
3294898	Bucslikane Bridge	51.81583	-10.15833	P	PPLL	IE
3294899	Eightercua	51.82083	-10.14917	L	LCTY	IE
3294900	Ballybrack	51.82639	-10.16528	L	LCTY	IE
3294902	Beenrour	51.81778	-10.11194	L	LCTY	IE
3294920	Termons	51.84972	-10.1575	L	LCTY	IE
3294921	Spunkane	51.8475	-10.19083	L	LCTY	IE
3294922	Cloghvoola	51.84361	-10.08611	L	LCTY	IE
3294923	Cappamore	51.82389	-10.09889	L	LCTY	IE
3294924	Coomrooania Lough	51.81361	-10.07583	H	LK	IE
3294925	Tooreenyduneen	51.82417	-10.04444	P	PPL	IE
3294927	Staigue	51.80611	-10.04167	L	LCTY	IE
3294928	Coad Mountain	51.79389	-10.07333	T	MT	IE
3294929	Carrough	51.78722	-10.09111	L	LCTY	IE
3294930	Knocknasulog	51.76694	-10.08083	L	LCTY	IE
3294931	Leaghillaun	51.76972	-10.05444	T	CAPE	IE
3294933	Daniels Island	51.77556	-10.01694	T	ISL	IE
3294934	Illaunsillagh	51.78194	-10.00361	T	ISL	IE
3294936	Skenanagh	51.79056	-10.02278	L	LCTY	IE
3294937	Casttercose	51.78861	-10.05194	P	PPL	IE
3294938	Coad	51.78556	-10.06278	P	PPL	IE
3294939	Glanlough	51.8025	-9.99111	P	PPL	IE
3294940	Glan Lough	51.80389	-10.00056	H	LK	IE
3294941	Ardmore	51.80694	-9.99056	P	PPL	IE
3294942	Bohacogram	51.82056	-10.01083	L	LCTY	IE
3294943	Derreenauliff	51.81389	-9.98389	L	LCTY	IE
3294944	Reenrone	51.80194	-9.98361	P	PPL	IE
3294945	Esknaloughoge	51.82438	-10.00085	T	MT	IE
3294946	Gortdromagh	51.83889	-9.98056	P	PPL	IE
3294948	Illaunleagh	51.80333	-9.94417	T	ISL	IE
3294949	Inishikeelaghmore	51.80694	-9.90722	T	ISL	IE
3294950	Illaunamadan	51.80194	-9.89528	T	ISL	IE
3294951	Inishkeragh	51.80639	-9.89333	T	ISL	IE
3294952	Garinish	51.81361	-9.90083	T	ISL	IE
3294953	Illaunslea	51.81972	-9.88833	T	ISL	IE
3294955	Gleesk	51.81528	-9.94389	L	LCTY	IE
3294956	Drongown Lough	51.82417	-9.84278	H	LK	IE
3294957	Hollywood	51.82972	-9.89556	P	PPL	IE
3294958	Derrylough	51.83778	-9.89361	L	LCTY	IE
3294961	Cowlane’s East	51.85222	-9.94667	L	LCTY	IE
3294962	Scraliannagaur	51.85389	-9.91194	L	LCTY	IE
3294963	Brackloon	51.85583	-9.84778	P	PPL	IE
3295226	Lough Fadda	51.84528	-9.80528	H	LK	IE
3295227	Derreennamackan	51.85222	-9.7675	T	CAPE	IE
3295229	Ormond’s Island	51.83528	-9.75444	T	ISL	IE
3295232	Ardea Bridge	51.82667	-9.7425	P	PPLL	IE
3295233	Dinish Island	51.85833	-9.6575	T	ISL	IE
3295234	Brennel Island	51.85667	-9.68417	T	ISL	IE
3295235	Feoramore	51.84556	-9.70556	L	LCTY	IE
3295236	Muckera	51.84222	-9.67778	L	LCTY	IE
3295237	Coornagillagh	51.83861	-9.74083	P	PPL	IE
3295238	Cummer Lough	51.82778	-9.62667	H	LK	IE
3295239	Lough Napeasta	51.80972	-9.70556	H	LK	IE
3295240	Unugh Wood	51.81444	-9.69528	V	FRST	IE
3295241	Cummeenanma	51.80472	-9.70806	L	LCTY	IE
3295243	Cummeenadillure Lough	51.80222	-9.6675	H	LK	IE
3295244	Inishfoyle	51.81028	-9.62389	L	LCTY	IE
3295246	Cnoc an Uaignis	51.7791	-9.73946	T	MT	IE
3295247	Tuosist	51.805	-9.752	L	LCTY	IE
3295249	Lauragh Bridge	51.77611	-9.77056	P	PPLL	IE
3295250	Croanshagh Bridge	51.76306	-9.78111	P	PPLL	IE
3295259	Fehanagh	51.76806	-9.74833	L	LCTY	IE
3295260	Pookeen	51.76528	-9.72139	T	MT	IE
3295261	Droppa	51.76446	-9.69544	T	MT	IE
3295262	Eagle’s Nest	51.77694	-9.66861	T	MT	IE
3295263	Caha South East Top	51.76322	-9.65629	T	MT	IE
3295264	Baurearagh Mountain	51.78712	-9.61803	T	MT	IE
3295265	Killane Mountain	51.777	-9.63506	T	MT	IE
3295266	Ram’s Hill	51.76167	-9.66722	T	MT	IE
3295267	Cushnaficulla	51.74273	-9.70621	T	MT	IE
3295268	Claddaghgarriff	51.73722	-9.74056	T	MT	IE
3295269	Knockeirky	51.74204	-9.69171	T	MT	IE
3295277	Lough Shanoge	51.74972	-9.67611	H	LK	IE
3295278	Glenlough Mountain	51.74361	-9.66028	T	MT	IE
3295279	Lough Moredoolig	51.74056	-9.6775	H	LK	IE
3295280	Glenkeel Lough	51.73833	-9.68944	H	LK	IE
3295281	Glen Lough	51.72472	-9.68417	H	LK	IE
3295285	Inchintaglin Bridge	51.71333	-9.72	P	PPLL	IE
3295289	Lough Derreenadavodia	51.74278	-9.64528	H	LK	IE
3295290	Lough Eekenohoolikeaghaun	51.73833	-9.64722	H	LK	IE
3295291	Curraduff	51.71361	-9.67556	L	LCTY	IE
3295292	Curragh	51.70194	-9.65222	P	PPL	IE
3295294	Trafrask Bridge	51.69417	-9.66194	P	PPLL	IE
3295295	Trafrask	51.69167	-9.67056	P	PPL	IE
3295296	Faha	51.69083	-9.69056	L	LCTY	IE
3295297	Roosk	51.6825	-9.65194	P	PPL	IE
3295298	Mehal Head	51.68167	-9.65083	T	CAPE	IE
3295299	Derrylough	51.68972	-9.63889	P	PPL	IE
3295301	Sheelane Island	51.69667	-9.59167	T	ISL	IE
3295302	Garinish West	51.70278	-9.59333	T	ISL	IE
3295303	Derreenacarrin	51.70944	-9.61139	P	PPL	IE
3295304	Gowlbeg Mountain	51.71717	-9.60685	T	MT	IE
3295305	Coolieragh	51.71889	-9.59722	L	LCTY	IE
3295307	Avaul Lough	51.72944	-9.57861	H	LK	IE
3295322	Derryeonnery	51.74139	-9.59194	L	LCTY	IE
3295328	Coomarkane	51.75306	-9.64389	L	LCTY	IE
3295329	Crossterry Mountain	51.76556	-9.62833	T	MT	IE
3295331	Rossnagrena	51.78444	-9.60583	L	LCTY	IE
3295333	Barraduff Mountain	51.83252	-9.58484	T	MT	IE
3296024	Ballyeragh	51.43111	-9.52667	L	LCTY	IE
3296027	Lissarnona	51.445	-9.47944	P	PPL	IE
3296033	Slievemore	51.45941	-9.43361	P	PPLL	IE
3296034	Kilmoon	51.46858	-9.41576	P	PPL	IE
3296036	The Catalogues	51.49472	-9.41639	T	ISLS	IE
3296037	Spanish Island	51.49556	-9.39278	T	ISL	IE
3296041	Ardnagrena	51.49806	-9.3825	L	LCTY	IE
3296044	Inishleigh	51.50611	-9.3975	T	ISL	IE
3296049	Donegall	51.51361	-9.37	L	LCTY	IE
3296050	Poulnacidlee	51.51361	-9.3975	L	LCTY	IE
3296051	Fasagh	51.51361	-9.41361	L	LCTY	IE
3296054	Skeam East	51.50833	-9.44667	T	ISL	IE
3296055	Skeam West	51.50556	-9.46194	T	ISL	IE
3296059	Carthy’s Islands	51.4975	-9.50778	T	ISLS	IE
3296084	Derreennatra	51.52278	-9.5025	P	PPL	IE
3296086	Cappaghglass	51.53667	-9.46056	P	PPL	IE
3296087	Foilnamack	51.54417	-9.46194	L	LCTY	IE
3296089	Mannin Island	51.54139	-9.41944	T	ISL	IE
3296090	Kilkilleen	51.53194	-9.41278	L	LCTY	IE
3296091	Laheratanvally	51.54472	-9.41611	L	LCTY	IE
3296094	Sealaclare Bridge	51.55778	-9.4125	P	PPLL	IE
3296095	Crooked Bridge	51.56389	-9.41361	P	PPLL	IE
3296096	Kilcoe	51.56639	-9.40861	L	LCTY	IE
3296098	Killeena	51.52306	-9.335	L	LCTY	IE
3296100	Highfield	51.51861	-9.33611	L	LCTY	IE
3296101	Pookween	51.50806	-9.32861	L	LCTY	IE
3296117	Ballyoughiera	51.51333	-9.30556	P	PPLL	IE
3296118	Ballyally Lough	51.5075	-9.28722	H	LK	IE
3296119	Bullock Island	51.49392	-9.29126	T	ISL	IE
3296120	Bawnlahan	51.50556	-9.26222	L	LCTY	IE
3296121	Dooneen	51.51361	-9.23306	P	PPL	IE
3296122	Scobaun	51.50778	-9.22528	L	LCTY	IE
3296124	Skiddy Island	51.51833	-9.17139	T	ISL	IE
3296126	Lough Rahavarrig	51.57028	-8.97639	H	LK	IE
3296131	Ballyvireen Bridge	51.57333	-9.0625	P	PPLL	IE
3296132	Ballinaclog	51.56444	-9.06972	L	LCTY	IE
3296133	Temple Bridge	51.58361	-9.00222	P	PPLL	IE
3296134	Kilruane Bridge	51.60361	-8.97389	P	PPLL	IE
3296135	Pike Cross Roads	51.61028	-8.97806	P	PPLL	IE
3296136	Westwood	51.60222	-9.07083	L	LCTY	IE
3296137	Ballynavar Bridge	51.61639	-8.97861	P	PPLL	IE
3296139	Roury Bridge	51.58361	-9.06972	P	PPLL	IE
3296143	Adam’s Island	51.54583	-9.10139	T	ISL	IE
3296144	Eve Island	51.555	-9.11056	T	ISL	IE
3296145	Skahanagh	51.55194	-9.13222	P	PPL	IE
3296146	Reenogreena	51.55722	-9.09444	L	LCTY	IE
3296406	Myross	51.53194	-9.14667	P	PPL	IE
3296407	Reen	51.52583	-9.16333	L	LCTY	IE
3296408	Dromillihy Wood	51.59861	-9.09417	V	FRST	IE
3296409	Gortroe Cross Roads	51.60806	-9.10333	P	PPLL	IE
3296410	Abbey Mount	51.60083	-9.13778	P	PPLL	IE
3296411	Ballyhilloe	51.59139	-9.12694	L	LCTY	IE
3296412	Cloonties Lake	51.58389	-9.11	H	LK	IE
3296413	Glandore Bridge	51.57167	-9.13889	P	PPLL	IE
3296414	Ballin Lough	51.60444	-9.15778	H	LK	IE
3296415	Lough Clubir	51.54417	-9.15083	H	LK	IE
3296416	Smithville	51.54056	-9.20806	P	PPL	IE
3296417	Rinneen	51.55389	-9.19472	L	LCTY	IE
3296418	Aghills Lake	51.56417	-9.20889	H	LK	IE
3296421	Shreelane Lakes	51.57528	-9.1925	H	LKS	IE
3296422	Milleen Bridge	51.585	-9.18667	P	PPLL	IE
3296423	Cloonheen	51.59306	-9.19556	L	LCTY	IE
3296424	Maulatrahane	51.59861	-9.205	L	LCTY	IE
3296425	Coornishal	51.61139	-9.21333	L	LCTY	IE
3296427	Kilnaelasba	51.58444	-9.25028	L	LCTY	IE
3296428	Runalunn	51.5875	-9.26556	P	PPL	IE
3296429	Bauravilla	51.605	-9.27139	P	PPL	IE
3296430	Coolnaelehy	51.59472	-9.28444	L	LCTY	IE
3296432	Lough Abisdedly	51.53306	-9.24722	H	LK	IE
3296433	Castlelands	51.54667	-9.2575	L	LCTY	IE
3296434	Lightford	51.54056	-9.2875	L	LCTY	IE
3296435	Glencarragh	51.56333	-9.295	L	LCTY	IE
3296436	Lisheennapingina	51.57556	-9.31611	L	LCTY	IE
3296438	Shanavalla	51.59528	-9.31333	L	LCTY	IE
3296440	Red Cross Roads	51.61111	-9.32806	P	PPLL	IE
3296441	Milleennahorna	51.60417	-9.35111	L	LCTY	IE
3296443	Foherlagh	51.57194	-9.35806	P	PPL	IE
3296444	Meen Bridge	51.56444	-9.39	P	PPLL	IE
3296446	Munnane	51.55583	-9.37111	L	LCTY	IE
3296447	New Bridge	51.55528	-9.27333	P	PPLL	IE
3296448	Newcourt	51.54889	-9.32972	L	LCTY	IE
3296449	Church Cross	51.54389	-9.3475	P	PPLL	IE
3296450	Lissaclarig	51.5775	-9.40167	L	LCTY	IE
3296451	Aghadown	51.543	-9.373	L	LCTY	IE
3296453	Ardura	51.5725	-9.43667	L	LCTY	IE
3296454	Knockroe	51.57722	-9.44694	L	LCTY	IE
3296455	Fort View	51.58861	-9.44528	L	LCTY	IE
3296457	Derreenard	51.59778	-9.4225	L	LCTY	IE
3296459	Rathrnane Bridge	51.57278	-9.48083	P	PPLL	IE
3296461	Letter	51.56972	-9.51083	P	PPL	IE
3296462	Ratheenroe	51.57806	-9.535	L	LCTY	IE
3296463	Rathruane	51.58056	-9.49972	P	PPL	IE
3296464	Lisheennacreagh	51.59361	-9.49833	L	LCTY	IE
3296466	Shantullig North	51.58389	-9.54139	P	PPL	IE
3296467	Coosane	51.60639	-9.46917	P	PPL	IE
3296468	Glan	51.55	-9.58861	P	PPL	IE
3296773	Sam’s Cross Roads	51.62167	-8.97528	P	PPLL	IE
3296774	Woodfield	51.62917	-8.97583	P	PPL	IE
3296775	The Counsellors Cross Roads	51.62278	-9.03833	P	PPLL	IE
3296776	Castleventry	51.63611	-9.02028	L	LCTY	IE
3296777	Carrigagrenane Cross Roads	51.64472	-9.06556	P	PPLL	IE
3296778	Froe	51.61444	-9.05083	L	LCTY	IE
3296779	Bealad Cross Roads	51.64889	-8.99139	P	PPLL	IE
3296781	Argideen Bridge	51.66111	-8.995	P	PPLL	IE
3296782	Mall Cross Roads	51.61722	-9.09778	P	PPLL	IE
3296783	Carrigfadda	51.63556	-9.09492	T	MT	IE
3296785	Killinga	51.62278	-9.15556	L	LCTY	IE
3296786	Corran North	51.645	-9.15361	L	LCTY	IE
3296787	Knockmore	51.64917	-9.12389	L	LCTY	IE
3296788	Maulatanrally	51.65361	-9.09472	L	LCTY	IE
3296789	Coomatallin	51.65556	-9.12	L	LCTY	IE
3296790	Carrigbaun Cross Roads	51.63583	-9.17806	P	PPLL	IE
3296791	Kippagh Bridge	51.66306	-9.07444	P	PPLL	IE
3296792	Lough Atarriff	51.67194	-9.07	H	LK	IE
3296793	Milleennagun	51.68167	-9.06167	L	LCTY	IE
3296794	Curraghalicky	51.67111	-9.13472	L	LCTY	IE
3296795	Maulagow	51.6675	-9.17	L	LCTY	IE
3296796	Floraville	51.67722	-9.16472	P	PPL	IE
3296797	Reavouler Bridge	51.65222	-9.15556	P	PPLL	IE
3296799	Coolnaronarty	51.67611	-9.02611	L	LCTY	IE
3296800	Rossmore	51.67944	-8.99056	P	PPL	IE
3296801	Kilmeen Cross Roads	51.68778	-8.98333	P	PPLL	IE
3296802	Knockane	51.69722	-9.05472	L	LCTY	IE
3296803	Cloonkirgeen	51.70167	-9.02556	P	PPL	IE
3296804	Drinagh East	51.6875	-9.10028	L	LCTY	IE
3296805	Drinagh West	51.68694	-9.12944	L	LCTY	IE
3296806	Maulanimirish	51.70083	-9.12944	P	PPL	IE
3296807	Clubhouse Cross Roads	51.70556	-9.06806	P	PPL	IE
3296808	Kilronane	51.70861	-9.08139	P	PPL	IE
3296809	Bealanascartane	51.70194	-9.06333	L	LCTY	IE
3296810	Kilvirra	51.705	-8.99694	L	LCTY	IE
3296811	Rearahinagh	51.62111	-9.21917	L	LCTY	IE
3296812	Driminidy	51.63417	-9.22417	P	PPL	IE
3296813	Bredagh Cross Roads	51.63278	-9.23056	P	PPLL	IE
3296814	Derryclogh	51.64639	-9.22194	P	PPL	IE
3296815	Tonatora	51.64806	-9.24472	L	LCTY	IE
3296818	Kilnahera East	51.68056	-9.20861	L	LCTY	IE
3296819	Shronacarton Cross Roads	51.68194	-9.23278	P	PPLL	IE
3296822	Ceancullig	51.68833	-9.26806	L	LCTY	IE
3296823	Moyny Bridge	51.67444	-9.28083	P	PPLL	IE
3296824	Madore	51.62639	-9.29472	L	LCTY	IE
3296825	Mutton Bridge	51.65667	-9.2725	P	PPLL	IE
3296826	Knockane	51.65833	-9.30056	L	LCTY	IE
3296830	Milane Hill	51.69564	-9.20328	T	MT	IE
3296831	Lake View	51.69556	-9.18083	L	LCTY	IE
3296832	Derreeny Bridge	51.61306	-9.26611	P	PPLL	IE
3296833	Lissangle	51.61806	-9.31472	L	LCTY	IE
3296835	Ballyourane	51.62444	-9.34389	L	LCTY	IE
3296836	Barna Cross Roads	51.63139	-9.32861	P	PPLL	IE
3296838	Cullomane Cross Roads	51.65778	-9.38222	P	PPLL	IE
3296839	Derrcennacno	51.64944	-9.38583	L	LCTY	IE
3296840	Glanaphuca Bridge	51.62306	-9.35639	P	PPLL	IE
3296841	Dromore	51.66861	-9.38111	P	PPL	IE
3296843	Leitry Bridge	51.70472	-9.26611	P	PPLL	IE
3296844	Glandart	51.69583	-9.34528	P	PPL	IE
3296845	Maunvough	51.68361	-9.37472	P	PPLL	IE
3296846	Glanbannoo Upper	51.70611	-9.365	P	PPL	IE
3296847	Lough Bofinna	51.69222	-9.3875	H	LK	IE
3296848	Trawlebane	51.68389	-9.40389	L	LCTY	IE
3296851	Ardrah	51.6625	-9.44806	L	LCTY	IE
3296853	Corestable Lake	51.63389	-9.38806	H	LK	IE
3296854	Chapel Island	51.69143	-9.47337	T	ISL	IE
3296856	Kilmore Lakes	51.68482	-9.50387	H	LKS	IE
3296857	Gerane West	51.68306	-9.54944	T	ISL	IE
3296859	Lady’s Odell	51.6775	-9.49222	P	PPL	IE
3296861	Tedagh	51.66611	-9.50472	L	LCTY	IE
3296862	Letterlicky Bridge	51.64667	-9.45444	P	PPLL	IE
3296863	Coonkeen	51.64472	-9.55083	L	LCTY	IE
3296864	Clashadoo	51.63722	-9.54861	L	LCTY	IE
3296865	Killoveenoge	51.65472	-9.5675	P	PPL	IE
3296866	Ballycommane	51.6325	-9.50139	L	LCTY	IE
3296867	Barnaghgeehy	51.62528	-9.47611	L	LCTY	IE
3296868	Coolcoulagata	51.61028	-9.515	P	PPL	IE
3296869	Mannion’s Island	51.61472	-9.53861	T	ISL	IE
3296873	Currabeg	51.715	-8.99528	L	LCTY	IE
3296874	Shanaway	51.72194	-8.97611	L	LCTY	IE
3296876	Manch Bridge	51.72778	-9.02472	P	PPLL	IE
3296877	Ballynacarriga	51.71806	-9.02333	L	LCTY	IE
3296881	Lissacroneen Cross Roads	51.75667	-8.98778	P	PPLL	IE
3296882	Caher	51.75528	-9.01306	L	LCTY	IE
3296883	Balteenbrack	51.74389	-9.04139	L	LCTY	IE
3296884	Toom	51.76028	-9.03944	P	PPL	IE
3296885	Behagh	51.75639	-9.05472	P	PPL	IE
3296886	Nedinagh	51.73111	-9.07361	P	PPL	IE
3296887	Moreagh	51.71778	-9.07167	L	LCTY	IE
3296889	Sleenoge	51.77944	-8.97222	L	LCTY	IE
3296890	Ballyvelone	51.785	-8.99778	L	LCTY	IE
3296891	Araharlick	51.79917	-9.01722	L	LCTY	IE
3296892	Geara Bridge	51.79306	-9.02389	P	PPLL	IE
3296895	Cooleenagow Cross Roads	51.77	-9.03917	P	PPLL	IE
3296897	Aultagh Wood	51.78167	-9.08889	V	FRST	IE
3296898	Neaskin	51.78028	-9.11667	L	LCTY	IE
3296899	Inchicahan Cross Roads	51.76222	-9.095	L	LCTY	IE
3296900	Ardcahan Bridge	51.76056	-9.09694	P	PPLL	IE
3296902	Mount Gunner	51.755	-9.115	T	MT	IE
3296903	Beaghaooha Wood	51.76167	-9.14528	V	FRST	IE
3296904	Dromdeeny	51.79028	-9.145	L	LCTY	IE
3296906	Cummernamart Cross Roads	51.79056	-9.13889	P	PPLL	IE
3296907	Poulnaherry Bridge	51.79278	-9.1325	P	PPLL	IE
3297217	Togher Bridge	51.77694	-9.17083	P	PPLL	IE
3297219	Farnanes	51.75583	-9.22722	L	LCTY	IE
3297220	Dromdrasdil	51.74861	-9.20583	P	PPL	IE
3297221	Coollallure	51.75028	-9.165	L	LCTY	IE
3297222	Derrynasafagh	51.7425	-9.17	L	LCTY	IE
3297224	Derryduff	51.72889	-9.19889	L	LCTY	IE
3297225	Sillahertane	51.71889	-9.21667	L	LCTY	IE
3297226	Cullenagh Lake	51.73806	-9.22472	H	LK	IE
3297227	Barrboy	51.74722	-9.26806	L	LCTY	IE
3297228	Shanacrane	51.78611	-9.21694	P	PPL	IE
3297229	Coonclogh	51.78167	-9.26833	L	LCTY	IE
3297231	Gortloughra Bridge	51.7975	-9.27389	P	PPLL	IE
3297232	Gortloughra	51.79222	-9.28667	L	LCTY	IE
3297233	Derreenacrinnig	51.72028	-9.28778	T	MT	IE
3297235	Coomanore Lough	51.7075	-9.32528	H	LK	IE
3297236	Mullaghmesha	51.70817	-9.31582	T	MT	IE
3297237	Coomanore North	51.72194	-9.34833	L	LCTY	IE
3297238	Barnagowlane	51.73306	-9.29139	P	PPL	IE
3297239	Coomleagh	51.74361	-9.30583	P	PPL	IE
3297240	Maughanaclea	51.74105	-9.27181	T	MT	IE
3297241	Ardrah	51.74333	-9.34833	P	PPL	IE
3297242	Cahermucker	51.78361	-9.32222	P	PPL	IE
3297243	Ballynamought	51.77639	-9.31028	P	PPL	IE
3297244	Cahermoanteen Bridge	51.76528	-9.35528	P	PPLL	IE
3297246	Maulavanig	51.78194	-9.35417	L	LCTY	IE
3297247	Lough Atooreen	51.77833	-9.38889	H	LK	IE
3297248	Ahildoua	51.77417	-9.38333	L	LCTY	IE
3297250	Breeny More	51.74778	-9.37694	L	LCTY	IE
3297251	Cappanahoul Lough	51.73583	-9.40028	H	LK	IE
3297253	Illane	51.79	-9.385	L	LCTY	IE
3297255	Skahanagh	51.72333	-9.40917	L	LCTY	IE
3297256	Gortagarry	51.72694	-9.43944	L	LCTY	IE
3297257	Shandrum	51.72972	-9.4275	L	LCTY	IE
3297258	Piersons Bridge	51.74417	-9.41556	P	PPLL	IE
3297259	Coorloum	51.76639	-9.43361	L	LCTY	IE
3297260	Cloonygorman	51.71778	-9.39222	L	LCTY	IE
3297262	Reenydonagan Lough	51.70695	-9.4455	H	LK	IE
3297263	Horse Island	51.70055	-9.46855	T	ISL	IE
3297269	Snave	51.74222	-9.46722	L	LCTY	IE
3297270	Lough More	51.7425	-9.48778	H	LK	IE
3297271	Coomhola Bridge	51.75389	-9.45889	P	PPLL	IE
3297272	Barony Bridge	51.76139	-9.525	P	PPLL	IE
3297273	Crossterry Bridge	51.78139	-9.55583	P	PPLL	IE
3297274	Derroograne	51.76917	-9.51694	L	LCTY	IE
3297275	Carran	51.7725	-9.45111	P	PPL	IE
3297276	Furkeal Bridge	51.74139	-9.55917	P	PPLL	IE
3297277	Cromwella Bridge	51.75917	-9.55306	P	PPLL	IE
3297280	Skehil	51.77639	-9.58833	L	LCTY	IE
3297281	Coomhola Mountain	51.77755	-9.45685	T	MT	IE
3297282	Barraboy Mountain	51.78997	-9.53987	T	MT	IE
3297283	Nagarriva	51.79917	-9.51278	T	MT	IE
3297284	Banane Bridge	51.82361	-9.5375	P	PPLL	IE
3297285	Deelis	51.81694	-9.52167	T	MT	IE
3297286	Drehideighteragh Bridge	51.8325	-9.49722	P	PPLL	IE
3297287	Curragraigue	51.83806	-9.51056	L	LCTY	IE
3297288	Barrerneen	51.83882	-9.46522	T	MT	IE
3297290	Derrynacaheragh	51.83361	-9.56972	T	MT	IE
3297291	Priests Leap	51.81056	-9.46306	T	MT	IE
3297292	Knockeirka	51.84193	-9.55325	T	MT	IE
3297293	Coolnagoppoge	51.85611	-9.50528	P	PPL	IE
3297294	Esk Mountain	51.79972	-9.56444	T	MT	IE
3297295	Lough Boy	51.80833	-9.46167	H	LK	IE
3297296	Knocknamanagh	51.85	-9.43278	T	MT	IE
3297297	Lough Akinkeen	51.8425	-9.43056	H	LK	IE
3297299	Knockantooreen	51.84746	-9.39569	T	MT	IE
3297300	Lough Nambrackderg	51.83389	-9.39944	H	LK	IE
3297302	Curramore Lough	51.80444	-9.44278	H	LK	IE
3297303	Curramore	51.80194	-9.42333	L	LCTY	IE
3297304	Lough Fadda	51.83389	-9.34806	H	LK	IE
3297305	Gouganeharra Forest Park	51.845	-9.33917	L	PRK	IE
3297306	Cappaboy Beg	51.80806	-9.33083	P	PPL	IE
3297307	Lackavane	51.81778	-9.33833	L	LCTY	IE
3297308	Curraglass	51.82111	-9.32778	L	LCTY	IE
3297309	Foilastookeen	51.83444	-9.32639	T	MT	IE
3297310	Bealick	51.84262	-9.35157	T	MT	IE
3297311	Gortafludig	51.85556	-9.28389	P	PPL	IE
3297312	Doughill Mountain	51.81457	-9.28838	T	MT	IE
3297313	Douce Mountain	51.79857	-9.27198	T	MT	IE
3297314	Cullenagh Bridge	51.81528	-9.29833	P	PPLL	IE
3297315	Lough Nambrackderg	51.80972	-9.225	H	LK	IE
3297316	Derryriordane	51.8175	-9.26556	L	LCTY	IE
3297317	Cloghburn	51.84167	-9.27833	P	PPL	IE
3297318	Bargarriff	51.84889	-9.26056	L	LCTY	IE
3297319	Inchinossig Bridge	51.85833	-9.24	P	PPLL	IE
3297320	Calaiste	51.86722	-9.22333	L	LCTY	IE
3297321	Keabraugh	51.84417	-9.2275	L	LCTY	IE
3297322	Drohidaspaunig Bridge	51.82944	-9.19778	P	PPLL	IE
3297324	Cloghboola Bridge	51.815	-9.23333	P	PPLL	IE
3297325	Carrigmount	51.78678	-9.23001	T	MT	IE
3297326	Knockrour	51.81083	-9.21139	T	MT	IE
3297327	Currahy Bridge	51.85667	-9.17528	P	PPLL	IE
3297328	Graigue Bridge	51.85694	-9.16611	P	PPLL	IE
3297329	Turnaspidary	51.86667	-9.18111	P	PPL	IE
3297331	Mount Prospect	51.825	-9.18917	T	MT	IE
3297332	Mullaghmearogafin	51.81944	-9.16667	T	MT	IE
3297333	Gortnahoughtee	51.83083	-9.16972	L	LCTY	IE
3297334	Tullagh	51.805	-9.16389	L	LCTY	IE
3297335	Carrigarierk	51.80257	-9.14452	T	MT	IE
3297336	Derryvane	51.86944	-9.14111	P	PPL	IE
3297338	Carrigdangan	51.81861	-9.10528	P	PPL	IE
3297339	Cross	51.80556	-9.10417	L	LCTY	IE
3297340	Bohane’s Cross Roads	51.84667	-9.10806	P	PPLL	IE
3297341	Killhanna Cross Roads	51.82694	-9.07444	P	PPLL	IE
3297342	Johnstown	51.81917	-9.08944	P	PPL	IE
3297343	Haremount	51.8325	-9.09	L	LCTY	IE
3297345	Rassmore	51.87083	-9.08306	P	PPL	IE
3297347	Glan Cross Roads	51.8075	-9.05444	P	PPLL	IE
3297349	Baulbrack	51.83611	-9.02056	L	LCTY	IE
3297350	Slieveowen	51.82056	-9.00056	L	LCTY	IE
3297351	Knockane	51.84194	-8.97722	L	LCTY	IE
3297352	Moneyeusker	51.86583	-9.02361	L	LCTY	IE
3297353	Mullaghroe	51.87083	-8.98222	L	LCTY	IE
3297354	Deshure	51.84611	-8.99694	P	PPL	IE
3297355	Kilmichael	51.84806	-9.03556	P	PPL	IE
3297357	Boylegrove	51.86944	-9.02694	P	PPL	IE
3297687	Glanearagh	51.84944	-10.38917	L	LCTY	IE
3297688	Ballynahow	51.85472	-10.36222	P	PPL	IE
3297689	Lateeve	51.87556	-10.34722	P	PPL	IE
3297690	Kilkeaveragh	51.86972	-10.33194	T	MT	IE
3297691	Killabuonia	51.85944	-10.33028	L	LCTY	IE
3297692	Keel	51.85083	-10.32722	L	LCTY	IE
3297693	Garrane	51.88083	-10.31278	P	PPL	IE
3297694	Killbarly	51.84556	-10.29667	P	PPL	IE
3297695	Cools	51.85778	-10.29722	P	PPL	IE
3297697	Muingydowda	51.86861	-10.22778	L	LCTY	IE
3297698	Emlaghdreenagh	51.85583	-10.22306	L	LCTY	IE
3297699	Killobuaig	51.88778	-10.26806	L	LCTY	IE
3297700	Long Island	51.88	-10.40278	T	ISL	IE
3297701	Horse Island	51.88389	-10.39694	T	ISL	IE
3297702	Beenaniller Head	51.89806	-10.42056	T	CAPE	IE
3297705	Dohilla	51.92806	-10.35028	L	LCTY	IE
3297707	Chapeltown	51.90889	-10.32833	P	PPL	IE
3297709	Ardcost	51.90444	-10.27806	P	PPLL	IE
3297710	Lamanagh	51.8675	-10.37361	P	PPL	IE
3297711	Minanes	51.65056	-9.17972	P	PPLL	IE
3297712	Lamb Island	51.94361	-10.29722	T	ISL	IE
3297715	Reenard Cross	51.93472	-10.24111	P	PPL	IE
3297716	Foughil Island	51.94611	-10.25	T	ISL	IE
3297717	Killelan	51.95611	-10.2875	P	PPL	IE
3297719	Emlagh	51.965	-10.26639	P	PPL	IE
3297721	Beentee	51.93377	-10.21655	T	MT	IE
3297722	Killoe	51.92278	-10.2075	L	LCTY	IE
3297723	Oghermong	51.91417	-10.24917	L	LCTY	IE
3297724	Derreen	51.89806	-10.24278	P	PPL	IE
3297726	Kilpeaean Cross Roads	51.89167	-10.21778	P	PPL	IE
3297727	Laharan South	51.90861	-10.22306	L	LCTY	IE
3297728	Aghatubrid	51.90417	-10.18333	T	MT	IE
3297729	Tooreennamna	51.73056	-9.86278	T	MT	IE
3297731	Inchiclogh	51.94833	-10.19361	L	LCTY	IE
3297732	New Chapel Cross	51.85139	-10.16667	P	PPL	IE
3297733	Caherbarnagh	51.85083	-10.12472	P	PPL	IE
3297734	Dromkeare Bridge	51.85333	-10.11	P	PPL	IE
3297735	Scarriff	51.85833	-10.16806	P	PPL	IE
3297737	Sallihig	51.86639	-10.13194	L	LCTY	IE
3297738	Dromod	51.86611	-10.11	L	LCTY	IE
3297740	Derrineden	51.88167	-10.08667	L	LCTY	IE
3297741	Dromaragh	51.89778	-10.12861	P	PPL	IE
3297742	Maulin	51.90583	-10.1325	P	PPL	IE
3297743	Bawnduff	51.91139	-10.14694	T	MT	IE
3297744	Canuig	51.91278	-10.10472	L	LCTY	IE
3297745	Knockavohaun	51.92472	-10.11444	T	MT	IE
3297746	Derrymore	51.93278	-10.13333	L	LCTY	IE
3297747	Glanbeg	51.84806	-10.07306	P	PPL	IE
3297748	Oughtiv	51.8625	-10.06917	P	PPL	IE
3297749	Lough Namona	51.87833	-10.03861	H	LK	IE
3297751	Killeenleagh Bridge	51.90833	-10.06444	P	PPL	IE
3297752	Knockaneden Cross	51.94222	-10.09444	P	PPL	IE
3297753	Caunoge	51.95389	-10.06306	T	MT	IE
3297757	Terrnahila	51.96167	-10.095	L	LCTY	IE
3297758	Derreenmoria	51.97306	-10.14472	P	PPL	IE
3297759	Foilmore	51.97753	-10.13712	P	PPL	IE
3297760	Dooneen	51.97722	-10.16778	L	LCTY	IE
3297761	Limateerha	51.99111	-10.12056	L	LCTY	IE
3298056	Castlequin	51.98111	-10.23194	L	LCTY	IE
3298057	Killurly Commons	52.00194	-10.18278	T	MT	IE
3298058	Glendalough Lakes	52.00306	-10.16306	H	LKS	IE
3298060	Roads	52.01917	-10.14556	P	PPL	IE
3298061	Roads Lough	52.01667	-10.13167	H	LK	IE
3298062	Kells Lough	52.02222	-10.11583	H	LK	IE
3298063	Kells	52.01889	-10.105	P	PPL	IE
3298064	Darby’s Bridge	52.01417	-10.10139	P	PPL	IE
3298065	Reacaslagh	52.01028	-10.10333	P	PPL	IE
3298067	Gleensir Viaduct	52.03139	-10.08111	L	LCTY	IE
3298068	Coomnacronia Lake	52.00833	-10.03694	H	LK	IE
3298069	Been Hill	52.00323	-10.05396	T	MT	IE
3298070	Mullaghnarakill	51.99989	-10.03925	T	MT	IE
3298071	Teermoyle Mountain	51.98472	-10.03273	T	MT	IE
3298072	Coomaglaslaw Lake	52.00361	-10.02083	H	LK	IE
3298073	Coomreagh	51.99944	-10.00722	T	MT	IE
3298078	Coolnaharragil	52.035	-10.01417	L	LCTY	IE
3298079	Letter East	52.02917	-10.01028	L	LCTY	IE
3298080	Ballynakilly Upper	52.02722	-9.97472	P	PPL	IE
3298081	Baliynakilly	52.01222	-9.96083	P	PPL	IE
3298082	Knocknaman	51.99361	-9.98167	T	MT	IE
3298083	Coomnagrossaun Lake	51.99417	-9.9725	H	LK	IE
3298084	Coomeeneragh Lake	51.98583	-9.9775	H	LK	IE
3298085	Meenteog	51.97976	-9.983	T	MT	IE
3298087	Lough Nellinane	51.88583	-10.01389	H	LK	IE
3298088	Tooreenboy Lough	51.90556	-9.9775	H	LK	IE
3298089	Adoolig Lough	51.90333	-9.96361	H	LK	IE
3298090	Lough Coomavanniha	51.88528	-9.96806	H	LK	IE
3298091	Lough Coomeathcun	51.86861	-9.98944	H	LK	IE
3298092	Lough Iskanamacteery	51.86222	-10.02583	H	LK	IE
3298093	Lough Nambrackdarrig	51.85806	-10.00972	H	LK	IE
3298094	Lough Slievenushaska	51.86056	-9.96694	H	LK	IE
3298096	Lough Dromtine	51.86722	-9.93389	H	LK	IE
3298097	Dughile and Coomavanniha	51.89167	-9.98333	L	LCTY	IE
3298098	Knocknagantee	51.8937	-9.93573	T	MT	IE
3298099	Derreen	51.91528	-10.01056	L	LCTY	IE
3298100	Lissatinnig Bridge	51.92944	-9.99528	P	PPL	IE
3298101	Owroe Bridge	51.93361	-10.01833	P	PPL	IE
3298103	Coomaspeara	51.96389	-9.98778	L	LCTY	IE
3298495	Beginish	52.11528	-10.50944	T	ISL	IE
3298496	Young Island	52.11917	-10.50694	T	ISL	IE
3298497	Carrigfadda	52.11361	-10.52694	T	ISL	IE
3298500	Beenacouma	52.10833	-10.44361	T	MT	IE
3298501	Kilvickadownig	52.10944	-10.39833	P	PPL	IE
3298502	Caherbullig	52.1175	-10.40333	P	PPL	IE
3298503	Mount Eagle Lough	52.12472	-10.42639	H	LK	IE
3298504	Kildurrih	52.12944	-10.4075	P	PPL	IE
3298506	Carhoo	52.13833	-10.46194	P	PPL	IE
3298508	Graigue	52.15	-10.46167	P	PPL	IE
3298509	Rahtnnane	52.14167	-10.38556	P	PPL	IE
3298510	Teeravane	52.1575	-10.4425	P	PPL	IE
3298511	Lateevebeg	52.15167	-10.39333	L	LCTY	IE
3298512	Ballyoughteragh	52.17861	-10.44861	P	PPL	IE
3298513	Ballinrannig	52.175	-10.40917	P	PPL	IE
3298514	Emlagh	52.16611	-10.37278	L	LCTY	IE
3298515	Farran	52.19056	-10.42972	P	PPL	IE
3298516	Ballinrolla	52.16861	-10.44528	P	PPL	IE
3298517	Ballineanig	52.1625	-10.39361	P	PPL	IE
3298518	Gaeltachia	52.19528	-10.37694	L	LCTY	IE
3298524	Saint’s Road	52.15722	-10.35306	P	PPLL	IE
3298525	Lateevemore	52.15969	-10.3403	T	MT	IE
3298526	Murreagh	52.18694	-10.36389	P	PPL	IE
3298527	Ballylusky	52.19417	-10.35917	P	PPL	IE
3298528	Ballynana	52.17	-10.34167	P	PPL	IE
3298529	Ballyeightragh	52.15583	-10.33694	L	LCTY	IE
3298530	Caherboshina	52.14528	-10.33778	P	PPL	IE
3298534	Graffee	52.23167	-10.33278	P	PPL	IE
3298535	Dunacapple Island	52.21972	-10.38639	T	ISL	IE
3298536	An Ghlaise Bheag	52.21028	-10.38056	L	LCTY	IE
3298537	Ballyroe	52.22694	-10.33694	L	LCTY	IE
3298538	Moorestown	52.21917	-10.34111	P	PPL	IE
3298539	Feohanagh	52.21611	-10.35556	P	PPL	IE
3298540	Caherscullibeen	52.20083	-10.33444	P	PPL	IE
3298542	Reenconnell	52.18472	-10.31583	P	PPL	IE
3298543	Ballyheabought	52.16694	-10.28972	P	PPL	IE
3298544	Knocknahoran	52.15417	-10.28222	P	PPL	IE
3298546	Ballyhowler	52.1625	-10.24083	L	LCTY	IE
3298547	Glin North	52.19	-10.27889	L	LCTY	IE
3298548	Knockmoylemore	52.17167	-10.21	T	MT	IE
3298549	Beennabrack	52.17937	-10.23948	T	MT	IE
3298550	Beenduff	52.18222	-10.22056	T	MT	IE
3298551	Lough Coumeenoughter	52.18611	-10.22333	H	LK	IE
3298552	Lough Gal	52.19111	-10.22917	H	LK	IE
3298553	Lough Duff	52.18889	-10.24111	H	LK	IE
3298554	Clogharee Lough	52.19	-10.21306	H	LK	IE
3298555	Lough Atlea	52.19639	-10.20861	H	LK	IE
3298556	Lough Namna	52.19944	-10.25278	H	LK	IE
3298557	Kilquane	52.21083	-10.32111	P	PPL	IE
3298558	Ballinloghig	52.20222	-10.3075	P	PPL	IE
3298559	Gearhane	52.20972	-10.26056	L	LCTY	IE
3298560	Lough Avoonane	52.21083	-10.22583	H	LK	IE
3298561	Lough Cruttia	52.22167	-10.22306	H	LK	IE
3298562	Lough Nalacken	52.22972	-10.23444	H	LK	IE
3298563	Ballynavenooragh	52.22528	-10.30111	P	PPL	IE
3298564	Clash	52.22139	-10.30361	L	LCTY	IE
3298565	Ballinknockane	52.23528	-10.30056	P	PPL	IE
3298566	Ballycatrane	52.23111	-10.32389	L	LCTY	IE
3298568	Tiduff	52.23972	-10.29944	P	PPL	IE
3298569	Faha	52.23972	-10.20806	P	PPL	IE
3298572	Lough Duff	52.24722	-10.25611	H	LK	IE
3298575	Murirrigane	52.27694	-10.16861	P	PPL	IE
3298577	Knockdeelea	52.28167	-10.19222	T	MT	IE
3298579	Teer	52.26028	-10.18167	P	PPL	IE
3298581	Boherboy	52.22917	-10.17972	P	PPL	IE
3298582	Drom	52.23361	-10.16722	L	LCTY	IE
3298587	Lough Doon	52.18694	-10.18972	H	LK	IE
3298588	Lough Camclaun	52.19722	-10.16694	H	LK	IE
3298589	Shevanea	52.18389	-10.19083	T	MT	IE
3298590	Slievenalecka	52.19026	-10.15361	T	MT	IE
3298591	Slievenagower	52.19792	-10.13676	T	MT	IE
3298592	Beenbo	52.20015	-10.12825	T	MT	IE
3298593	Coumanare Lakes	52.18306	-10.16139	H	LKS	IE
3298594	Lough Barnanageeha	52.17222	-10.14139	H	LK	IE
3298846	Lough	52.13	-10.25889	L	LCTY	IE
3298847	Doonsheane	52.12611	-10.22639	P	PPL	IE
3298849	Emlagh East	52.13333	-10.23028	P	PPL	IE
3298850	Coon	52.11028	-10.375	L	LCTY	IE
3298853	Doonmanagh	52.12611	-10.17722	P	PPL	IE
3298854	Tobernamoodane	52.13222	-10.19833	P	PPL	IE
3298855	Lisnarahardia	52.1525	-10.20167	L	LCTY	IE
3298857	Aglish	52.13389	-10.14361	P	PPL	IE
3298858	Gubranna	52.11556	-10.12917	T	CAPE	IE
3298859	Garrynadia	52.14306	-10.14583	L	LCTY	IE
3298860	Banoge South	52.15278	-10.125	P	PPL	IE
3298861	Gowlin	52.15056	-10.17722	P	PPL	IE
3298867	Lough Anscaul	52.18194	-10.07167	H	LK	IE
3298868	Annagap	52.15694	-10.08333	L	LCTY	IE
3298869	Beenatoor	52.21346	-10.11047	T	MT	IE
3298870	An Com Ban	52.21549	-10.0974	T	MT	IE
3298871	Cnoc an tSraidbhaile	52.21643	-10.06767	T	MT	IE
3298872	Lough Acummeen	52.21972	-10.07778	H	LK	IE
3298873	Lough Caum	52.2075	-10.05333	H	LK	IE
3298874	Lough Slat	52.20694	-10.03472	H	LK	IE
3298875	Doon	52.20528	-10.02556	T	MT	IE
3298878	Mall	52.16056	-10.03028	P	PPL	IE
3298880	Knocknakilton	52.19122	-9.99388	T	MT	IE
3298881	Lougher	52.1825	-9.99139	P	PPL	IE
3298882	Cummeen	52.20362	-10.00467	T	MT	IE
3298883	Lough Acummeen	52.21278	-10.00111	H	LK	IE
3298884	Knockbeg	52.19667	-9.96528	T	MT	IE
3298885	Glanlough	52.20583	-9.97917	P	PPL	IE
3298886	Beenaconroe	52.22417	-10.04389	L	LCTY	IE
3298888	Tullaree	52.24972	-10.01194	L	LCTY	IE
3298889	Aughacasla	52.23972	-9.97861	P	PPL	IE
3298890	Lough Naparka	52.29028	-10.01972	H	LK	IE
3298891	Trench Bridge	52.27056	-10.02944	P	PPL	IE
3298892	Illauntannig	52.32833	-10.02611	T	ISL	IE
3298893	Illaunimmil	52.33472	-10.05167	T	ISL	IE
3298894	Reennafardarrig	52.33222	-10.02222	T	ISL	IE
3298895	Mucklaghbeg	52.32889	-10.0025	T	ISL	IE
3298897	Candiha	52.30472	-10.02889	L	LCTY	IE
3298899	Maulagallane	51.85639	-9.91944	L	LCTY	IE
3298900	Gearha	51.85667	-9.88806	L	LCTY	IE
3298901	Letternadarriv	51.865	-9.85167	L	LCTY	IE
3298902	Ardeen	51.87417	-9.86361	L	LCTY	IE
3298903	Knocknafreaghane	51.87122	-9.82868	T	MT	IE
3298904	Gortagowan	51.85306	-9.8275	P	PPL	IE
3298905	Bogare	51.88444	-9.83444	P	PPL	IE
3298906	Kealariddig	51.88722	-9.85806	L	LCTY	IE
3298907	Tullakeel	51.87667	-9.88694	P	PPL	IE
3298908	Eskine	51.8925	-9.82778	T	MT	IE
3298909	Knockarig	51.90222	-9.83944	T	MT	IE
3298910	Faher Mountain	51.90861	-9.85444	T	MT	IE
3298911	River Hill	51.89694	-9.87611	T	MT	IE
3298912	Lough Coomnacronia	51.89694	-9.90556	H	LK	IE
3298913	Lough Coomeen	51.90111	-9.88139	H	LK	IE
3298914	Lough Coomalougha	51.91333	-9.90611	H	LK	IE
3298915	The Pocket	51.92639	-9.85389	T	MT	IE
3298916	Ballytrusk	51.93389	-9.91806	T	MT	IE
3298917	Coombaha	51.92833	-9.95139	P	PPL	IE
3298918	Lettergarriv	51.94028	-9.90056	P	PPL	IE
3298919	Knocknacusha	51.94107	-9.92699	T	MT	IE
3299194	Canknoogheda	51.95472	-9.89778	L	LCTY	IE
3299195	Derreennageeha	51.94639	-9.95417	L	LCTY	IE
3299196	Knocknagapple	51.95403	-9.93388	T	MT	IE
3299197	Shronahiree	51.96333	-9.84111	L	LCTY	IE
3299198	Coomnacarrig Bridge	51.96556	-9.90972	P	PPLL	IE
3299199	Boheeskil	51.97583	-9.86111	P	PPL	IE
3299201	Beenbane	51.98167	-9.85722	P	PPL	IE
3299202	Gortmatoon West	51.99556	-9.85417	L	LCTY	IE
3299203	Bealtalaw Bridge	51.98833	-9.87139	P	PPL	IE
3299204	Dromalonhurt Bridge	51.97528	-9.89556	P	PPL	IE
3299205	Dreenagh	51.9675	-9.92528	T	MT	IE
3299208	Neesha	51.98722	-9.93722	P	PPL	IE
3299209	Creeveen	52.00194	-9.93639	P	PPL	IE
3299210	Beenreagh	52.00476	-9.95073	T	MT	IE
3299213	Drom East	52.01806	-9.90028	L	LCTY	IE
3299214	Blackstomes Bridge	52.01722	-9.88	P	PPL	IE
3299215	Keel	52.01722	-9.915	L	LCTY	IE
3299216	Shanacashel	52.0175	-9.85472	L	LCTY	IE
3299217	Coolroe	52.02944	-9.93936	T	MT	IE
3299218	Bunglasha	52.02889	-9.90444	L	LCTY	IE
3299219	Glanbeny Bridge	52.03833	-9.95389	P	PPLL	IE
3299221	Gortdirragh	52.03333	-9.92056	L	LCTY	IE
3299222	Treangarra	52.03944	-9.90472	L	LCTY	IE
3299223	Gortnagan	52.03417	-9.87722	L	LCTY	IE
3299224	Lough Nambrackdarrig	52.03861	-9.85139	H	LK	IE
3299225	Lough Nakirka	52.03861	-9.83111	H	LK	IE
3299226	Lough Cappanalea	52.04611	-9.85444	H	LK	IE
3299227	Lough Cummernamuck	52.04889	-9.82778	H	LK	IE
3299228	Golagh	52.04861	-9.8575	P	PPL	IE
3299229	Derryfanga	52.0198	-9.81143	T	MT	IE
3299230	Lough Beg	52.05167	-9.87583	H	LK	IE
3299231	Coomcloghaun Lake	52.05806	-9.81556	H	LK	IE
3299232	Lough Licka	52.06194	-9.81611	H	LK	IE
3299233	Lake Field	52.07139	-9.84639	P	PPL	IE
3299234	Commaun	52.06083	-9.89833	L	LCTY	IE
3299235	Curraheen	52.06222	-9.9225	P	PPL	IE
3299237	Behy Bridge	52.05694	-9.95056	P	PPL	IE
3299238	Doolahag	52.07611	-9.91583	P	PPL	IE
3299240	Lough Nambrackdarrig	52.08361	-9.8975	H	LK	IE
3299241	Knockaunroe	52.08167	-9.92028	P	PPL	IE
3299242	Muingaphuca	52.08389	-9.84194	L	LCTY	IE
3299243	Lough Yganavan	52.09861	-9.88778	H	LK	IE
3299244	Illaunstookagh	52.09944	-9.92833	L	LCTY	IE
3299245	Cromane	52.10635	-9.89714	P	PPL	IE
3299247	Garrane	52.11611	-9.82806	P	PPL	IE
3299248	Knockmore	52.17487	-9.92382	T	MT	IE
3299249	Lack Mountain	52.17761	-9.89239	T	MT	IE
3299250	Knockbrack	52.18201	-9.89843	T	MT	IE
3299251	Caherbla	52.18357	-9.86629	T	MT	IE
3299252	Knockbrack	52.19722	-9.92	L	LCTY	IE
3299253	Beheenagh	52.19528	-9.88111	L	LCTY	IE
3299254	Corrin	52.20406	-9.92423	T	MT	IE
3299256	Black Rock	52.17972	-9.84028	L	LCTY	IE
3299257	Castle Hill	52.19548	-9.81971	T	MT	IE
3299259	Gearhane	52.21147	-9.85433	T	MT	IE
3299261	Capparlogh	52.22639	-9.94556	L	LCTY	IE
3299263	Derrymore	52.24028	-9.8425	P	PPL	IE
3299264	Illaunnacusha	52.30861	-9.90056	T	ISL	IE
3299265	Little Samphire Island	52.27101	-9.8812	T	ISL	IE
3299266	Tawlaght	52.28722	-9.85778	P	PPL	IE
3299269	Fybagh	52.16944	-9.82917	P	PPL	IE
3299270	Lough Eightragh	52.22972	-10.28139	H	LK	IE
3299414	Ballinaspig	51.87722	-8.53528	P	PPL	IE
3299415	Musheen	51.88611	-8.51389	P	PPL	IE
3299417	Tramore	51.87722	-8.445	P	PPL	IE
3299419	Clogheen	51.90139	-8.52139	P	PPL	IE
3299421	Garronabpaher	51.91167	-8.51639	L	LCTY	IE
3299422	Elmgrove	51.91361	-8.45417	L	LCTY	IE
3299423	Ardfallen	51.88306	-8.44778	P	PPL	IE
3299424	Killeens Cross	51.92472	-8.51639	P	PPL	IE
3299425	Clogheenmilton	51.93333	-8.54028	L	LCTY	IE
3299426	Dublin Pike	51.93028	-8.46417	P	PPL	IE
3299427	Lahardane	51.92778	-8.45333	P	PPL	IE
3299428	Monard	51.94333	-8.51472	L	LCTY	IE
3299429	Killeendaniel	51.9425	-8.4875	L	LCTY	IE
3299430	Whites Cross	51.9375	-8.44917	P	PPL	IE
3299433	Piercetown	51.95389	-8.47194	L	LCTY	IE
3299434	Ballynahina	51.95861	-8.49667	L	LCTY	IE
3299435	Kilcronan	51.95944	-8.525	P	PPL	IE
3299436	Lisduff	51.96778	-8.53111	P	PPL	IE
3299437	Ballinvarrig	51.96639	-8.51194	L	LCTY	IE
3299438	Killavarrig	51.97	-8.49389	L	LCTY	IE
3299439	Ballyhoe	51.94611	-8.44861	L	LCTY	IE
3299440	Templemichael Bridge	51.96972	-8.43917	P	PPL	IE
3299441	Templeusque	51.96917	-8.42194	L	LCTY	IE
3299442	Buck Leary’s Cross Roads	51.96306	-8.40917	P	PPL	IE
3299443	Upper Glanmire Bridge	51.95528	-8.4175	P	PPL	IE
3299444	Upper Glanmire	51.95028	-8.42833	L	LCTY	IE
3299446	Ballinvinny South	51.96333	-8.38167	P	PPL	IE
3299447	Woodride	51.96556	-8.35778	L	LCTY	IE
3299448	Kilquane Bridge	51.96389	-8.34222	P	PPL	IE
3299449	Ashtongrove	51.95861	-8.37139	L	LCTY	IE
3299450	Butlerstown	51.95056	-8.37611	P	PPL	IE
3299452	Ballynagaul	51.94556	-8.35444	L	LCTY	IE
3299455	Ballynagarbragh	51.92861	-8.34694	L	LCTY	IE
3299457	New Inn	51.92111	-8.41	L	LCTY	IE
3299458	Mayfield	51.91306	-8.42889	L	LCTY	IE
3299463	Loumore	51.90556	-8.4225	P	PPL	IE
3299464	Ballinglanna	51.91611	-8.38667	P	PPL	IE
3299465	Caherlag	51.91444	-8.36333	P	PPL	IE
3299466	Ballyregan	51.92972	-8.31306	L	LCTY	IE
3299467	Ballinbrittig	51.93917	-8.31528	L	LCTY	IE
3299468	Killeena	51.94722	-8.32583	P	PPL	IE
3299469	Reanasallagh	51.95028	-8.31972	L	LCTY	IE
3299470	Dunsland	51.9075	-8.37972	P	PPL	IE
3299471	Glounthaune	51.91111	-8.36111	P	PPL	IE
3299472	Piedmont	51.89	-8.42972	L	LCTY	IE
3299473	Little Island Roads	51.90083	-8.3525	P	PPL	IE
3299474	Lakeland	51.88389	-8.39889	L	LCTY	IE
3299475	Derrybrook	51.86806	-8.43861	P	PPL	IE
3299477	Broadale	51.86611	-8.41361	P	PPL	IE
3299478	Old Courth	51.86167	-8.38833	P	PPL	IE
3299479	Charlesmont	51.87361	-8.41	L	LCTY	IE
3299480	Monfield’s Town	51.87194	-8.395	L	LCTY	IE
3299481	Rochestown	51.87	-8.38306	P	PPL	IE
3299483	Glenbrook	51.86556	-8.35111	L	LCTY	IE
3299487	Harper’s Island	51.905	-8.31472	T	ISL	IE
3299488	Brown Island	51.90417	-8.30806	T	ISL	IE
3299489	Ballynacrusha Cross Roads	51.86306	-8.29778	P	PPL	IE
3299490	Ballyleary	51.86306	-8.31944	P	PPL	IE
3299493	Carhuegarriffe	51.91806	-8.30333	L	LCTY	IE
3299496	Pigeonhill Cross Roads	51.96139	-8.29444	P	PPL	IE
3299497	Ballynakilla	51.95278	-8.2925	L	LCTY	IE
3299498	Tattans Glen	51.95833	-8.26	L	LCTY	IE
3299499	Knockakeen	51.95806	-8.24611	L	LCTY	IE
3299501	Garranes	51.94417	-8.27028	L	LCTY	IE
3299502	Tibbotstown	51.93861	-8.27083	L	LCTY	IE
3299503	Woodstock	51.93	-8.24944	L	LCTY	IE
3299504	Glenview	51.94472	-8.22917	L	LCTY	IE
3299506	Ballyleary	51.94222	-8.25361	L	LCTY	IE
3299508	Heamount	51.92917	-8.22972	L	LCTY	IE
3299510	Greenville	51.91972	-8.26056	P	PPL	IE
3299513	Weir Island	51.89083	-8.27306	T	ISL	IE
3299517	Belgrove	51.86667	-8.22889	L	LCTY	IE
3299518	Walterstown	51.86333	-8.23333	P	PPL	IE
3299519	Ballintubbrid	51.89333	-8.24889	L	LCTY	IE
3299520	Belvedere	51.89778	-8.235	L	LCTY	IE
3299521	Baneshane	51.89944	-8.21111	L	LCTY	IE
3299523	Ballyadam	51.91917	-8.23583	L	LCTY	IE
3299525	Knockgriffin	51.91528	-8.20222	L	LCTY	IE
3299527	Lochcarrig	51.88389	-8.17667	L	LCTY	IE
3299528	Bawnard	51.88139	-8.16889	L	LCTY	IE
3299529	Innygraga	51.88611	-8.16167	L	LCTY	IE
3299530	Kilva	51.87583	-8.15444	L	LCTY	IE
3299531	Statty Bridge	51.90028	-8.28306	P	PPL	IE
3299532	Avoncore	51.92194	-8.1825	P	PPL	IE
3299534	Carrigogna Bridge	51.92944	-8.18556	P	PPL	IE
3299535	Gortnacrue	51.94111	-8.17889	P	PPL	IE
3299536	Ballyedmond Little	51.95361	-8.19944	L	LCTY	IE
3299537	Rathgire	51.96	-8.19556	L	LCTY	IE
3299538	Killeendooling	51.96	-8.1725	L	LCTY	IE
3299539	Ballyspillane	51.94444	-8.16167	L	LCTY	IE
3299540	Elfordstown	51.95083	-8.16389	L	LCTY	IE
3299541	Glenathonacash	51.96472	-8.15083	P	PPL	IE
3299741	Canuig Mountain	51.8	-10.31667	T	MT	IE
3299742	Boolakeel	51.8	-10.28333	P	PPL	IE
3299744	Kinard	51.81667	-10.28333	P	PPL	IE
3299751	Knockacrump	51.87389	-8.1175	P	PPL	IE
3299752	Ardaviling	51.87778	-8.13111	L	LCTY	IE
3299753	Sheanliss	51.8825	-8.11194	L	LCTY	IE
3299754	Meelshane	51.88028	-8.09028	P	PPL	IE
3299755	Gortstoke	51.88667	-8.06667	L	LCTY	IE
3299756	Bohillane	51.88111	-8.06083	L	LCTY	IE
3299757	Glennageare	51.89056	-8.09722	L	LCTY	IE
3299760	Coppingerstown	51.89944	-8.13833	L	LCTY	IE
3299761	Thade’s Cross Roads	51.90056	-8.11917	P	PPL	IE
3299762	Ballintotes	51.9075	-8.09917	P	PPL	IE
3299764	Lough Aderry	51.91278	-8.09278	H	LK	IE
3299767	Ballincourlea	51.88222	-8.02056	P	PPL	IE
3299768	Rooskagh	51.86861	-8.03972	L	LCTY	IE
3299769	Ballyhimilan	51.86611	-8.03528	L	LCTY	IE
3299770	Ightermurragh	51.89611	-8.01833	P	PPL	IE
3299771	Carew’s Wood	51.9025	-8.04306	V	FRST	IE
3299773	Clasharinka	51.91389	-8.04167	L	LCTY	IE
3299774	Ballyhonock Lough	51.91278	-8.01111	H	LK	IE
3299775	Garrymore	51.91139	-8.00361	L	LCTY	IE
3299776	Lissacrue	51.92111	-8.01889	L	LCTY	IE
3299777	Knocknaskagh	51.92583	-8.04278	L	LCTY	IE
3299779	Kibmountain Cross Roads	51.92194	-8.08694	P	PPL	IE
3299781	Bilberry	51.92917	-8.12806	L	LCTY	IE
3299785	Ballynacole	51.94611	-8.11167	P	PPL	IE
3299786	Annistown	51.94306	-8.04028	P	PPL	IE
3299787	Drominane	51.94889	-8.03778	L	LCTY	IE
3299789	Crowbally	51.95167	-8.07806	L	LCTY	IE
3299790	Glenane More	51.95889	-8.03611	L	LCTY	IE
3299791	Glenbower Wood	51.95889	-8.01528	V	FRST	IE
3299792	Gortnagappul	51.96389	-7.98528	P	PPL	IE
3299793	Ballygibbon	51.96222	-8.05833	L	LCTY	IE
3299796	Glenbeg	51.96583	-8.13028	L	LCTY	IE
3299799	Ballymareagh	51.87333	-7.94833	P	PPL	IE
3299800	Ballypherode	51.87944	-7.93667	L	LCTY	IE
3299801	Glenawilling	51.88278	-7.91528	P	PPL	IE
3299802	Greenland	51.89083	-7.90528	L	LCTY	IE
3299803	Ballykinealy	51.88806	-7.92944	L	LCTY	IE
3299805	Gortavadda Bridge	51.89556	-7.94667	P	PPL	IE
3299806	Lisquinlan Cross	51.90083	-7.98278	L	LCTY	IE
3299808	Clonpriest	51.90833	-7.92778	L	LCTY	IE
3299809	Cromponn Bridge	51.90917	-7.93278	P	PPL	IE
3299810	Shanakill	51.91583	-7.94833	L	LCTY	IE
3299811	Gortcorcoran	51.9125	-7.98222	L	LCTY	IE
3299813	Yellowford	51.9225	-7.95778	L	LCTY	IE
3299815	Clearies Cross Roads	51.93833	-7.92806	P	PPL	IE
3299818	Knockmonalea	51.94778	-7.95556	L	LCTY	IE
3299819	Ballyhobert	51.94583	-7.92667	L	LCTY	IE
3299820	Ballyvergan West	51.94194	-7.90778	L	LCTY	IE
3299821	Ballyvergan East	51.93806	-7.88611	L	LCTY	IE
3299822	Mary Ville	51.95194	-7.91	L	LCTY	IE
3299823	Ballykilty	51.95278	-7.9625	L	LCTY	IE
3299824	Drishane More	51.96583	-7.97889	L	LCTY	IE
3299825	Ballinvarrig Upper	51.96278	-7.9325	L	LCTY	IE
3299826	Curraghboy	51.96806	-7.91889	L	LCTY	IE
3299828	Ballymacask	51.95917	-7.89694	P	PPL	IE
3299829	Glenally	51.96222	-7.87833	P	PPL	IE
3299831	Clonard	51.92167	-7.89417	L	LCTY	IE
3299832	Pillmore	51.91667	-7.89444	L	LCTY	IE
3299838	Ballymadog	51.92111	-7.91333	P	PPL	IE
3299839	Dunbulloge Bridge	51.97472	-8.46306	P	PPL	IE
3299840	Knockaneag	51.97806	-8.48833	L	LCTY	IE
3299841	Templemichael	51.97583	-8.45694	L	LCTY	IE
3299842	Dromgarriff	51.99056	-8.54056	P	PPL	IE
3299845	Ardalaghta	52.00222	-8.50778	L	LCTY	IE
3299846	Dromboy South	52.00722	-8.53806	L	LCTY	IE
3299847	Crossernagannee	52.00722	-8.52139	L	LCTY	IE
3299848	Killeagh Cross Roads	51.99889	-8.45222	P	PPL	IE
3299849	Ballynabortagh	52.00528	-8.46361	L	LCTY	IE
3299996	Lyrenamon	52.02417	-8.53472	L	LCTY	IE
3299997	Ballyvorisheen	52.02306	-8.49	P	PPL	IE
3299998	Ballynaglogh West	52.02167	-8.45694	L	LCTY	IE
3299999	Glashaboy East	52.02972	-8.51	L	LCTY	IE
3300000	Glashaboy North	52.04278	-8.54139	L	LCTY	IE
3300001	Lyre	52.01194	-8.47	L	LCTY	IE
3300002	Knocknacaheragh	52.05639	-8.495	L	LCTY	IE
3300004	Graigue	52.03806	-8.44111	L	LCTY	IE
3300008	Coolgreen	51.98333	-8.42833	L	LCTY	IE
3300010	Coneybeg	51.98444	-8.40222	L	LCTY	IE
3300013	Ballinvinny North	51.98056	-8.37583	P	PPL	IE
3300014	Rathfilode	51.98139	-8.35556	L	LCTY	IE
3300015	Ballindeenisk Cross Roads	51.99361	-8.39472	P	PPL	IE
3300016	Ballinlegane Cross Roads	51.98722	-8.36222	P	PPL	IE
3300017	Scrahane Cross Roads	52.00722	-8.40528	P	PPL	IE
3300018	Pouladown	52.00889	-8.40222	L	LCTY	IE
3300019	Ballinlegane	52.00472	-8.37778	L	LCTY	IE
3300021	Meeleen	51.97194	-8.32389	L	LCTY	IE
3300022	Ballyvatta	51.97694	-8.30167	P	PPL	IE
3300023	Shanballyreagh	51.98111	-8.32611	P	PPL	IE
3300024	Monatooreen	51.98972	-8.32417	L	LCTY	IE
3300025	Kearney’s Cross Roads	52.00222	-8.31528	P	PPL	IE
3300026	Barnetstown	51.99167	-8.34194	P	PPL	IE
3300027	Moonbaun	51.98861	-8.29917	P	PPL	IE
3300028	Skahanagh South	52.01056	-8.3225	L	LCTY	IE
3300029	Coolquane	52.02139	-8.31889	L	LCTY	IE
3300030	Skahanagh North	52.02778	-8.32778	L	LCTY	IE
3300032	Tinageragh	52.01889	-8.36028	L	LCTY	IE
3300033	Ardnageeny East	52.02389	-8.3875	L	LCTY	IE
3300034	Ballyonack	52.02	-8.415	L	LCTY	IE
3300035	Mountcatherine	52.03944	-8.36083	L	LCTY	IE
3300036	Coosane	52.045	-8.36139	L	LCTY	IE
3300039	Lackendarragh South	52.03917	-8.40972	L	LCTY	IE
3300040	Kean Bridge	52.0475	-8.40833	P	PPL	IE
3300041	Old Bride Bridge	52.05611	-8.41583	P	PPL	IE
3300044	Curraghprevin	52.05472	-8.32028	L	LCTY	IE
3300045	Leamlara	51.97166	-8.26498	P	PPL	IE
3300046	Ballynaskeha	51.97778	-8.26556	L	LCTY	IE
3300049	Knockeennagroagh	52.005	-8.29028	L	LCTY	IE
3300051	Monananig	52.01528	-8.28778	L	LCTY	IE
3300052	Kean Cross Roads	52.01722	-8.25111	P	PPL	IE
3300053	Ballysheen	52.01694	-8.2425	L	LCTY	IE
3300054	Killamlurren	52.02361	-8.26417	L	LCTY	IE
3300056	Ballygaha West	52.02333	-8.21667	L	LCTY	IE
3300057	Peafield	52.00972	-8.20167	P	PPL	IE
3300058	Monaleen Bridge	52.00694	-8.19139	P	PPL	IE
3300059	Riesk	51.99417	-8.20417	L	LCTY	IE
3300060	Shanavougha	51.98056	-8.18111	L	LCTY	IE
3300061	Rathorgan	51.98917	-8.14806	L	LCTY	IE
3300063	Glendine Bridge	52.00472	-8.14972	P	PPL	IE
3300064	Ardglass	52.01444	-8.1575	L	LCTY	IE
3300065	Ballyard Cross Roads	52.03278	-8.19861	P	PPL	IE
3300066	Curraghdermot Cross Roads	52.04222	-8.19889	P	PPL	IE
3300068	Glentrasna	52.04028	-8.16778	P	PPL	IE
3300069	Barrafahona	52.02778	-8.16778	L	LCTY	IE
3300070	Britway	52.04806	-8.17528	P	PPL	IE
3300071	Hightown	52.03306	-8.27972	P	PPL	IE
3300072	Cronavan	52.03528	-8.26278	P	PPL	IE
3300073	Ballinwillin	52.0375	-8.25694	P	PPL	IE
3300074	Ballynakilla	52.04611	-8.26472	P	PPL	IE
3300077	Ballynagaul	51.97444	-8.13639	P	PPL	IE
3300080	Knockanenakirka	51.97972	-8.07889	L	LCTY	IE
3300081	Pound Cross Roads	52.01417	-8.11056	P	PPL	IE
3300083	Ballyeightragh	51.99917	-8.10361	L	LCTY	IE
3300084	Barradaw	51.99444	-8.0725	L	LCTY	IE
3300085	Ballyknack	52.02806	-8.07472	L	LCTY	IE
3300086	Murtey’s Cross Roads	52.02056	-8.065	P	PPL	IE
3300088	Glentane	52.03167	-8.12556	L	LCTY	IE
3300089	Garrycaheragh	52.05528	-8.15194	L	LCTY	IE
3300090	Killasseragh	52.04139	-8.13528	L	LCTY	IE
3300091	Kilphillibeen	52.04778	-8.11944	P	PPL	IE
3300093	Ballycullane	52.06056	-8.08	L	LCTY	IE
3300094	Kilcronat	52.04861	-8.06556	L	LCTY	IE
3300096	Ballyanthony	52.03833	-8.03306	L	LCTY	IE
3300097	Kilcronatmountain	52.03083	-8.06139	L	LCTY	IE
3300099	Glenacrogher	52.03167	-8.02944	L	LCTY	IE
3300101	Reanduff	52.01389	-8.04306	L	LCTY	IE
3300102	Kilcounty	51.98694	-8.0475	L	LCTY	IE
3300104	Dongan Bridge	51.97639	-8.02583	P	PPL	IE
3300105	Ballycolman	52.01	-8.00972	L	LCTY	IE
3300109	Ballyneague	51.98639	-7.96056	L	LCTY	IE
3300111	Corraveigh	51.97611	-7.93611	L	LCTY	IE
3300112	Lombard’s Cross Roads	51.98083	-7.9	P	PPL	IE
3300113	Barnaviddane	51.99444	-7.96917	P	PPL	IE
3300114	Knocknagappagh	51.99806	-7.98083	L	LCTY	IE
3300115	Ballycondon	52.00306	-7.94167	L	LCTY	IE
3300116	Breeda	52.01972	-7.9775	L	LCTY	IE
3300119	D’Loughtane Cross Roads	51.99167	-7.85306	P	PPL	IE
3300122	Carrigeen	52.01833	-7.90306	L	LCTY	IE
3300123	Boula	52.01278	-7.91806	L	LCTY	IE
3300124	Newport	52.015	-7.87833	L	LCTY	IE
3300125	Ballybrack	52.02167	-7.87889	L	LCTY	IE
3300126	Browns Cross Roads	52.0275	-7.92306	P	PPL	IE
3300127	Ballynatray Commons	52.02722	-7.94389	P	PPL	IE
3300128	Coolbeggan	52.04194	-7.93694	L	LCTY	IE
3300129	Corrandromaun Cross Roads	52.04889	-7.935	P	PPL	IE
3300130	Kilcockan	52.0375	-7.89639	L	LCTY	IE
3300131	Carnglass	52.03806	-7.87722	L	LCTY	IE
3300132	Sprangmount	51.98694	-7.89583	P	PPL	IE
3300133	Rincrew	51.9775	-7.87917	P	PPL	IE
3300135	Ardsallagh	51.99028	-7.87556	L	LCTY	IE
3300136	The Pike	52.04028	-7.96722	P	PPLL	IE
3300137	Dunmoon	52.05889	-7.94556	L	LCTY	IE
3300139	Mullenaboree	52.07667	-8.51861	L	LCTY	IE
3300140	Chimneyfield	52.06472	-8.46556	L	LCTY	IE
3300141	Knoppoge	52.09417	-8.48472	L	LCTY	IE
3300142	Toorgarriff	52.07528	-8.4575	L	LCTY	IE
3300144	Seefin	52.09928	-8.4706	T	MT	IE
3300145	Power’s Bridge	52.09528	-8.43306	P	PPL	IE
3300146	Moneygorm	52.07222	-8.44528	L	LCTY	IE
3300147	Knockacullata	52.09417	-8.52639	T	MT	IE
3300148	Prap	52.06722	-8.39111	L	LCTY	IE
3300149	Glannagaul	52.0775	-8.36694	P	PPL	IE
3300150	Aunamihoonagh	52.08333	-8.39278	L	LCTY	IE
3300151	Coolea	52.07917	-8.40528	L	LCTY	IE
3300153	Lackendarragh North	52.09111	-8.43028	L	LCTY	IE
3300154	Maulahe	52.06417	-8.33167	L	LCTY	IE
3300155	Ballybrowney Mountain	52.07889	-8.34056	P	PPLL	IE
3300156	Kilbrien	52.08806	-8.31139	L	LCTY	IE
3300157	Toberaneague	52.09222	-8.33472	L	LCTY	IE
3300159	Clykeel Leary’s Cross	52.07	-8.21806	P	PPL	IE
3300160	Killawillin	52.06694	-8.23083	L	LCTY	IE
3300161	Kilcor	52.06278	-8.20833	P	PPL	IE
3300166	Ballyvolane Wood	52.06583	-8.17417	V	FRST	IE
3300167	Farran	52.0975	-8.27333	P	PPL	IE
3300168	Kenny’s Cross Roads	52.10528	-8.24472	P	PPL	IE
3300169	Spurree Cross Roads	52.09417	-8.24056	P	PPL	IE
3300172	Edgar’s Cross Roads	52.09806	-8.20194	P	PPL	IE
3300173	Grange	52.09278	-8.17361	P	PPL	IE
3300174	Knockmourne	52.09472	-8.12417	P	PPL	IE
3300176	Monagoun	52.07667	-8.11472	L	LCTY	IE
3300177	Killavarilly	52.07556	-8.14361	L	LCTY	IE
3300178	Knocknagapple	52.08	-8.16333	L	LCTY	IE
3300182	Glengoura	52.06722	-8.06167	L	LCTY	IE
3300183	Ballyverein	52.07278	-8.03556	L	LCTY	IE
3300184	Ballybride	52.10444	-8.14444	L	LCTY	IE
3300329	Kilwatermoy	52.06306	-7.96833	L	LCTY	IE
3300330	Five Cross Roads	52.07083	-7.92722	P	PPL	IE
3300337	Snugborough	52.085	-7.91028	L	LCTY	IE
3300339	Kilnacarriga	52.1	-7.93722	L	LCTY	IE
3300340	Curraheen South	52.10278	-7.96944	L	LCTY	IE
3300341	Ballyphilip	52.05444	-7.875	P	PPL	IE
3300342	Scart	52.04361	-7.86833	L	LCTY	IE
3300343	Ballinwillin	52.12111	-7.89528	L	LCTY	IE
3300344	Killahaly	52.10583	-7.89083	L	LCTY	IE
3300346	Drianroe	52.13278	-7.87472	L	LCTY	IE
3300347	Ballysaggaartbeghill	52.11444	-7.93139	L	LCTY	IE
3300348	Ballinaspick	52.10611	-7.96722	L	LCTY	IE
3300349	Curraheen North	52.11667	-7.96722	L	LCTY	IE
3300352	Castlerichard	52.13111	-7.98278	P	PPLL	IE
3300353	Roseville	52.13472	-7.96083	L	LCTY	IE
3300356	Monamin	52.15222	-7.90389	L	LCTY	IE
3300357	Ahaunboy	52.12139	-8.015	L	LCTY	IE
3300358	Coolowen	52.11806	-8.0275	L	LCTY	IE
3300359	Coolydoody	52.11639	-8.04806	L	LCTY	IE
3300360	Coolydoody North	52.12861	-8.05194	L	LCTY	IE
3300361	Garrycloyne	52.12861	-8.00722	P	PPL	IE
3300366	Lyon’s Cross Roads	52.13528	-8.04278	P	PPL	IE
3300367	Daly’s Cross Roads	52.11361	-8.09083	P	PPL	IE
3300368	Marston	52.13972	-8.08472	P	PPL	IE
3300369	Kilcoran	52.12306	-8.08611	P	PPL	IE
3300370	Currabeha	52.1225	-8.13306	P	PPL	IE
3300371	Movdilliga	52.12083	-8.11694	L	LCTY	IE
3300372	Coolbaun	52.12917	-8.12944	P	PPL	IE
3300373	Rossnabrone	52.13861	-8.14	L	LCTY	IE
3300374	Ballydorgan	52.13361	-8.15	L	LCTY	IE
3300379	Ballytrasna	52.10778	-8.17944	L	LCTY	IE
3300380	Knockdromaclogh	52.12472	-8.21444	L	LCTY	IE
3300384	Strayhall Wood	52.12333	-8.25083	V	FRST	IE
3300385	Ballybrack Wood	52.11972	-8.26806	V	FRST	IE
3300387	Ballynamona	52.15028	-8.27667	L	LCTY	IE
3300388	Mount Rivers	52.15139	-8.24306	P	PPLL	IE
3300389	Ileclash	52.14889	-8.25222	L	LCTY	IE
3300390	Hollymount	52.11889	-8.30111	L	LCTY	IE
3300391	Coolmucky Wood	52.12667	-8.30833	V	FRST	IE
3300396	Knockananig	52.11722	-8.345	P	PPL	IE
3300398	Cregg North	52.14806	-8.35083	L	LCTY	IE
3300399	Creggolympry	52.13583	-8.36194	P	PPL	IE
3300400	Ballyhamuadagh	52.12611	-8.37611	L	LCTY	IE
3300402	Cappagh	52.11222	-8.36806	L	LCTY	IE
3300403	Ballymacphilip	52.12111	-8.39778	L	LCTY	IE
3300404	Coolinny	52.10833	-8.39833	L	LCTY	IE
3300405	Killathy	52.14444	-8.38139	L	LCTY	IE
3300406	Inchinapallas	52.15222	-8.38778	L	LCTY	IE
3300407	Bloomfield Cross Roads	52.13833	-8.39667	P	PPL	IE
3300408	Ballydague	52.13749	-8.42772	P	PPL	IE
3300410	Springhill	52.14	-8.45528	P	PPL	IE
3300411	Woodville	52.14583	-8.45417	L	LCTY	IE
3300454	Corran	52.11351	-8.50003	T	MT	IE
3300455	Beennaskehy	52.11083	-8.53306	P	PPLL	IE
3300456	Ballynageehy	52.12361	-8.53917	L	LCTY	IE
3300457	Ballymacmoy	52.14167	-8.5425	L	LCTY	IE
3300460	Castletownroche	52.15194	-8.50389	P	PPL	IE
3300461	Ballygriffin	52.15556	-8.5125	P	PPL	IE
3300462	The Glen	52.16361	-8.52972	P	PPL	IE
3300463	Killigragh	52.16667	-8.5325	L	LCTY	IE
3300464	Ballyveelick	52.18056	-8.51167	L	LCTY	IE
3300465	Skenakilla	52.18806	-8.51278	L	LCTY	IE
3300466	Hunting Hill	52.19056	-8.50361	L	LCTY	IE
3300467	Ballygown	52.19639	-8.53972	L	LCTY	IE
3300468	Ballydaheen	52.20028	-8.52389	L	LCTY	IE
3300470	Knockacappul	52.20194	-8.50528	L	LCTY	IE
3300471	Doonawanly	52.21139	-8.50778	L	LCTY	IE
3300474	Ballydoyle	52.19472	-8.45028	P	PPL	IE
3300475	Bridgetown Upper	52.15972	-8.47972	L	LCTY	IE
3300477	Landscape	52.21528	-8.53722	L	LCTY	IE
3300478	Ballywalter	52.20583	-8.45194	L	LCTY	IE
3300479	Ballygrillihan	52.18111	-8.46028	L	LCTY	IE
3300480	Ballyadeen	52.17639	-8.44389	L	LCTY	IE
3300481	Glenanore	52.17333	-8.45139	L	LCTY	IE
3300482	Kilcummer Bridge	52.15556	-8.45167	P	PPL	IE
3300484	Kilcummer Upper	52.16361	-8.4475	L	LCTY	IE
3300487	Goolaway Cross Roads	52.23917	-8.54278	P	PPL	IE
3300489	Kilconnor	52.23889	-8.52056	L	LCTY	IE
3300491	Shanagh	52.23194	-8.50972	L	LCTY	IE
3300492	Poulleagh	52.22639	-8.46639	L	LCTY	IE
3300495	Ballydeloughy	52.23139	-8.38444	L	LCTY	IE
3300496	Derryvillane	52.21972	-8.38556	P	PPL	IE
3300498	Carrigdownane	52.21139	-8.41528	P	PPL	IE
3300499	Togher Cross Roads	52.19889	-8.40778	P	PPL	IE
3300500	Ballylegan	52.20556	-8.38333	L	LCTY	IE
3300501	Ballykeating	52.20278	-8.39444	L	LCTY	IE
3300502	Air Hill	52.2	-8.36583	L	LCTY	IE
3300503	Ballintantassig	52.21611	-8.35639	L	LCTY	IE
3300504	Ballykenly Bridge	52.21194	-8.35194	P	PPL	IE
3300505	Curraghoo More	52.20361	-8.34583	L	LCTY	IE
3300507	Dunmahon	52.19889	-8.33722	L	LCTY	IE
3300508	Ballyadack	52.22944	-8.31833	L	LCTY	IE
3300509	Gortnahown	52.23444	-8.29472	L	LCTY	IE
3300510	Knockeenadara	52.22944	-8.29111	L	LCTY	IE
3300511	Ballynachaeragh	52.21944	-8.32083	L	LCTY	IE
3300512	Killeenemer	52.20917	-8.32111	P	PPL	IE
3300513	Curraghagalla	52.20556	-8.31778	L	LCTY	IE
3300514	Killeagh	52.19889	-8.31417	L	LCTY	IE
3300515	Caherdrinny	52.21917	-8.29167	P	PPL	IE
3300518	Corrabrien Cross Roads	52.17611	-8.40278	P	PPL	IE
3300519	Brawnroe Cross Roads	52.17167	-8.37278	P	PPL	IE
3300520	Scrarour	52.18222	-8.42306	L	LCTY	IE
3300521	Parkacunna	52.17444	-8.41972	L	LCTY	IE
3300523	Upper Convamore	52.15861	-8.41111	P	PPL	IE
3300524	Labbacallee	52.17028	-8.34	L	LCTY	IE
3300525	Moneen	52.18167	-8.3775	L	LCTY	IE
3300526	Downing	52.19167	-8.3	L	LCTY	IE
3300527	Ballyvolock	52.18472	-8.29972	L	LCTY	IE
3300529	Ballynahon	52.17528	-8.30028	L	LCTY	IE
3300530	Boherderroye	52.16833	-8.28917	P	PPL	IE
3300531	Bounbawn Cross Roads	52.16111	-8.31889	P	PPL	IE
3300532	Gurrane	52.15889	-8.30472	L	LCTY	IE
3300533	Gurraunigerinagh	52.15278	-8.31222	L	LCTY	IE
3300534	Insnasallagh	52.1575	-8.27611	P	PPL	IE
3300537	Agraglin Bridge	52.16667	-8.21972	P	PPL	IE
3300539	Molly Barry Cross Roads	52.17722	-8.26056	P	PPL	IE
3300540	Rushmount	52.18444	-8.26222	P	PPL	IE
3300541	Ballynalacken	52.15361	-8.19722	L	LCTY	IE
3300542	Kilmurry	52.15472	-8.17278	L	LCTY	IE
3300543	Knockaskehane	52.15972	-8.19278	P	PPL	IE
3300544	Glenfinish Bridge	52.16944	-8.18306	P	PPL	IE
3300545	Knockatrasnane	52.17694	-8.17667	L	LCTY	IE
3300546	Cronohill	52.17028	-8.1725	L	LCTY	IE
3300547	Macroney	52.18139	-8.20889	L	LCTY	IE
3300548	Propage	52.18889	-8.16861	L	LCTY	IE
3300549	Castlecooke	52.19	-8.19361	L	LCTY	IE
3300551	Ballinrash	52.20306	-8.26278	L	LCTY	IE
3300552	Jeffrys Wood	52.20194	-8.23444	V	FRST	IE
3300553	Ballinvoher	52.20444	-8.225	L	LCTY	IE
3300554	Coolaneague	52.20472	-8.19444	L	LCTY	IE
3300555	Ballard	52.21583	-8.18861	P	PPL	IE
3300557	Glenatlucky	52.23944	-8.26833	P	PPL	IE
3300559	Ballynamuddagh	52.19694	-8.1475	L	LCTY	IE
3300560	Crinnaghtane	52.20639	-8.13917	P	PPL	IE
3300561	Lyre	52.22167	-8.14417	L	LCTY	IE
3300562	Gortnaskeny	52.21639	-8.12361	L	LCTY	IE
3300640	Farbreaga	52.23472	-8.04778	T	MT	IE
3300641	Carran Hill	52.22861	-8.09222	T	MT	IE
3300642	Barnahown	52.21611	-8.09694	L	LCTY	IE
3300643	Doon	52.21861	-8.06	L	LCTY	IE
3300644	Foildarrig	52.20639	-8.01278	L	LCTY	IE
3300645	Kingston Bridge	52.20611	-8.08111	P	PPL	IE
3300646	Ballinaleucra	52.20278	-8.10806	P	PPL	IE
3300647	Ballyeat	52.20167	-8.07	L	LCTY	IE
3300648	Knocknalough	52.18361	-8.10889	T	MT	IE
3300649	Glencullen	52.19056	-8.09861	L	LCTY	IE
3300650	Labbanacallee	52.17972	-8.10306	P	PPL	IE
3300651	Knockcorragh	52.18361	-8.0625	L	LCTY	IE
3300652	Knocknaboul	52.195	-8.02194	T	MT	IE
3300653	Knockadullaun	52.18889	-8.04517	T	MT	IE
3300654	Tooradoo	52.17639	-8.04972	L	LCTY	IE
3300655	Gortnapeaky	52.1675	-8.07667	L	LCTY	IE
3300656	Black	52.15667	-8.11222	L	LCTY	IE
3300657	Lyrenaglogle	52.16361	-8.11722	L	LCTY	IE
3300658	Knockaunroe	52.15778	-8.155	L	LCTY	IE
3300659	Countygate	52.15222	-8.15361	L	LCTY	IE
3300660	Curraghacna	52.16556	-8.04278	L	LCTY	IE
3300662	Cool	52.1625	-7.9975	L	LCTY	IE
3300663	Logleagh	52.17944	-8.00556	L	LCTY	IE
3300665	Knockaunarast	52.19278	-7.99361	L	LCTY	IE
3300666	Ballyin	52.1525	-7.95333	L	LCTY	IE
3300667	Cooldrishoge	52.15583	-7.93028	L	LCTY	IE
3300668	Sruh	52.15972	-7.92778	P	PPL	IE
3300669	Shanavoota	52.15806	-7.97083	L	LCTY	IE
3300670	Monatarriv	52.1675	-7.96694	L	LCTY	IE
3300671	Glenshask	52.17194	-7.9575	L	LCTY	IE
3300672	Lyrenacatlee	52.16806	-7.89722	L	LCTY	IE
3300673	Monalour	52.17917	-7.90528	P	PPL	IE
3300674	Carrigninnower	52.17306	-7.93194	L	LCTY	IE
3300677	Glengarra	52.18167	-7.95778	L	LCTY	IE
3300678	Monard	52.20861	-7.96861	L	LCTY	IE
3300679	The Three Doons	52.21361	-7.98472	L	LCTY	IE
3300680	Glenaknockaun	52.21389	-7.93472	L	LCTY	IE
3300681	Knockaunabulloga	52.2275	-7.98222	L	LCTY	IE
3300682	Knockmealdown	52.22972	-7.93694	L	LCTY	IE
3300683	Dyrick	52.20361	-7.89083	T	MT	IE
3300685	Boherboyrea	52.17028	-7.88278	L	LCTY	IE
3300686	Knocknagnauv	52.22694	-7.88211	T	MT	IE
3300687	Knocknafallia	52.21972	-7.86306	T	MT	IE
3300688	Glennafallia	52.21222	-7.86833	L	LCTY	IE
3300689	Knockboy	52.19944	-7.86583	L	LCTY	IE
3300691	Ballynoe East	52.16417	-7.86528	L	LCTY	IE
3300692	Skahanagh More	52.25167	-8.54139	P	PPL	IE
3300693	Ballintlea Bridge	52.26722	-8.51	P	PPL	IE
3300694	Ballyguyroe North	52.26889	-8.50194	L	LCTY	IE
3300695	Graig Upper	52.26	-8.49806	P	PPL	IE
3300698	Ballyshanock	52.25611	-8.47167	P	PPL	IE
3300699	Tankardstown	52.25806	-8.45722	L	LCTY	IE
3300701	Quitrentmountain	52.27639	-8.4875	L	LCTY	IE
3300702	Oldcastletown	52.25917	-8.42861	P	PPL	IE
3300703	Boleynahouliagh	52.28194	-8.44722	L	LCTY	IE
3300762	Glenavuddig Bridge	52.24889	-8.40417	P	PPL	IE
3300764	Glennahulla Cross	52.25306	-8.36361	P	PPL	IE
3300765	Kilgullane	52.24639	-8.33306	L	LCTY	IE
3300767	Flemingstown	52.24306	-8.31444	P	PPL	IE
3300768	Ballykearney	52.25278	-8.31444	L	LCTY	IE
3300769	Killee Bridge	52.26472	-8.32361	P	PPL	IE
3300771	Marshalstown	52.26194	-8.35611	P	PPL	IE
3300772	Cullenagh	52.26806	-8.41167	P	PPL	IE
3300773	Knockagarry	52.28833	-8.35861	L	LCTY	IE
3300775	Cloonlough	52.25111	-8.29389	L	LCTY	IE
3300777	Killaclug	52.28167	-8.32028	L	LCTY	IE
3300778	Ballyarthur	52.2875	-8.30528	L	LCTY	IE
3300804	Moanmore	52.2875	-8.49639	L	LCTY	IE
3300805	Redchair Cross Roads	52.28889	-8.4525	P	PPL	IE
3300806	Coolfree Mountain	52.29549	-8.47986	T	MT	IE
3300807	Long Mountain	52.29889	-8.50861	T	MT	IE
3300809	Seefin Mountain	52.3125	-8.50861	T	MT	IE
3300814	Carraigin na mBrointe	52.29539	-8.43899	T	MT	IE
3300815	Kilcruaig	52.29944	-8.44444	L	LCTY	IE
3300816	Coolavehy	52.29806	-8.46167	L	LCTY	IE
3300817	Garryarthur	52.30222	-8.43639	L	LCTY	IE
3300822	Fanningstown	52.32417	-8.53361	L	LCTY	IE
3300824	Green Wood	52.31833	-8.50944	V	FRST	IE
3300826	Keale	52.31917	-8.45056	L	LCTY	IE
3300827	Moneen	52.33944	-8.50056	L	LCTY	IE
3300828	Mortlestown	52.35056	-8.51889	L	LCTY	IE
3300829	Murrins Cross Roads	52.355	-8.48472	P	PPL	IE
3300830	Carrigeen Cross Roads	52.34778	-8.47694	P	PPL	IE
3300831	Benyvoughella Hill	52.34083	-8.46028	T	MT	IE
3300833	Thomastown	52.34639	-8.45444	L	LCTY	IE
3300834	Ballinanima	52.37611	-8.51556	L	LCTY	IE
3300835	Rosnetstown	52.37806	-8.48778	L	LCTY	IE
3300837	Baunmore	52.35083	-8.54389	L	LCTY	IE
3300838	Moorestown	52.375	-8.45417	L	LCTY	IE
3300841	Darragh Bridge	52.30861	-8.40583	P	PPL	IE
3300842	Carrighenry	52.295	-8.40861	T	MT	IE
3300843	Spittle	52.32389	-8.42083	L	LCTY	IE
3300844	Tulla	52.31833	-8.39278	L	LCTY	IE
3300845	Stark’s Wood	52.33639	-8.43306	V	FRST	IE
3300846	Ruppulagh	52.33944	-8.42306	L	LCTY	IE
3300847	Ballyriggin	52.36222	-8.44889	L	LCTY	IE
3300850	Slievereagh	52.37972	-8.42806	L	LCTY	IE
3300851	Ballynalacken	52.37278	-8.39306	L	LCTY	IE
3300852	Ballyingarry	52.38167	-8.39111	L	LCTY	IE
3300853	Ballyfeerode	52.33222	-8.39528	L	LCTY	IE
3300855	Cullane	52.34528	-8.35694	L	LCTY	IE
3300856	Ballyduff	52.34861	-8.32639	L	LCTY	IE
3300857	Curraghturk	52.35972	-8.33056	L	LCTY	IE
3300858	Fahanasoodry	52.33417	-8.33667	L	LCTY	IE
3300859	Ballyfauskeen Cross Roads	52.36167	-8.30917	P	PPL	IE
3300860	Labbamolaga	52.31917	-8.35917	L	LCTY	IE
3300861	Lisnalanniv	52.32028	-8.31806	L	LCTY	IE
3300862	Tooraleagan	52.31111	-8.37194	L	LCTY	IE
3300863	Ahaphuca Bridge	52.30056	-8.38222	P	PPL	IE
3300864	Knockanevin	52.29472	-8.38222	P	PPL	IE
3300865	Gortroe	52.295	-8.33167	L	LCTY	IE
3300866	Ballaghaderg Bridge	52.28583	-8.28111	P	PPL	IE
3300868	Ballynamona	52.25694	-8.25056	L	LCTY	IE
3300869	Pollardstown	52.25028	-8.23306	L	LCTY	IE
3300870	Skeheen	52.25417	-8.21639	L	LCTY	IE
3300871	Corracunna	52.2775	-8.245	L	LCTY	IE
3300872	Knocknamuck	52.275	-8.22556	L	LCTY	IE
3300873	Curraghavoe	52.24917	-8.20083	L	LCTY	IE
3300874	Ballygiblin	52.25972	-8.19444	L	LCTY	IE
3300875	Curragh More	52.26806	-8.19083	L	LCTY	IE
3300876	Furrow	52.27944	-8.18806	L	LCTY	IE
3300877	Collyregan	52.28722	-8.23917	P	PPL	IE
3300878	Kilglass	52.29917	-8.28889	L	LCTY	IE
3300879	Geeragh Bridge	52.30028	-8.255	P	PPL	IE
3300880	Castlequarter	52.2975	-8.24389	L	LCTY	IE
3300882	Coolnamohoge	52.31361	-8.29278	L	LCTY	IE
3300883	Carrow	52.31222	-8.25889	L	LCTY	IE
3300884	Knockaceol	52.31944	-8.27639	T	MT	IE
3300885	Lackendarragh	52.32528	-8.28972	L	LCTY	IE
3300886	Coolboy	52.31361	-8.23528	L	LCTY	IE
3300887	Knocknascrow	52.33111	-8.245	L	LCTY	IE
3300888	Benard	52.33116	-8.26297	T	MT	IE
3300889	Scrowmore	52.30806	-8.20972	L	LCTY	IE
3300891	Brackbaun Bridge	52.30361	-8.1625	P	PPL	IE
3300892	Carrigeen	52.32028	-8.18583	L	LCTY	IE
3300894	Monabrack	52.34056	-8.20417	L	LCTY	IE
3300895	Knockaterriff	52.3466	-8.22322	T	MT	IE
3300897	Paradise Hill	52.34722	-8.275	T	MT	IE
3300898	Baurnagurrahy	52.35278	-8.27667	P	PPL	IE
3300899	Boolanlisheen	52.36167	-8.27111	P	PPL	IE
3300901	Lyre	52.37056	-8.28944	L	LCTY	IE
3300902	Barna	52.37583	-8.25667	L	LCTY	IE
3300903	Slievecushnabinnia	52.36782	-8.20972	T	MT	IE
3300904	Lyracappul	52.36041	-8.22734	T	MT	IE
3300905	Keeloges	52.38194	-8.29139	L	LCTY	IE
3300906	Ballygeana	52.38111	-8.23861	L	LCTY	IE
3300907	Knockavadeen	52.24611	-8.14611	L	LCTY	IE
3300909	Curraleigh	52.26	-8.15083	P	PPL	IE
3300910	Glenacunna	52.2475	-8.10028	L	LCTY	IE
3300911	Knocknabrona	52.24333	-8.08278	L	LCTY	IE
3300912	Kilnamona	52.27083	-8.13528	L	LCTY	IE
3300914	Kilcarroon	52.27306	-8.0825	L	LCTY	IE
3300915	Killcatin	52.26361	-8.06194	L	LCTY	IE
3300916	Monaminane	52.24833	-8.02972	L	LCTY	IE
3300917	Shanrahan Wood	52.2575	-8.02472	V	FRST	IE
3300918	Flemingtown	52.27167	-8.02972	P	PPL	IE
3300919	Carrigmore Cross Roads	52.2825	-8.05111	P	PPL	IE
3300920	Shanrahan	52.27611	-8.03639	L	LCTY	IE
3300921	Lisfunshion	52.28056	-8.07694	L	LCTY	IE
3300922	Carriganroe	52.29194	-8.08306	L	LCTY	IE
3300923	Garrymore Bridge	52.2925	-8.02167	P	PPL	IE
3300925	Coolagarranoe Bridge	52.30639	-8.10222	P	PPL	IE
3300926	Gorteenacousha Wood	52.29667	-8.10083	V	FRST	IE
3300927	Cooladerry	52.28194	-8.16056	L	LCTY	IE
3300928	Almaseed Bridge	52.29389	-8.16639	P	PPL	IE
3300929	Skeheenaranky	52.30889	-8.15806	L	LCTY	IE
3300930	Coolagarranroe Wood	52.32444	-8.1425	V	FRST	IE
3300932	Seefin	52.32944	-8.16056	T	MT	IE
3300933	Glengarra Bridge	52.32111	-8.09917	P	PPL	IE
3300935	Rehill Wood	52.31694	-8.05306	V	FRST	IE
3300936	Inchnamuck	52.30917	-8.05111	L	LCTY	IE
3300937	Kilbeg	52.30778	-8.02667	L	LCTY	IE
3300940	Monroe	52.325	-8.02333	L	LCTY	IE
3300941	Glengarra Wood	52.33389	-8.10417	V	FRST	IE
3300942	Lough Curra	52.36861	-8.19472	H	LK	IE
3300943	Borheen Lough	52.37222	-8.15222	H	LK	IE
3300944	Lough Muskry	52.37278	-8.11917	H	LK	IE
3300945	Dawson’s Table	52.36667	-8.20139	L	LCTY	IE
3300946	Galtybeg	52.36667	-8.16556	L	LCTY	IE
3300947	Knockeenatoung	52.34933	-8.15503	T	MT	IE
3300949	Cooper’s Wood	52.33944	-8.17333	V	FRST	IE
3300951	Drumleagh	52.3825	-8.19333	L	LCTY	IE
3300953	Lagghishanaquilla	52.38167	-8.08806	L	LCTY	IE
3300954	Scartnaglorane	52.35861	-8.03111	L	LCTY	IE
3300955	Bohernarnane	52.34806	-8.04333	L	LCTY	IE
3300957	Poulavala	52.33528	-8.04833	L	LCTY	IE
3300958	Monalean Lough	52.33389	-8.035	H	LK	IE
3300959	Kilcoran	52.34167	-8.01	L	LCTY	IE
3300960	Curraghmore Bridge	52.33333	-8.00833	P	PPL	IE
3300961	Knockshanahullion	52.24616	-8.00145	T	MT	IE
3300962	Bay Lough	52.25056	-7.96222	H	LK	IE
3300963	Sugarloaf Hill	52.2465	-7.94266	T	MT	IE
3300965	Lough Moylan	52.24167	-7.93222	H	LK	IE
3300967	Kildanoge	52.26583	-7.90917	L	LCTY	IE
3300968	Bohernagore Wood	52.2625	-7.95028	V	FRST	IE
3300969	Kilballyboy Wood	52.265	-7.97111	V	FRST	IE
3300970	Bohernagore	52.26944	-7.955	L	LCTY	IE
3300971	Graigue	52.27417	-7.93861	P	PPL	IE
3300972	Tullow	52.28083	-7.89972	L	LCTY	IE
3300975	Ballyboy	52.29	-7.99	L	LCTY	IE
3300976	Garrymore Cross Roads	52.29694	-7.99583	P	PPL	IE
3300977	Knockballiniry	52.27056	-7.88306	P	PPL	IE
3300978	Ballyknockane	52.29139	-7.92361	L	LCTY	IE
3300979	Ballinhalla	52.28583	-7.94167	L	LCTY	IE
3300980	Castlegrace	52.28972	-7.95056	L	LCTY	IE
3300981	Gormanstown	52.29417	-7.91222	L	LCTY	IE
3300982	Ballyrehy	52.30139	-7.94333	L	LCTY	IE
3300983	Killaidamee	52.29611	-7.89583	L	LCTY	IE
3300985	Laght Cross Roads	52.32111	-7.99194	P	PPL	IE
3300986	Burged Bridge	52.31694	-7.96667	P	PPL	IE
3300987	Tubbrid	52.31306	-7.94417	L	LCTY	IE
3300989	Ballylaffin	52.31417	-7.91861	L	LCTY	IE
3300992	Peahill	52.33611	-7.98528	L	LCTY	IE
3300993	Loughacutteen	52.33833	-7.965	L	LCTY	IE
3300999	Bengarragh	52.38139	-7.95806	L	LCTY	IE
3301000	Scaragh Wood	52.37556	-7.98778	V	FRST	IE
3301002	Raheen	52.37083	-7.96833	L	LCTY	IE
3301003	Whitechurch	52.35694	-7.98778	L	LCTY	IE
3301005	Kilcommon	52.35	-7.95417	L	LCTY	IE
3301007	Ballymacadam	52.3625	-7.91722	L	LCTY	IE
3301008	Caher Park	52.35917	-7.92417	L	PRK	IE
3301011	Goats Bridge	52.27611	-7.87194	P	PPL	IE
3301012	Ballyveera	52.28917	-7.85278	P	PPL	IE
3301013	Rochestown	52.33333	-7.88861	P	PPL	IE
3301014	Ballindoney	52.34694	-7.86583	L	LCTY	IE
3301015	Newtownadam	52.35944	-7.88333	L	LCTY	IE
3301016	Knockmorris	52.37778	-7.88806	L	LCTY	IE
3301017	Crohan West	52.24303	-7.86019	T	MT	IE
3301030	Moord	51.96194	-7.8075	P	PPL	IE
3301031	Clashanahy	51.95694	-7.79222	L	LCTY	IE
3301033	Sluggera Cross Roads	51.95528	-7.74722	P	PPL	IE
3301036	Ardmore Head	51.94667	-7.71056	T	CAPE	IE
3301037	Ram Head	51.94111	-7.71167	T	CAPE	IE
3301038	Cleary’s Cross Roads	51.97417	-7.78111	P	PPL	IE
3301039	Ballynameranagh	51.97111	-7.74889	L	LCTY	IE
3301040	Bawnagarrane	51.9775	-7.75694	L	LCTY	IE
3301041	Ballybrusa	51.98	-7.74944	L	LCTY	IE
3301042	Crushea	51.97139	-7.71389	L	LCTY	IE
3301044	Kilmaloo	51.98944	-7.82194	L	LCTY	IE
3301045	Licky Bridge	51.99806	-7.82056	P	PPL	IE
3301046	Tiknock	51.98417	-7.84056	L	LCTY	IE
3301049	Drumgullane	51.995	-7.78028	L	LCTY	IE
3301050	Kilgabriel	52.00694	-7.81278	L	LCTY	IE
3301051	Ballycurrane Cross Roads	52.00806	-7.77417	P	PPL	IE
3301052	Ballycurrane	52.01333	-7.78	P	PPL	IE
3301054	Grallagh Bridge	52.00806	-7.75556	P	PPL	IE
3301055	Newtown	51.99778	-7.73806	L	LCTY	IE
3301056	Knockanearis	52.02889	-7.83139	L	LCTY	IE
3301057	Ballindrumma	52.0325	-7.80417	L	LCTY	IE
3301058	Reanaboola	52.03667	-7.79	L	LCTY	IE
3301059	Lickybeg	52.02889	-7.755	L	LCTY	IE
3301060	Toor South	52.02194	-7.74389	L	LCTY	IE
3301062	Ballyeelinan	51.97944	-7.69111	L	LCTY	IE
3301063	Crobally Lower	51.97917	-7.66333	L	LCTY	IE
3301064	Lisscrow	51.98528	-7.71583	L	LCTY	IE
3301065	Kilcolman	51.99111	-7.69111	L	LCTY	IE
3301066	Reanaclogheen	51.99694	-7.66694	L	LCTY	IE
3301067	Ballymacart Bridge	51.99139	-7.635	P	PPL	IE
3301068	Glenwilliam	51.99889	-7.69861	L	LCTY	IE
3301069	Liskeety	51.9975	-7.71861	L	LCTY	IE
3301070	Scrahans	52.005	-7.68056	L	LCTY	IE
3301071	Ionaneea Lake	52.01111	-7.685	H	LK	IE
3301072	Kielys Cross Roads	52.01083	-7.70361	P	PPL	IE
3301073	Glenlicky	52.01889	-7.72472	L	LCTY	IE
3301074	Monameean	52.01583	-7.69194	L	LCTY	IE
3301075	Ahaun	52.01917	-7.67472	L	LCTY	IE
3301076	Reeragullee	52.025	-7.67722	L	LCTY	IE
3301077	Barranastook	52.01722	-7.66056	L	LCTY	IE
3301078	Drumslig	52.03167	-7.72194	P	PPL	IE
3301079	Carrigeen	52.03083	-7.69583	L	LCTY	IE
3301081	Khakitown	52.00861	-7.84722	L	LCTY	IE
3301082	Coolbagh	52.02917	-7.85361	L	LCTY	IE
3301083	Ballynaclash	52.01778	-7.8525	P	PPL	IE
3301084	Monagally	52.04667	-7.79111	L	LCTY	IE
3301085	Mountstuart	52.05556	-7.77472	L	LCTY	IE
3301086	Toor Cross Roads	52.04944	-7.75333	P	PPL	IE
3301088	Monacullee	52.05583	-7.715	P	PPL	IE
3301089	Knocknahoola	52.04861	-7.70278	P	PPL	IE
3301090	Windgap	52.0575	-7.67639	L	LCTY	IE
3301091	Ballyharrahan	52.05694	-7.64694	L	LCTY	IE
3301092	Robert’s Cross Roads	52.05139	-7.60722	P	PPL	IE
3301093	Faha	52.04111	-7.63583	P	PPL	IE
3301094	Gorteen	52.04139	-7.65667	P	PPL	IE
3301095	Monamraher	52.025	-7.65194	L	LCTY	IE
3301096	Lagnagoushee	52.03444	-7.62472	L	LCTY	IE
3301097	Moanbrack	52.03639	-7.60611	L	LCTY	IE
3301098	Keane’s Cross Roads	52.03	-7.61028	L	LCTY	IE
3301099	Ballycurreen South	52.01389	-7.595	P	PPL	IE
3301100	Mweelahorna	52.05472	-7.60222	L	LCTY	IE
3301101	Calaiste	52.05194	-7.59583	P	PPL	IE
3301102	Rathnameneenagh	52.02889	-7.58583	P	PPL	IE
3301103	Carrickbrean	52.02667	-7.57306	L	LCTY	IE
3301104	Ballynaharda	51.98694	-7.63083	L	LCTY	IE
3301105	Monagoush	51.99278	-7.61111	L	LCTY	IE
3301106	Ballynamona	52.00222	-7.60417	L	LCTY	IE
3301107	Gates	52.0075	-7.62333	P	PPL	IE
3301109	Dromore	52.0625	-7.85722	L	LCTY	IE
3301110	Coolroe	52.06167	-7.83889	L	LCTY	IE
3301113	Woodhouse Cross Roads	52.07972	-7.79917	P	PPL	IE
3301117	Ballyguiry	52.07083	-7.71222	L	LCTY	IE
3301118	Ballycullane	52.065	-7.69861	P	PPL	IE
3301121	Twomile Bridge	52.07278	-7.67222	P	PPL	IE
3301122	Kilmarry	52.0825	-7.67806	P	PPL	IE
3301123	Springmount	52.08667	-7.66861	L	LCTY	IE
3301124	Newtown	52.06833	-7.64333	P	PPL	IE
3301125	Killangford Bridge	52.06417	-7.64667	P	PPL	IE
3301133	Dreludatogher	52.0875	-7.75333	P	PPL	IE
3301134	Keereen	52.08889	-7.79611	L	LCTY	IE
3301138	Kilgrovan	52.09	-7.5575	L	LCTY	IE
3301139	Carrigard Cross Roads	52.09583	-7.7175	P	PPL	IE
3301140	Canty	52.09778	-7.74	L	LCTY	IE
3301141	Ballyduff	52.09472	-7.67917	L	LCTY	IE
3301143	Ballynacourty	52.10778	-7.73278	L	LCTY	IE
3301144	Ballymacmague	52.10417	-7.69694	L	LCTY	IE
3301145	Clashnalochan	52.10111	-7.61556	L	LCTY	IE
3301146	Kilminain	52.10389	-7.59722	L	LCTY	IE
3301147	Garrynageragh	52.10417	-7.57139	P	PPL	IE
3301148	Ballyneety	52.10806	-7.63861	L	LCTY	IE
3301149	Kilrush	52.09417	-7.63778	L	LCTY	IE
3301150	Killadangan	52.11111	-7.66111	P	PPL	IE
3301152	Old Pike Bridge	52.11278	-7.59278	P	PPL	IE
3301153	Knockvoolahan	52.11083	-7.54222	L	LCTY	IE
3301154	Garranbaun	52.11583	-7.56667	L	LCTY	IE
3301156	Deelish	52.12444	-7.5875	L	LCTY	IE
3301157	Monarud	52.12778	-7.59639	L	LCTY	IE
3301159	Ballynevoga	52.13972	-7.54056	L	LCTY	IE
3301161	Kilminnin	52.13861	-7.50417	L	LCTY	IE
3301162	Shanbally	52.13056	-7.54444	L	LCTY	IE
3301163	Ballykeroge	52.12694	-7.53639	L	LCTY	IE
3301164	The Pike	52.12639	-7.56111	P	PPLL	IE
3301165	Ballyvoyle Cross Roads	52.11694	-7.50472	P	PPL	IE
3301166	Island	52.11333	-7.48694	P	PPL	IE
3301167	Carrickahilla Cross Roads	52.14417	-7.47361	P	PPL	IE
3301168	Williamstown Cross Roads	52.15167	-7.45056	P	PPL	IE
3301169	Stradbally Bridge	52.12667	-7.46028	P	PPL	IE
3301172	Killelton	52.13611	-7.43917	L	LCTY	IE
3301173	Ballygarran	52.14389	-7.43444	L	LCTY	IE
3301174	Ballydowane	52.13583	-7.40806	L	LCTY	IE
3301175	Lisnageragh	52.1475	-7.40111	L	LCTY	IE
3301176	Slippery Island	52.12917	-7.38222	T	ISL	IE
3301181	Bohernamuck Cross Roads	52.14722	-7.34278	P	PPL	IE
3301182	Kilmarrin	52.14417	-7.34	L	LCTY	IE
3301183	Kilduane	52.15028	-7.36083	L	LCTY	IE
3301185	Knockaunagloon	52.14361	-7.64333	L	LCTY	IE
3301188	Kilnafrehan	52.13389	-7.63944	L	LCTY	IE
3301189	Kilgobnet	52.12111	-7.64222	L	LCTY	IE
3301190	Ballyknock	52.12611	-7.65222	L	LCTY	IE
3301191	Coolnasmear	52.14306	-7.67	L	LCTY	IE
3301192	Currabaha	52.13556	-7.67528	L	LCTY	IE
3301193	Colligan Bridge	52.13306	-7.67778	P	PPL	IE
3301194	Inchindrisla	52.11889	-7.67111	L	LCTY	IE
3301195	Inchindrisla Wood	52.12444	-7.67472	V	FRST	IE
3301196	Colligan Wood	52.12389	-7.6975	V	FRST	IE
3301197	Garryclone	52.14611	-7.69417	L	LCTY	IE
3301198	Glenavaddra	52.12806	-7.72889	L	LCTY	IE
3301199	Carrowgarriff	52.14083	-7.71417	P	PPL	IE
3301201	Budveannery	52.12917	-7.68611	L	LCTY	IE
3301202	Knockroe	52.15194	-7.69056	L	LCTY	IE
3301203	Soldiers Cross Roads	52.15056	-7.72083	P	PPL	IE
3301204	Graigue More	52.15167	-7.77583	P	PPL	IE
3301205	Poulbautia	52.14972	-7.79306	P	PPL	IE
3301206	Cappagh	52.12333	-7.76	L	LCTY	IE
3301207	Clashnugoneen	52.13194	-7.79944	L	LCTY	IE
3301208	Boheravaghera Cross Roads	52.13611	-7.82472	P	PPL	IE
3301209	Coolanheen	52.12861	-7.82	L	LCTY	IE
3301210	Knockalahara	52.11556	-7.81444	L	LCTY	IE
3301211	Clashnadarriv	52.10833	-7.80944	P	PPL	IE
3301212	Knocknaskagh Cross Roads	52.10194	-7.78361	P	PPL	IE
3301214	Ballinggowan	52.09361	-7.83556	L	LCTY	IE
3301217	Mount Rivers	52.12778	-7.84694	P	PPL	IE
3301218	Monyvroe	52.11389	-7.84167	L	LCTY	IE
3301222	Glenshebane	52.16389	-7.83167	L	LCTY	IE
3301223	Crow Hill	52.18833	-7.83167	T	MT	IE
3301224	Coolagarthov	52.18611	-7.80667	L	LCTY	IE
3301225	Ardagunna	52.17861	-7.80056	L	LCTY	IE
3301226	Redgate Cross Roads	52.16278	-7.77611	P	PPL	IE
3301227	Graigue Beg	52.15806	-7.77222	P	PPL	IE
3301228	Millstreet	52.16361	-7.75	P	PPL	IE
3301230	Farnane	52.17056	-7.76111	L	LCTY	IE
3301231	Woodhouse	52.17917	-7.73778	P	PPL	IE
3301232	Droidhedeens	52.17667	-7.755	L	LCTY	IE
3301233	Lickoran	52.18472	-7.75889	L	LCTY	IE
3301234	Ballynaguillee	52.19472	-7.76389	L	LCTY	IE
3301235	Knocknanask	52.21444	-7.8375	L	LCTY	IE
3301236	Tooranarahean	52.20639	-7.83722	L	LCTY	IE
3301237	Dyrick	52.1975	-7.77278	L	LCTY	IE
3301238	Bleantasour	52.20833	-7.65667	L	LCTY	IE
3301239	Scart Upper	52.20056	-7.655	L	LCTY	IE
3301240	Scart Bridge	52.19556	-7.66556	P	PPL	IE
3301241	Lackandarra Upper	52.18194	-7.69333	L	LCTY	IE
3301242	Lackandarra	52.17278	-7.69583	L	LCTY	IE
3301243	Curraghnamaddree	52.15889	-7.69917	L	LCTY	IE
3301244	Cool	52.16278	-7.67333	L	LCTY	IE
3301245	Ballynakill	52.17806	-7.6625	L	LCTY	IE
3301246	Knockboy	52.1975	-7.67861	P	PPL	IE
3301249	Knockmeal	52.2275	-7.85083	T	MT	IE
3301250	Cnoc na Scolog	52.22278	-7.81306	T	MT	IE
3301251	Knockardbounce	52.22972	-7.82694	L	LCTY	IE
3301252	Middlequarter	52.24194	-7.81694	P	PPL	IE
3301253	Knockatullane	52.23306	-7.80139	L	LCTY	IE
3301254	Priest Town	52.22111	-7.77194	L	LCTY	IE
3301255	Aughaunlomaun	52.2375	-7.7775	L	LCTY	IE
3301256	Knockmeal	52.22472	-7.73889	L	LCTY	IE
3301257	Coolnabeasoon	52.24028	-7.74167	L	LCTY	IE
3301258	Boolavonteen	52.21889	-7.72167	L	LCTY	IE
3301260	Reanadampaun Commons	52.23361	-7.69306	L	LCTY	IE
3301263	Carrickataggle	52.165	-7.62389	L	LCTY	IE
3301264	Glendalligan Wood	52.16056	-7.58389	V	FRST	IE
3301265	Carricknannnoge	52.155	-7.60722	L	LCTY	IE
3301266	Knockacomortish	52.15278	-7.62028	L	LCTY	IE
3301267	Dalligan Bridge	52.17056	-7.58806	P	PPL	IE
3301268	Boolattin	52.17528	-7.57861	L	LCTY	IE
3301269	Ballintied	52.16361	-7.57639	L	LCTY	IE
3301271	Coumaraglinmountain	52.18472	-7.61861	L	LCTY	IE
3301272	Lough Coumfea	52.24056	-7.59361	H	LK	IE
3301273	Coumfea	52.23898	-7.56862	T	MT	IE
3301275	Coumalocha	52.23778	-7.57806	L	LCTY	IE
3301276	Comeraghmountain	52.22333	-7.57861	L	LCTY	IE
3301278	Ballykilmurry Bridge	52.19667	-7.54944	P	PPL	IE
3301279	Knockaunapeebra	52.23833	-7.54333	T	MT	IE
3301280	Kilclooney	52.23694	-7.52083	L	LCTY	IE
3301281	Foilanprisoon	52.235	-7.54722	L	LCTY	IE
3301282	Graiguearush	52.22167	-7.52528	L	LCTY	IE
3301283	Davmore	52.2175	-7.53833	L	LCTY	IE
3301284	Knockanacullin	52.20472	-7.54056	P	PPL	IE
3301285	Briska	52.19111	-7.53417	L	LCTY	IE
3301286	Kilrossanty	52.17778	-7.54278	L	LCTY	IE
3301287	Mount Kennedy	52.1625	-7.55444	P	PPL	IE
3301288	Downey’s Cross Roads	52.15556	-7.53417	P	PPL	IE
3301289	Fox’s Castle Bridge	52.15528	-7.50389	P	PPL	IE
3301290	Lemybrien	52.16806	-7.52222	P	PPL	IE
3301291	Ballylinch	52.17306	-7.50611	L	LCTY	IE
3301292	Gortnalaght	52.18111	-7.51722	L	LCTY	IE
3301293	Garranmillion	52.18833	-7.50611	L	LCTY	IE
3301295	Mahon Bridge	52.20472	-7.49972	P	PPL	IE
3301296	McGrath’s Cross Roads	52.18917	-7.46917	P	PPL	IE
3301297	Lyre	52.19944	-7.48861	L	LCTY	IE
3301298	Drumlohan Cross Roads	52.15611	-7.46556	P	PPL	IE
3301299	Boheraval Cross Roads	52.16	-7.47528	P	PPL	IE
3301300	Brenan Cross Roads	52.15528	-7.42028	P	PPL	IE
3301301	Glen	52.17167	-7.46472	L	LCTY	IE
3301303	Garranturton	52.17222	-7.43861	L	LCTY	IE
3301305	Ballynabanoge South	52.18	-7.43833	L	LCTY	IE
3301306	Faha	52.18222	-7.46417	L	LCTY	IE
3301307	Fahafeelagh	52.18333	-7.45111	P	PPL	IE
3301308	Ballyogarty	52.19139	-7.43139	L	LCTY	IE
3301310	Ballyboy	52.20639	-7.46972	L	LCTY	IE
3301311	Ashtown	52.23194	-7.48889	L	LCTY	IE
3301312	Kealfoun	52.21861	-7.48472	L	LCTY	IE
3301313	Rathmaiden	52.23333	-7.43806	L	LCTY	IE
3301314	Kilnagrange Bridge	52.21	-7.42361	P	PPL	IE
3301315	Fallagh	52.24056	-7.41556	L	LCTY	IE
3301316	Carrigeen	52.23306	-7.40944	L	LCTY	IE
3301317	Scrahan	52.20806	-7.40278	L	LCTY	IE
3301319	Mountpatrick	52.18028	-7.39083	L	LCTY	IE
3301320	Kilmoylin	52.19639	-7.3975	L	LCTY	IE
3301322	Georgestown	52.19139	-7.38361	L	LCTY	IE
3301323	Aughshemus Bridge	52.17444	-7.39306	P	PPL	IE
3301324	Ballyvadden	52.17028	-7.39111	L	LCTY	IE
3301325	Ballyristeen	52.16278	-7.37639	L	LCTY	IE
3301326	Slievenamona	52.20333	-7.36917	L	LCTY	IE
3301327	Buck’s Cross Roads	52.19833	-7.32889	P	PPL	IE
3301328	Ballybrack	52.21417	-7.37889	L	LCTY	IE
3301330	Ballygarran	52.21667	-7.32361	L	LCTY	IE
3301332	Monacaum Cross Roads	52.17056	-7.33361	P	PPL	IE
3301333	Kilbeg	52.16389	-7.32417	P	PPL	IE
3301334	Ballin Lough	52.18167	-7.34583	H	LK	IE
3301335	Rathguage	52.15361	-7.32583	P	PPL	IE
3301336	Knockane	52.155	-7.32917	L	LCTY	IE
3301337	Knocknagat Cross Roads	52.16444	-7.30667	P	PPL	IE
3301338	Ballyleen	52.17917	-7.3125	P	PPL	IE
3301339	Savagetown Cross Roads	52.18222	-7.30083	P	PPL	IE
3301340	Ballyrobin	52.18861	-7.30444	L	LCTY	IE
3301341	Knockaderry Reservoir	52.20528	-7.27694	H	RSV	IE
3301342	Carrickphilip	52.20083	-7.3	P	PPL	IE
3301344	Carroll’s Cross Roads	52.22667	-7.34278	P	PPL	IE
3301345	Ross	52.22944	-7.33306	L	LCTY	IE
3301346	Kildermody	52.2375	-7.32194	L	LCTY	IE
3301347	Ballysheadon	52.15167	-7.29889	L	LCTY	IE
3301351	Barranacullia	52.25306	-7.81194	L	LCTY	IE
3301352	Clashganny	52.25694	-7.80694	P	PPL	IE
3301353	Bohernagaul	52.26139	-7.82194	L	LCTY	IE
3301355	Curragheloney	52.24694	-7.78194	L	LCTY	IE
3301356	Skeaghatooreen	52.26083	-7.85167	L	LCTY	IE
3301357	Knockroe	52.25083	-7.83528	T	MT	IE
3301360	Tar Bridge	52.27778	-7.83417	P	PPL	IE
3301361	Kilmaneen	52.285	-7.84528	P	PPL	IE
3301362	Clocully	52.29167	-7.84833	P	PPL	IE
3301363	Ballymakee Cross Roads	52.28278	-7.77056	P	PPL	IE
3301364	Garrancasey	52.28694	-7.80222	L	LCTY	IE
3301372	Hacketstown	52.24389	-7.33111	P	PPL	IE
3301373	Ballyvadd	52.24194	-7.35528	L	LCTY	IE
3301374	Kilmovee	52.25417	-7.36528	L	LCTY	IE
3301375	Guilcagh Cross Roads	52.25444	-7.33472	P	PPL	IE
3301376	Robertstown	52.24306	-7.38222	P	PPL	IE
3301377	Glenhouse Wood	52.26389	-7.31444	V	FRST	IE
3301378	Beallough	52.2675	-7.34528	L	LCTY	IE
3301379	Kilbunny Wood	52.27306	-7.31194	V	FRST	IE
3301380	Portlaw Wood	52.28028	-7.32639	V	FRST	IE
3301381	Clodiagh Bridge	52.28639	-7.29889	P	PPL	IE
3301384	Glennaphuca Cross Roads	52.26889	-7.39778	P	PPL	IE
3301385	Knocknacrohy	52.27861	-7.38944	L	LCTY	IE
3301387	Lowry’s Bridge	52.28528	-7.38417	P	PPL	IE
3301390	Knockane	52.29167	-7.29778	P	PPL	IE
3301392	Whitestown Cross Roads	52.28	-7.39083	P	PPL	IE
3301393	Kilcanavee	52.24583	-7.42472	L	LCTY	IE
3301394	Croughaun Hill	52.25028	-7.44611	T	MT	IE
3301395	Knockaturnory	52.24667	-7.46861	L	LCTY	IE
3301396	Killerguile	52.26167	-7.44139	L	LCTY	IE
3301398	Clashroe	52.30917	-7.33806	L	LCTY	IE
3301400	Ballyquin	52.3125	-7.3775	L	LCTY	IE
3301401	Ballynevin	52.30444	-7.41111	L	LCTY	IE
3301402	Piquet’s Cross Roads	52.3225	-7.38306	P	PPL	IE
3301403	Brownswood	52.32806	-7.35333	V	FRST	IE
3301404	Fiddow Bridge	52.325	-7.32167	P	PPL	IE
3301405	Curraghballintlea	52.32278	-7.36972	L	LCTY	IE
3301406	Graigavine	52.32667	-7.29583	L	LCTY	IE
3301407	Riverquarter	52.31167	-7.29611	L	LCTY	IE
3301409	Garravoone	52.3275	-7.41722	L	LCTY	IE
3301410	Curraghduff	52.31194	-7.4375	L	LCTY	IE
3301411	Joanstown	52.32778	-7.44306	L	LCTY	IE
3301412	Ballyknock	52.32389	-7.4525	L	LCTY	IE
3301413	Ballunacurra	52.315	-7.46917	L	LCTY	IE
3301414	Ballygarret	52.30056	-7.46111	L	LCTY	IE
3301415	Feddans Cross Roads	52.29611	-7.47194	P	PPL	IE
3301416	Ballyhest Cross Roads	52.28917	-7.46083	P	PPL	IE
3301417	Ross Bridge	52.28667	-7.48917	P	PPLL	IE
3301419	Sheskin Cross	52.32972	-7.47722	L	LCTY	IE
3301420	Ballingarra	52.32694	-7.49694	L	LCTY	IE
3301421	Kilballyquilty	52.32111	-7.50028	L	LCTY	IE
3301422	Knockalafalla	52.32528	-7.53861	L	LCTY	IE
3301423	Park	52.325	-7.55944	L	LCTY	IE
3301424	Kilbrack	52.30194	-7.54111	L	LCTY	IE
3301425	Ballycullane	52.29722	-7.55444	L	LCTY	IE
3301426	Clondonnell	52.30778	-7.57056	L	LCTY	IE
3301427	Curraheen	52.29056	-7.55306	P	PPL	IE
3301428	Lough Mohra	52.29694	-7.58222	H	LK	IE
3301429	Coumduala Lough	52.28083	-7.57111	H	LK	IE
3301431	Coolnalingady	52.26944	-7.52889	L	LCTY	IE
3301434	Sgilloge Loughs	52.25472	-7.56583	H	LKS	IE
3301435	Knockanaffrin	52.27083	-7.61389	L	LCTY	IE
3301436	Tooreen	52.26333	-7.64444	L	LCTY	IE
3301437	Glennanore	52.28222	-7.61833	P	PPL	IE
3301438	Knocknaree	52.29333	-7.62889	L	LCTY	IE
3301439	Knockavannia	52.25417	-7.65056	L	LCTY	IE
3301440	Milk Hill	52.24258	-7.64645	T	MT	IE
3301441	Lyre	52.26	-7.62056	L	LCTY	IE
3301442	Knockeen	52.2475	-7.66639	T	MT	IE
3301443	Glendalough	52.29639	-7.67278	L	LCTY	IE
3301444	Shanballyanne	52.26944	-7.68972	L	LCTY	IE
3301445	Moanyarha	52.30583	-7.62694	L	LCTY	IE
3301446	The Punchbowl	52.31917	-7.66667	L	LCTY	IE
3301447	Laghtnafrankee	52.31496	-7.65589	T	MT	IE
3301448	Shauneenabreaga	52.3125	-7.62222	L	LCTY	IE
3301449	Barravakeen	52.33	-7.63972	L	LCTY	IE
3301450	Long Hill	52.32981	-7.66482	T	MT	IE
3301451	Glinary	52.325	-7.69333	L	LCTY	IE
3301452	Boolabrien	52.29389	-7.72111	L	LCTY	IE
3301453	Carran Wood	52.33139	-7.72083	V	FRST	IE
3301454	Russellstown New	52.315	-7.73	P	PPL	IE
3301455	Caherbaun	52.32694	-7.73722	L	LCTY	IE
3301456	Russellstown	52.31417	-7.76472	L	LCTY	IE
3301458	Bawnfune	52.29806	-7.77722	P	PPL	IE
3301459	Ballydonagh Cross Roads	52.29278	-7.77389	P	PPL	IE
3301460	Clogheen	52.28417	-7.74028	L	LCTY	IE
3301462	Deerpark Bridge	52.27167	-7.72944	P	PPL	IE
3301463	Castlequarter	52.27778	-7.74806	L	LCTY	IE
3301464	Four Mile Water Bridge	52.27361	-7.75889	P	PPL	IE
3301465	Toorala	52.28111	-7.71944	L	LCTY	IE
3301466	Tooracurragh	52.2675	-7.75167	L	LCTY	IE
3301467	Barranashingaun	52.255	-7.74722	L	LCTY	IE
3301468	Ballyrohan	52.25111	-7.73694	L	LCTY	IE
3301469	Curraghateskin	52.24639	-7.72361	L	LCTY	IE
3301470	Glenary River	52.31556	-7.79111	L	LCTY	IE
3301471	Kilmanalian Bridge	52.31694	-7.77861	P	PPL	IE
3301472	Cloghanacody	52.32944	-7.85389	L	LCTY	IE
3301473	Grange Cross Roads	52.32833	-7.825	P	PPL	IE
3301475	Oldgrange	52.32222	-7.8375	L	LCTY	IE
3301476	Ballyneety	52.31889	-7.85417	P	PPL	IE
3301477	Ballybeg	52.31028	-7.81056	L	LCTY	IE
3301478	Knockeen	52.30694	-7.82111	L	LCTY	IE
3301479	Neddans House	52.30222	-7.85722	P	PPL	IE
3301480	Flemingstown	52.30111	-7.80861	L	LCTY	IE
3301481	Rossmore	52.26222	-7.76528	L	LCTY	IE
3301482	Grange	52.33889	-7.84028	L	LCTY	IE
3301483	Knocklofty	52.33972	-7.82083	L	LCTY	IE
3301484	Markhamstown	52.35139	-7.83306	P	PPL	IE
3301486	Monksgrange	52.345	-7.82333	L	LCTY	IE
3301487	Lisnamuck	52.35861	-7.855	L	LCTY	IE
3301488	Derrygrath	52.36944	-7.83222	L	LCTY	IE
3301489	Rathkeevin	52.37278	-7.79778	L	LCTY	IE
3301490	Garryntemple	52.35583	-7.8125	P	PPL	IE
3301491	New Abbey	52.34917	-7.78889	L	LCTY	IE
3301492	Loughtally	52.35306	-7.78333	P	PPL	IE
3301493	Oaklands	52.35583	-7.76833	L	LCTY	IE
3301494	Barne Park	52.3725	-7.76417	L	PRK	IE
3301495	Knocklofty Bridge	52.33778	-7.78889	P	PPL	IE
3301496	Salisbury	52.35083	-7.76278	L	LCTY	IE
3301497	Martfield	52.34778	-7.74889	P	PPL	IE
3301498	Ballingarrane	52.36583	-7.7725	L	LCTY	IE
3301500	Glenconnor	52.36083	-7.75083	L	LCTY	IE
3301501	Toberaheena	52.35333	-7.74694	L	LCTY	IE
3301502	Innislonagh	52.34722	-7.74333	L	LCTY	IE
3301504	Kilnamack	52.335	-7.77528	L	LCTY	IE
3301506	Clashaniska Mile Tree	52.37611	-7.71639	L	LCTY	IE
3301507	Serothea	52.34556	-7.70944	P	PPL	IE
3301508	Spaville	52.34722	-7.69361	P	PPL	IE
3301509	Tannersrath	52.37806	-7.68806	P	PPL	IE
3301512	Twomilebridge	52.36222	-7.64417	P	PPL	IE
3301514	Tikincor	52.35472	-7.65056	P	PPL	IE
3301515	Poulnagunoge	52.34528	-7.68	L	LCTY	IE
3301516	Tikincor Wood	52.3475	-7.64333	V	FRST	IE
3301517	Ballynevin	52.37917	-7.61583	L	LCTY	IE
3301518	Seskin	52.37556	-7.58722	L	LCTY	IE
3301519	Priorstown	52.36944	-7.60417	L	LCTY	IE
3301520	Killaloan	52.36167	-7.63028	L	LCTY	IE
3301521	Derrinlaur	52.35806	-7.64111	L	LCTY	IE
3301522	Raven’s Rock	52.34056	-7.62194	T	MT	IE
3301523	Gurteen Wood	52.34556	-7.59806	V	FRST	IE
3301524	Harney’s Cross Roads	52.33444	-7.61806	P	PPL	IE
3301525	Le Poer	52.34583	-7.58639	T	MT	IE
3301526	Coolishal	52.33667	-7.58667	L	LCTY	IE
3301530	Glen Poer Wood	52.34833	-7.54361	V	FRST	IE
3301531	Glen Poer	52.34944	-7.51861	L	LCTY	IE
3301533	Ballynaraha	52.3675	-7.55722	L	LCTY	IE
3301534	Minorstown	52.37556	-7.56028	L	LCTY	IE
3301536	Butlerstown	52.37528	-7.50722	L	LCTY	IE
3301540	Ballinderry	52.35583	-7.47472	L	LCTY	IE
3301541	Mulllagh	52.36528	-7.46083	L	LCTY	IE
3301542	Coolnamuck Wood	52.34417	-7.46944	V	FRST	IE
3301543	Ballindysert	52.33722	-7.48333	L	LCTY	IE
3301546	Figlash	52.37444	-7.44917	P	PPL	IE
3301547	Cregg Bridge	52.37333	-7.39139	P	PPL	IE
3301550	Crehanagh	52.33472	-7.3975	L	LCTY	IE
3301551	Baungarriff	52.36556	-7.37806	L	LCTY	IE
3301552	Ballyhenebery	52.37611	-7.36083	P	PPL	IE
3301553	The Sweep	52.37194	-7.33444	P	PPL	IE
3301554	Sandpits Cross Roads	52.36583	-7.32389	P	PPL	IE
3301555	Knockroe	52.35583	-7.36972	P	PPL	IE
3301556	The Three Bridges	52.35306	-7.37861	P	PPL	IE
3301557	Tibberagany	52.34639	-7.3525	L	LCTY	IE
3301559	Jamestown	52.3775	-7.30889	L	LCTY	IE
3301560	Raheen	52.375	-7.29194	L	LCTY	IE
3301561	Ballygown	52.3625	-7.30028	L	LCTY	IE
3301562	Dowling	52.35944	-7.28611	L	LCTY	IE
3301563	Ardclone	52.34222	-7.32917	L	LCTY	IE
3301564	Tennislee Cross Roads	52.33556	-7.30444	P	PPL	IE
3301565	Portnagge	52.33306	-7.35806	P	PPL	IE
3301567	Ballyhussa	52.2325	-7.38389	L	LCTY	IE
3301571	Rathmore	52.37917	-7.85861	P	PPLL	IE
3301578	Lissanisky	51.87111	-8.30528	P	PPLL	IE
3301579	Rosslague	51.87111	-8.27583	P	PPLL	IE
3301580	Desert	52.03778	-8.22917	L	LCTY	IE
3301587	Kilfarrasy	52.13417	-7.24861	L	LCTY	IE
3301588	Woodstown	52.14111	-7.25694	P	PPL	IE
3301589	Sheep Island	52.12639	-7.21167	T	ISL	IE
3301590	Islandikane	52.13917	-7.22722	L	LCTY	IE
3301591	Garrarus Cross Roads	52.14111	-7.18694	P	PPL	IE
3301592	Westtown	52.13944	-7.17444	P	PPL	IE
3301593	Islandtarsney	52.155	-7.20667	P	PPL	IE
3301594	Ballyadam Cross Roads	52.15667	-7.23528	P	PPL	IE
3301596	Ballyscanlan Lough	52.17389	-7.20417	H	LK	IE
3301604	Carrickavrantry	52.17083	-7.18833	L	LCTY	IE
3301607	Frankeen’s Cross Roads	52.18917	-7.25861	P	PPL	IE
3301608	Ballycraddock	52.19722	-7.2675	L	LCTY	IE
3301610	Ballynaclogh	52.18472	-7.19083	P	PPL	IE
3301611	Ballynaclogh Cross Roads	52.19611	-7.1875	P	PPL	IE
3301614	Lisnakill Cross	52.20833	-7.1975	P	PPL	IE
3301615	Lisnakill	52.21361	-7.21083	L	LCTY	IE
3301616	Raheens	52.2075	-7.2575	P	PPL	IE
3301617	Knockeen	52.20778	-7.16111	L	LCTY	IE
3301620	Towergare	52.20167	-7.145	L	LCTY	IE
3301621	Powersknock	52.22139	-7.23194	P	PPL	IE
3301622	Adamstown	52.22806	-7.23417	P	PPL	IE
3301623	Whelan’s Bridge	52.23722	-7.23111	P	PPL	IE
3301624	Cullenagh	52.24194	-7.26639	L	LCTY	IE
3301625	Bawnfune	52.23222	-7.19222	L	LCTY	IE
3301627	Ballycashin	52.22389	-7.16583	P	PPL	IE
3301628	Ballyhoo	52.22	-7.14167	L	LCTY	IE
3301629	Kilbarry	52.23472	-7.13028	L	LCTY	IE
3301630	Drumcannon	52.18111	-7.1225	L	LCTY	IE
3301636	The Pines	52.26083	-7.26278	V	FRST	IE
3301637	Stonehouse	52.25306	-7.24639	L	LCTY	IE
3301643	Ballynaneashagh	52.2425	-7.17056	P	PPL	IE
3301646	Ballinattin	52.16944	-7.125	L	LCTY	IE
3301648	Knockaunriark	52.14917	-7.10944	L	LCTY	IE
3301649	Brazen Head	52.12528	-7.09	T	CAPE	IE
3301650	Brownstown	52.13333	-7.08528	L	LCTY	IE
3301652	Rathmoylan	52.13611	-7.03833	P	PPL	IE
3301653	Portally	52.13472	-7.025	L	LCTY	IE
3301654	Kilmaguague	52.15	-7.04	L	LCTY	IE
3301655	Kilmacleague Bridge	52.1575	-7.05389	P	PPL	IE
3301656	Leperstown	52.16306	-7.04	L	LCTY	IE
3301657	Clohernagh	52.16806	-7.08444	L	LCTY	IE
3301658	Lisselan	52.17278	-7.10194	L	LCTY	IE
3301659	Balcynamoyntragh Cross Roads	52.17	-7.03972	P	PPL	IE
3301660	Kilmacomb Cross Roads	52.1725	-7.02639	P	PPL	IE
3301661	Ballyshoneen	52.17889	-7.07861	L	LCTY	IE
3301662	Fairybush Cross Roads	52.17556	-7.00611	P	PPL	IE
3301663	Harristown	52.17806	-7.00556	L	LCTY	IE
3301666	Ardnamult Head	52.16	-6.96889	T	CAPE	IE
3301667	Knockavelish Head	52.18111	-6.96639	T	CAPE	IE
3301678	Belle Lake	52.18806	-7.02306	H	LK	IE
3301681	Ballylough	52.18722	-7.04472	L	LCTY	IE
3301683	Mount Beresford	52.20417	-7.0425	L	LCTY	IE
3301685	Ballykinsella	52.19139	-7.11306	L	LCTY	IE
3301686	Monamintra	52.19806	-7.09778	L	LCTY	IE
3301704	Monamintra Cross Roads	52.20583	-7.08194	P	PPL	IE
3301705	Ballygarran	52.18278	-7.08222	L	LCTY	IE
3301706	Kilearagh Cross Roads	52.21639	-7.06583	P	PPL	IE
3301708	Kill Saint Lawrence	52.22361	-7.10861	L	LCTY	IE
3301709	Kilcohan	52.23056	-7.1075	L	LCTY	IE
3301710	Knockboy	52.23111	-7.06306	L	LCTY	IE
3301739	Crooke	52.22389	-6.96611	L	LCTY	IE
3301741	Stronghow’s Bridge	52.24028	-7.01528	P	PPL	IE
3301745	May Park	52.24944	-7.0675	L	PRK	IE
3301748	Moonveen	52.24389	-7.21917	L	LCTY	IE
3301750	Carrigeen	52.26917	-7.20806	P	PPL	IE
3301751	Portnascully	52.27167	-7.25972	L	LCTY	IE
3301752	Curraghmartin	52.27306	-7.20722	L	LCTY	IE
3301753	Aglish	52.27833	-7.21083	L	LCTY	IE
3301754	Dungooly	52.28806	-7.21389	L	LCTY	IE
3301755	Ballincurra	52.3	-7.22833	P	PPL	IE
3301756	Ballynearla	52.29806	-7.18917	L	LCTY	IE
3301757	Arderra	52.31111	-7.22194	P	PPL	IE
3301758	Ullid	52.31444	-7.20861	L	LCTY	IE
3301760	Clogga	52.32083	-7.25278	L	LCTY	IE
3301761	Ballynaboley Wood	52.3225	-7.21639	V	FRST	IE
3301762	Dangan Bridge	52.32667	-7.16	P	PPL	IE
3301763	Dangan	52.32222	-7.1725	L	LCTY	IE
3301765	Kilcronagh	52.3075	-7.16667	P	PPL	IE
3301766	Ballykillaboy	52.32389	-7.13139	L	LCTY	IE
3301767	Lough Cullin	52.31222	-7.09722	H	LK	IE
3301768	Smartscastle	52.2925	-7.12028	L	LCTY	IE
3301770	Nicholastown	52.30472	-7.08833	L	LCTY	IE
3301771	Davidstown	52.31611	-7.06167	L	LCTY	IE
3301772	Carriganurra	52.30861	-7.07028	L	LCTY	IE
3301773	Rathpatrick Cross Roads	52.28056	-7.06361	P	PPL	IE
3301774	Milepost Village	52.27333	-7.07083	L	LCTY	IE
3301779	Gorteens	52.26861	-7.055	L	LCTY	IE
3301782	Drumdowney	52.27944	-7.035	P	PPL	IE
3301783	Mount Ida	52.32167	-7.00278	P	PPL	IE
3301784	Fisherstown	52.305	-6.98194	P	PPL	IE
3301796	Greatisland	52.28833	-6.99444	L	LCTY	IE
3301798	Priesthaggard	52.30306	-6.96389	P	PPL	IE
3301799	Burnt School Cross Roads	52.30722	-6.95194	P	PPL	IE
3301804	Templetown	52.17889	-6.88528	L	LCTY	IE
3301806	Kilcloggan	52.18167	-6.88444	L	LCTY	IE
3301808	Haggard	52.18472	-6.88417	L	LCTY	IE
3301809	Ralph Cross Roads	52.18472	-6.85028	P	PPL	IE
3301811	Ramstown	52.18194	-6.84889	L	LCTY	IE
3301812	Connagh	52.19139	-6.87111	L	LCTY	IE
3301813	Lewistown	52.19361	-6.88556	L	LCTY	IE
3301814	Connagh Cross Roads	52.19861	-6.85222	P	PPL	IE
3301815	Knockanduff	52.20222	-6.88	L	LCTY	IE
3301816	Wood Village	52.19972	-6.82083	P	PPL	IE
3301818	Ballygow	52.20778	-6.87194	P	PPL	IE
3301820	Ballinruan Cross Roads	52.20694	-6.89083	P	PPL	IE
3301822	Newtown	52.20361	-6.82111	P	PPL	IE
3301825	Kilbride Cross Roads	52.21611	-6.89556	P	PPL	IE
3301828	Gorteens	52.21694	-6.83694	P	PPL	IE
3301829	Haggard Bridge	52.23833	-6.88056	P	PPL	IE
3301831	Ballyvdroge	52.23778	-6.85639	L	LCTY	IE
3301832	New Bridge	52.24639	-6.84556	P	PPL	IE
3301849	Poundtown Cross Roads	52.24361	-6.85528	P	PPL	IE
3301850	Hagansgate Cross Roads	52.25278	-6.90056	P	PPL	IE
3301851	Rathroe Cross Roads	52.25556	-6.87083	P	PPL	IE
3301852	Curraghmore	52.2525	-6.84917	L	LCTY	IE
3301853	Monacahee	52.26361	-6.91111	L	LCTY	IE
3301854	Kinnagh	52.26417	-6.84417	L	LCTY	IE
3301855	Boderan Cross Roads	52.26472	-6.91639	P	PPL	IE
3301856	Grange	52.26722	-6.94972	P	PPL	IE
3301857	Dunbrody	52.23528	-6.9525	L	LCTY	IE
3301859	J. F. Kennedy Memorial Park	52.32056	-6.9075	L	PRK	IE
3301860	Thistletown	52.3125	-6.89889	L	LCTY	IE
3301861	Knockea	52.29722	-6.90611	L	LCTY	IE
3301862	Dunmain Cross Roads	52.30361	-6.87528	P	PPL	IE
3301863	Ballykeerogebeg	52.29556	-6.92861	L	LCTY	IE
3301864	Killesk Cross Roads	52.28306	-6.90111	P	PPL	IE
3301865	Cloonagh	52.31417	-6.88083	L	LCTY	IE
3301866	Gusserane	52.30556	-6.8775	L	LCTY	IE
3301867	Nash	52.32389	-6.87139	L	LCTY	IE
3301868	Nash Bridge	52.31833	-6.855	P	PPL	IE
3301869	Ballygarvan Bridge	52.31333	-6.83194	P	PPL	IE
3301870	Rathumney	52.29222	-6.85889	L	LCTY	IE
3301871	Aughboy Bridge	52.32472	-6.88556	P	PPL	IE
3301872	Kilbraney	52.32444	-6.83472	P	PPL	IE
3301873	Taylorstown Cross Roads	52.26667	-6.79944	P	PPL	IE
3301874	Taylorstown Bridge	52.275	-6.79167	P	PPL	IE
3301875	Mullinderry Bridge	52.29222	-6.80778	P	PPL	IE
3301876	Yoletown	52.29278	-6.82722	L	LCTY	IE
3301877	Five Cross Roads	52.28417	-6.78583	P	PPL	IE
3301878	Loughnageer	52.2825	-6.78889	L	LCTY	IE
3301879	Rochestown	52.28417	-6.76444	P	PPL	IE
3301880	Tianarath Cross Roads	52.30028	-6.80306	P	PPL	IE
3301881	Hores Mead Bridge	52.30278	-6.73667	P	PPL	IE
3301883	Louggraigue House	52.30861	-6.75944	P	PPL	IE
3301884	Stoneenrath Cross Roads	52.30917	-6.72861	P	PPL	IE
3301885	Ballyowen	52.27	-6.75778	P	PPL	IE
3301886	Garrycullen	52.24556	-6.8125	P	PPL	IE
3301887	Nelson Bridge	52.26472	-6.76694	P	PPL	IE
3301888	Ballylannan	52.26944	-6.78444	L	LCTY	IE
3301890	Newtown	52.23	-6.76	L	LCTY	IE
3301891	Blackhall	52.21361	-6.74611	L	LCTY	IE
3301894	Cullenstown	52.21694	-6.72861	L	LCTY	IE
3301895	Coolseskin	52.22111	-6.70194	L	LCTY	IE
3301896	Coolishal	52.23694	-6.70111	L	LCTY	IE
3301897	Johnstown	52.23583	-6.68139	L	LCTY	IE
3301900	Busherstown	52.24556	-6.69722	L	LCTY	IE
3301901	Sheastown Cross Roads	52.25694	-6.72444	P	PPL	IE
3301902	Quitchery Cross Roads	52.25694	-6.69139	P	PPL	IE
3301903	Rath	52.22111	-6.66111	L	LCTY	IE
3301904	Ambrosetown	52.24944	-6.67167	L	LCTY	IE
3301905	Coolboy	52.31972	-6.81611	L	LCTY	IE
3301906	Ballynamona	52.31778	-6.79583	P	PPL	IE
3301907	Koyle	52.30806	-6.81167	P	PPL	IE
3301908	Newcastle	52.32111	-6.76972	L	LCTY	IE
3301909	Kilcavan	52.26667	-6.72056	L	LCTY	IE
3301911	Rosspile	52.2975	-6.74528	L	LCTY	IE
3301914	Eakin’s Cross Roads	52.30694	-6.7125	P	PPL	IE
3301915	White Cross Roads	52.27083	-6.70472	P	PPL	IE
3301916	Doyle’s Cross Roads	52.27917	-6.69111	P	PPL	IE
3301917	Hawkshaws Bridge	52.32056	-6.70222	P	PPL	IE
3301918	Goff’s Bridge	52.30917	-6.71694	P	PPL	IE
3301919	Ardenagh	52.29639	-6.6925	L	LCTY	IE
3301925	Waddingtown	52.28306	-6.65556	L	LCTY	IE
3301926	Edwardstown	52.26611	-6.64389	L	LCTY	IE
3301927	Scurloge Cross Roads	52.25639	-6.63194	P	PPL	IE
3301928	Bellgrove	52.24139	-6.6425	L	LCTY	IE
3301930	Aughfaa	52.30444	-6.64056	L	LCTY	IE
3301931	Howlan’s Cross Roads	52.30667	-6.6725	P	PPL	IE
3301932	Coolcull	52.30583	-6.67806	L	LCTY	IE
3301933	Aughnagroagh Bridge	52.32639	-6.64056	P	PPL	IE
3301934	Brownscastle Bridge	52.33833	-6.65333	P	PPL	IE
3301935	Mulmontry Bridge	52.33417	-6.67667	P	PPL	IE
3301936	Deerpark	52.33139	-6.70972	L	LCTY	IE
3301937	Cullenstown	52.33861	-6.71972	P	PPL	IE
3301938	Wattle Cross Roads	52.35194	-6.7	P	PPL	IE
3301939	Shanowle	52.34361	-6.7075	L	LCTY	IE
3301940	Kilgarvan	52.34389	-6.68583	L	LCTY	IE
3301941	Barry’s Cross Roads	52.35361	-6.64917	P	PPL	IE
3301942	Harristown	52.35222	-6.64028	P	PPL	IE
3301943	Wilkinstown Cross Roads	52.35972	-6.65	P	PPL	IE
3301944	Poulpeasly	52.35917	-6.685	L	LCTY	IE
3301945	Castlehaystown	52.37194	-6.67833	L	LCTY	IE
3301946	Ballyvergin	52.36861	-6.70861	L	LCTY	IE
3301947	Ballyclemock	52.34472	-6.75861	L	LCTY	IE
3301948	Assagart	52.35306	-6.73194	L	LCTY	IE
3301950	Rathnageeragh	52.33417	-6.83944	P	PPL	IE
3301951	Bridge Quarter	52.35444	-6.81361	L	LCTY	IE
3301952	Kilscanlan	52.35472	-6.84	L	LCTY	IE
3301953	Cushenstown	52.36639	-6.85944	L	LCTY	IE
3301954	Cassagh	52.33917	-6.86694	L	LCTY	IE
3301955	Millquarter	52.38139	-6.84028	L	LCTY	IE
3301956	Raheevarrren	52.35556	-6.79528	L	LCTY	IE
3301957	Ballyshannon	52.36944	-6.76472	L	LCTY	IE
3301958	Mylerspark	52.35083	-6.88222	L	LCTY	IE
3301959	Courthoyle	52.36944	-6.81361	L	LCTY	IE
3301960	Tinnacarrick Philip	52.34611	-6.82528	L	LCTY	IE
3301961	Tellarought	52.33472	-6.8875	L	LCTY	IE
3301962	Lookout	52.34417	-6.90417	L	LCTY	IE
3301965	Finshoge	52.36639	-6.89333	L	LCTY	IE
3301966	Rochestown	52.37056	-6.87861	L	LCTY	IE
3301970	Ballyholuck	52.32861	-7.04556	L	LCTY	IE
3301971	Ballinclare	52.33056	-7.07667	L	LCTY	IE
3301972	Robinstown	52.34444	-7.06333	L	LCTY	IE
3301973	Carrickcloney	52.34167	-7.02306	L	LCTY	IE
3301975	Knockbrack	52.3475	-7.09583	P	PPL	IE
3301976	Haggard	52.3525	-7.07861	P	PPL	IE
3301977	Kilbride	52.36583	-7.06889	L	LCTY	IE
3301978	Flemingstown	52.36278	-7.06472	L	LCTY	IE
3301979	Forestalstown	52.36472	-7.01889	L	LCTY	IE
3301981	Busherstown	52.37611	-7.02167	P	PPL	IE
3301982	Ballytosy	52.37389	-7.08583	L	LCTY	IE
3301983	Glenmore	52.35167	-7.025	P	PPL	IE
3301984	Rathnasmolagh	52.33639	-7.10917	L	LCTY	IE
3301985	Ballyhomuck	52.335	-7.14389	L	LCTY	IE
3301986	Ballynakill	52.36083	-7.13778	L	LCTY	IE
3301987	Farnoge	52.35222	-7.11	L	LCTY	IE
3301988	Deerpark	52.355	-7.16556	L	LCTY	IE
3301989	Molum	52.3325	-7.19472	L	LCTY	IE
3301990	Clonassy Wood	52.34667	-7.17667	V	FRST	IE
3301991	Carrigatubbria Wood	52.34861	-7.21583	V	FRST	IE
3301992	Killinaspick	52.34083	-7.24889	L	LCTY	IE
3301993	Rochestown	52.35306	-7.22194	L	LCTY	IE
3301994	Tobernabrone	52.35222	-7.26306	L	LCTY	IE
3301995	Corbally Wood	52.37167	-7.26194	V	FRST	IE
3301996	Ballyknockbeg	52.37417	-7.19611	L	LCTY	IE
3301997	Ballynacooly	52.37194	-7.20944	L	LCTY	IE
3301999	Cull Island	52.20361	-6.63444	T	ISL	IE
3302000	Seven Heads	52.10667	-6.61167	T	CAPE	IE
3302008	Inish	52.19056	-6.60361	P	PPL	IE
3302010	Newtown	52.18944	-6.595	L	LCTY	IE
3302011	Ballygrangans	52.18333	-6.55444	L	LCTY	IE
3302012	Bastardstown	52.1875	-6.54333	L	LCTY	IE
3302013	Grange	52.19306	-6.57194	L	LCTY	IE
3302014	Killiag	52.20083	-6.58417	L	LCTY	IE
3302016	Park	52.20833	-6.62194	P	PPL	IE
3302017	Pembrokestown	52.21889	-6.60528	L	LCTY	IE
3302018	Rathangan Cross Roads	52.22806	-6.60889	P	PPL	IE
3302019	Robinstown	52.23722	-6.60722	L	LCTY	IE
3302021	Star Bridge	52.24972	-6.60222	P	PPL	IE
3302022	Knocktown Cross Roads	52.24722	-6.61056	P	PPL	IE
3302023	Croase	52.2575	-6.59944	L	LCTY	IE
3302024	Heavenstown	52.25861	-6.58056	L	LCTY	IE
3302025	Ballycappoge	52.25528	-6.545	L	LCTY	IE
3302026	Newcastle Cross Roads	52.26194	-6.55083	P	PPL	IE
3302027	Cohunon	52.24167	-6.54167	P	PPL	IE
3302029	Mulrankin	52.23611	-6.53472	L	LCTY	IE
3302031	Cleristown	52.27306	-6.58583	P	PPL	IE
3302032	Kilmanman Cross Roads	52.27889	-6.57278	P	PPL	IE
3302033	Newbridge	52.28056	-6.55611	P	PPL	IE
3302034	Kate’s Cross Roads	52.28028	-6.53167	P	PPL	IE
3302035	Bargy Commons	52.29111	-6.56806	L	LCTY	IE
3302036	Forth Commons	52.3	-6.54778	L	LCTY	IE
3302037	Ballyshelin	52.29611	-6.59528	L	LCTY	IE
3302038	Mullanour	52.30694	-6.53667	L	LCTY	IE
3302039	Tracystown East	52.28444	-6.60917	L	LCTY	IE
3302040	Turner’s Cross Roads	52.30972	-6.61111	P	PPL	IE
3302041	Coolstuff Cross Roads	52.31833	-6.60528	P	PPL	IE
3302042	Boley’s Cross Roads	52.20528	-6.51417	P	PPL	IE
3302043	Ballyhealy	52.19111	-6.52111	L	LCTY	IE
3302046	Tilladavin	52.19472	-6.50806	L	LCTY	IE
3302047	Cross Scales House	52.20722	-6.48389	L	LCTY	IE
3302048	Ballyboy	52.20889	-6.46722	L	LCTY	IE
3302051	Tenacre Cross Roads	52.21778	-6.50306	P	PPL	IE
3302052	Tullabards	52.21667	-6.5325	L	LCTY	IE
3302053	Sigginstown Islands	52.18917	-6.45111	T	ISLS	IE
3302054	Cousinstown	52.22444	-6.52333	L	LCTY	IE
3302055	Hilltown	52.23028	-6.46222	P	PPL	IE
3302056	Greenfield Cross Roads	52.22444	-6.43306	P	PPL	IE
3302057	Cotts	52.2125	-6.42528	L	LCTY	IE
3302058	Churchtown	52.20083	-6.42778	L	LCTY	IE
3302059	Ballymurry	52.19194	-6.43167	L	LCTY	IE
3302060	Furziestown	52.1975	-6.41722	L	LCTY	IE
3302061	Ballytory	52.21139	-6.41389	L	LCTY	IE
3302062	Tacuanshane	52.20556	-6.41028	L	LCTY	IE
3302063	Barnawheel	52.17861	-6.39639	L	LCTY	IE
3302065	Carna	52.1925	-6.35222	L	LCTY	IE
3302066	Ballytra	52.19722	-6.35972	L	LCTY	IE
3302067	Ballare	52.20556	-6.35806	L	LCTY	IE
3302069	Ring	52.19056	-6.37056	P	PPL	IE
3302070	Ballysheen	52.19611	-6.3675	P	PPL	IE
3302071	Ballyhitt	52.21876	-6.37134	P	PPL	IE
3302072	Saint Helens	52.22556	-6.33556	P	PPL	IE
3302073	Barracks Cross Roads	52.22694	-6.34583	P	PPL	IE
3302074	Twelveacre Cross Roads	52.23222	-6.40472	P	PPL	IE
3302077	Bing	52.23889	-6.31778	L	LCTY	IE
3302078	Ballygarvey	52.24889	-6.40111	P	PPL	IE
3302079	Churchtown	52.2525	-6.40306	P	PPL	IE
3302080	Ballybro	52.25972	-6.39639	L	LCTY	IE
3302081	Rathdowney	52.26	-6.42444	L	LCTY	IE
3302082	Horetown	52.2425	-6.44333	L	LCTY	IE
3302083	Yoletown	52.23806	-6.46278	L	LCTY	IE
3302093	Walsheslough	52.26833	-6.38194	P	PPL	IE
3302094	Mervyn	52.27861	-6.40083	P	PPL	IE
3302096	Woodtown	52.28556	-6.41083	L	LCTY	IE
3302097	Walshestown	52.25639	-6.47778	P	PPL	IE
3302098	Aspealy Bridge	52.25944	-6.45528	P	PPL	IE
3302099	Orristown Cross Roads	52.25889	-6.45333	P	PPL	IE
3302100	Piercetown	52.28393	-6.48977	P	PPL	IE
3302101	Ballykilliane	52.28861	-6.48083	P	PPL	IE
3302102	Redmondstown	52.29833	-6.525	L	LCTY	IE
3302105	Drinagh	52.30667	-6.47083	P	PPL	IE
3302109	Clonard Little	52.32583	-6.49417	P	PPL	IE
3302110	Ballyboggan	52.34167	-6.5	L	LCTY	IE
3302112	Colestown	52.32389	-6.54056	L	LCTY	IE
3302113	Shelmaliere Common	52.31556	-6.55972	L	LCTY	IE
3302114	Ballintlea	52.31722	-6.6	P	PPL	IE
3302115	Growtown	52.33139	-6.6075	P	PPL	IE
3302116	Larkins Cross Roads	52.33639	-6.55972	P	PPL	IE
3302117	Davidstown	52.33778	-6.55694	P	PPL	IE
3302118	Holmestown	52.3475	-6.57833	P	PPL	IE
3302120	Beggarin Island	52.36556	-6.40639	T	ISL	IE
3302121	Ballyla	52.36778	-6.42778	P	PPL	IE
3302122	Knottown	52.36167	-6.45139	L	LCTY	IE
3302123	Crosstown	52.35278	-6.47	L	LCTY	IE
3302125	Newcastle	52.36611	-6.52806	P	PPL	IE
3302129	Muchwood Cross Roads	52.35806	-6.55778	P	PPL	IE
3302130	Tomcool Cross Roads	52.34583	-6.61389	P	PPL	IE
3302131	Ballyhennigan	52.33694	-6.62389	L	LCTY	IE
3302132	Davidstown	52.35583	-6.6275	L	LCTY	IE
3302133	Blackhall	52.36528	-6.62139	L	LCTY	IE
3302136	Lough	52.23003	-6.40104	P	PPLL	IE
3302138	Bearstown	52.35639	-7.00556	P	PPLL	IE
3302140	Ballytarsney	52.2975	-7.24667	P	PPL	IE
3302247	Milltown	52.38583	-7.245	P	PPL	IE
3302248	Ballyhimmin	52.38861	-7.2275	P	PPL	IE
3302249	Harristown	52.40611	-7.24444	P	PPL	IE
3302250	Condonstown	52.42361	-7.26361	P	PPL	IE
3302251	Catstown	52.43861	-7.26333	P	PPL	IE
3302252	Ballylusky	52.38444	-7.16611	P	PPL	IE
3302254	Ballynoony	52.39333	-7.16389	L	LCTY	IE
3302255	Smithstown	52.4	-7.10417	L	LCTY	IE
3302256	Darbystown	52.39583	-7.085	L	LCTY	IE
3302257	Ballywairy	52.38639	-7.085	L	LCTY	IE
3302258	Ballymartin	52.3925	-7.10667	P	PPL	IE
3302259	Ballallog	52.40167	-7.05694	P	PPL	IE
3302260	Ballycrony	52.38917	-7.03417	L	LCTY	IE
3302261	Ballycurrin	52.39611	-7.0425	P	PPL	IE
3302262	Ballyconnaught	52.42111	-7.075	L	LCTY	IE
3302263	Ballytarsna	52.42361	-7.16306	L	LCTY	IE
3302264	Mullennakill	52.43	-7.10778	P	PPL	IE
3302265	Shunbagh	52.38472	-7.00083	P	PPL	IE
3302266	Slievecarragh	52.39694	-7.01	L	LCTY	IE
3302267	Ballyreddy	52.40611	-7.01556	P	PPL	IE
3302268	Ballyknock	52.41778	-7.00333	P	PPL	IE
3302269	Hoodsgrove	52.40722	-7.00472	L	LCTY	IE
3302270	Tinnaranny	52.41972	-6.98278	L	LCTY	IE
3302271	Chilcomb Park	52.39333	-6.97	L	PRK	IE
3302274	Ballilogue	52.43194	-6.98639	L	LCTY	IE
3302275	Tinnaslaty	52.43167	-6.94389	L	LCTY	IE
3302276	Garranvabby	52.44472	-6.95472	L	LCTY	IE
3302277	Mount Garrett Bridge	52.42417	-6.92833	P	PPL	IE
3302278	Kiltown Cross Roads	52.45194	-6.97889	P	PPL	IE
3302279	The Rower	52.45556	-6.95694	P	PPL	IE
3302280	Tinnascolly	52.45028	-6.93972	P	PPL	IE
3302285	Cullentragh	52.47556	-6.975	L	LCTY	IE
3302287	Ballygub	52.47944	-6.9975	P	PPL	IE
3302288	Oldcourt	52.4825	-7.03111	L	LCTY	IE
3302289	Ballinvarry	52.49194	-6.96472	L	LCTY	IE
3302290	Monasilloge	52.50389	-7.00639	L	LCTY	IE
3302291	Cappagh	52.50528	-7.06972	P	PPL	IE
3302292	Rockview	52.49861	-7.05694	P	PPL	IE
3302293	Kilcross	52.49167	-7.0525	L	LCTY	IE
3302294	Killeen	52.46028	-7.06611	L	LCTY	IE
3302296	Dysertmore	52.45194	-7.01667	P	PPL	IE
3302297	Curraghmore	52.44694	-7.08722	L	LCTY	IE
3302298	Ballyvool	52.455	-7.09917	L	LCTY	IE
3302299	Coolroebeg	52.46194	-7.12111	L	LCTY	IE
3302300	Ballycocksoos	52.47556	-7.10667	L	LCTY	IE
3302301	Powerswood	52.47361	-7.13472	L	LCTY	IE
3302302	Kilvinoge	52.45306	-7.13333	L	LCTY	IE
3302303	Ballykenna	52.43556	-7.08444	L	LCTY	IE
3302304	Glenballyvally	52.44	-7.03028	P	PPL	IE
3302305	Ballyfoile	52.435	-7.02889	L	LCTY	IE
3302306	Pleberstown	52.49333	-7.145	L	LCTY	IE
3302307	Baunskeha	52.4875	-7.14222	L	LCTY	IE
3302308	Castlecosker	52.46611	-7.16472	L	LCTY	IE
3302309	Ballylowra	52.49583	-7.17444	L	LCTY	IE
3302310	Castlebanny	52.44222	-7.16861	L	LCTY	IE
3302311	Coolmore	52.45722	-7.22639	L	LCTY	IE
3302313	Croan Cross Roads	52.48194	-7.26167	P	PPL	IE
3302315	Baysrath	52.49417	-7.26222	L	LCTY	IE
3302316	Barrettstown	52.49889	-7.24	L	LCTY	IE
3302317	Tinvaun	52.50806	-7.24306	P	PPL	IE
3302318	Ballynamona	52.50778	-7.1825	P	PPL	IE
3302319	Oldtown	52.52	-7.21056	P	PPL	IE
3302320	Stonecarthy	52.52222	-7.24333	L	LCTY	IE
3302321	Rathduff	52.53667	-7.25333	L	LCTY	IE
3302322	Baunreagh	52.51667	-7.25	L	LCTY	IE
3302325	Ballylinch Bridge	52.54333	-7.19333	P	PPL	IE
3302326	Rathduff	52.54889	-7.17222	L	LCTY	IE
3302327	Legan	52.54111	-7.14639	L	LCTY	IE
3302329	Priory	52.53444	-7.26139	P	PPL	IE
3302330	Kellsgrange	52.55389	-7.25306	L	LCTY	IE
3302333	Annamult	52.565	-7.21444	L	LCTY	IE
3302334	Killarney	52.55722	-7.17667	L	LCTY	IE
3302335	Woolengrange	52.56861	-7.1825	L	LCTY	IE
3302338	Dansefort Cross Roads	52.58306	-7.235	P	PPL	IE
3302339	Dundaryark	52.58722	-7.26	L	LCTY	IE
3302340	Loughboreen	52.58472	-7.15972	L	LCTY	IE
3302345	Rathclogh	52.59111	-7.22444	L	LCTY	IE
3302346	Wallslough	52.61139	-7.22972	P	PPL	IE
3302347	Grevine	52.60111	-7.23722	L	LCTY	IE
3302348	Bishopslough Newtown	52.59556	-7.14306	P	PPL	IE
3302350	Tullaherin	52.57944	-7.12417	P	PPL	IE
3302352	Carrickmorne	52.5175	-7.10917	L	LCTY	IE
3302354	Kiljames	52.535	-7.1	L	LCTY	IE
3302355	Munginacody	52.53	-7.09472	L	LCTY	IE
3302356	Kilkieran	52.51444	-7.04667	L	LCTY	IE
3302357	Fiddaun Bridge	52.51222	-7.03083	P	PPL	IE
3302359	Blessington	52.53139	-7.04556	L	LCTY	IE
3302360	Raheendonore	52.52222	-7.01889	L	LCTY	IE
3302361	Cappanagh	52.53778	-7.05028	P	PPL	IE
3302363	Ballynakill	52.52639	-6.97111	L	LCTY	IE
3302364	Gorlnigh Wood	52.51639	-6.97972	V	FRST	IE
3302366	Tikerlemin	52.54806	-7.01083	L	LCTY	IE
3302367	Oldgrange	52.55667	-7.00361	L	LCTY	IE
3302368	Glencoum Wood	52.56222	-6.99861	V	FRST	IE
3302370	Raheenroche	52.56972	-7.06083	L	LCTY	IE
3302371	Stakally	52.57306	-6.97306	L	LCTY	IE
3302372	Curraghlane	52.58417	-7.01528	P	PPL	IE
3302373	Annaleck	52.58611	-7.02333	P	PPL	IE
3302374	Skeaghvasteen	52.59361	-6.98139	P	PPL	IE
3302375	Newtown	52.55667	-6.96694	L	LCTY	IE
3302376	Kilmanaheen	52.57278	-7.08639	P	PPL	IE
3302377	Bramblestown	52.59472	-7.06139	L	LCTY	IE
3302378	Cloghala Cross Roads	52.59639	-7.10083	P	PPL	IE
3302379	The Grove	52.59694	-7.01694	P	PPL	IE
3302380	Scart	52.58556	-7.06806	L	LCTY	IE
3302381	Stoneen	52.55694	-7.09806	P	PPL	IE
3302383	Pollagh	52.59833	-6.98333	L	LCTY	IE
3302385	Neigham	52.60028	-7.05972	L	LCTY	IE
3302386	Upper Grange Cross Roads	52.61417	-7.03	P	PPL	IE
3302387	Nicholls Cross Roads	52.61083	-7.07917	P	PPL	IE
3302388	Milltown Cross Roads	52.59694	-6.95361	P	PPL	IE
3302389	Knockbarron South	52.565	-6.94194	P	PPL	IE
3302390	Knockbodaly	52.55167	-6.94639	P	PPL	IE
3302391	Ballynaboley Cross Roads	52.60972	-7.11389	P	PPL	IE
3302393	Bodalmore	52.60556	-7.25722	L	LCTY	IE
3302394	Foulkstown	52.62083	-7.25944	L	LCTY	IE
3302397	Prospect	52.62333	-7.17667	L	LCTY	IE
3302399	Warrington	52.63417	-7.22056	L	LCTY	IE
3302400	Highrath	52.63694	-7.18111	L	LCTY	IE
3302401	Dunbell	52.62278	-7.145	L	LCTY	IE
3302404	Bonnetsrath	52.67722	-7.245	L	LCTY	IE
3302405	Brownstown	52.67583	-7.22139	L	LCTY	IE
3302406	Higginstown	52.66861	-7.19167	L	LCTY	IE
3302408	Cellarstown	52.66361	-7.21389	P	PPL	IE
3302409	Sandfordscourt	52.68556	-7.21278	L	LCTY	IE
3302410	Kilderry	52.68306	-7.17389	P	PPL	IE
3302412	Clashwilliam	52.62028	-7.11306	L	LCTY	IE
3302414	Sheafield	52.63333	-7.09694	L	LCTY	IE
3302415	Brickana	52.64722	-7.10028	P	PPL	IE
3302416	Rathcash	52.63667	-7.135	L	LCTY	IE
3302417	Rathgarvan	52.64472	-7.14972	P	PPL	IE
3302418	Clarabricken	52.65833	-7.14694	L	LCTY	IE
3302419	Coolgrange	52.65	-7.13278	L	LCTY	IE
3302421	Ballyquirk	52.65639	-7.09389	L	LCTY	IE
3302422	Flagmount	52.66056	-7.08861	L	LCTY	IE
3302423	Grangehill	52.66667	-7.135	L	LCTY	IE
3302424	Kilmagar	52.67389	-7.14028	L	LCTY	IE
3302425	Ballyvalden	52.68111	-7.0975	L	LCTY	IE
3302427	Garryduff Cross Roads	52.66806	-7.04611	P	PPL	IE
3302432	Castlekelly Cross Roads	52.64278	-7.01556	P	PPL	IE
3302433	Redbog	52.63917	-7.04667	P	PPL	IE
3302434	Grange Lower	52.63111	-7.03583	L	LCTY	IE
3302436	Ballytarsha	52.67583	-7.00583	L	LCTY	IE
3302437	Shankill	52.69472	-7.02333	L	LCTY	IE
3302438	Coorleagh	52.7	-7.05167	P	PPL	IE
3302439	Coolcuttia	52.69556	-7.07417	L	LCTY	IE
3302440	Kellymount	52.68944	-7.06056	L	LCTY	IE
3302441	Ballygorteen	52.71389	-7.08806	P	PPL	IE
3302442	Baurnafea	52.71	-7.09694	L	LCTY	IE
3302443	Coolgreany	52.71222	-7.12167	L	LCTY	IE
3302444	Ossoryhill	52.69778	-7.13528	L	LCTY	IE
3302446	Ballysallagh House	52.68944	-7.16028	L	LCTY	IE
3302447	Carrigeen	52.69889	-7.19056	L	LCTY	IE
3302448	Kilkieran Cross Roads	52.69833	-7.19917	P	PPL	IE
3302450	Radestown	52.69194	-7.24278	L	LCTY	IE
3302451	Knocknew	52.71083	-7.23417	L	LCTY	IE
3302453	Ruthstown	52.72889	-7.245	L	LCTY	IE
3302454	Mohil	52.73167	-7.26194	L	LCTY	IE
3302456	Corbetstown	52.74	-7.235	L	LCTY	IE
3302457	Tullowbrin	52.72111	-7.18111	L	LCTY	IE
3302458	Knockshanbally	52.72889	-7.16944	L	LCTY	IE
3302459	Cloghpook	52.73333	-7.19139	P	PPL	IE
3302462	Muckalee	52.75389	-7.20444	L	LCTY	IE
3302464	Kilcollin	52.75778	-7.26139	L	LCTY	IE
3302465	Esker	52.74778	-7.26111	L	LCTY	IE
3302468	Knockmajor	52.74944	-7.16	L	LCTY	IE
3302469	Coolraheen South	52.745	-7.14667	L	LCTY	IE
3302470	Maudlin	52.77222	-7.25417	L	LCTY	IE
3302471	Damerstown	52.76722	-7.21833	L	LCTY	IE
3302472	Dysart Bridge	52.77667	-7.21417	P	PPL	IE
3302474	Ballycomy	52.78361	-7.23222	L	LCTY	IE
3302475	Knockanuddoge	52.78139	-7.18833	P	PPL	IE
3302476	Lisnarinshin	52.76333	-7.23861	L	LCTY	IE
3302477	Clashduff	52.78944	-7.24722	L	LCTY	IE
3302478	Ballyhimmin	52.79583	-7.23833	L	LCTY	IE
3302479	Smithstown	52.795	-7.17806	L	LCTY	IE
3302481	Cruckaun	52.78111	-7.20778	L	LCTY	IE
3302482	Ryan’s Cross Roads	52.80611	-7.16306	P	PPL	IE
3302483	Uskerty	52.78222	-7.15833	L	LCTY	IE
3302484	Coolraheen North	52.765	-7.15667	L	LCTY	IE
3302486	Reevanagh	52.72944	-7.12694	P	PPL	IE
3302487	Kane’s Bridge	52.74194	-7.12056	P	PPL	IE
3302488	Griffin’s Bridge	52.74694	-7.12611	P	PPL	IE
3302490	Kelly’s Bridge	52.80222	-7.10944	P	PPL	IE
3302491	Croghtenclogh	52.80667	-7.11167	L	LCTY	IE
3302492	Dunn’s Cross Roads	52.81306	-7.12278	P	PPL	IE
3302493	Barry’s Cross Roads	52.80833	-7.13361	P	PPL	IE
3302494	Aghamurky	52.80778	-7.18222	L	LCTY	IE
3302495	Colliery	52.81722	-7.14528	L	LCTY	IE
3302496	Collieries	52.82389	-7.13778	L	LCTY	IE
3302497	Gorteen	52.82639	-7.15444	L	LCTY	IE
3302498	Coolbaun	52.8175	-7.17722	P	PPL	IE
3302499	Colliery	52.82583	-7.18889	L	LCTY	IE
3302500	Moneenroe	52.83444	-7.18972	L	LCTY	IE
3302501	Massford Bridge	52.84222	-7.17222	P	PPL	IE
3302502	Cloneen	52.84083	-7.14833	L	LCTY	IE
3302503	Railyard	52.83444	-7.14639	L	LCTY	IE
3302504	Glenmagoo	52.8175	-7.25139	P	PPL	IE
3302506	Colliery	52.82722	-7.22889	P	PPL	IE
3302507	Ballylinnen	52.83306	-7.22861	L	LCTY	IE
3302508	Skehana	52.8425	-7.25722	P	PPL	IE
3302509	Rathgarry	52.85194	-7.255	L	LCTY	IE
3302510	Aughatubbrid	52.87861	-7.18222	P	PPL	IE
3302511	Coolnaleen	52.86556	-7.18972	L	LCTY	IE
3302512	Kill	52.86917	-7.1575	P	PPL	IE
3302513	Toortane	52.85944	-7.15111	P	PPL	IE
3302515	Loan	52.84389	-7.20528	L	LCTY	IE
3302516	Glenavurder Bridge	52.86528	-7.25611	P	PPL	IE
3302517	Knock Ardagur	52.88056	-7.24667	T	MT	IE
3302518	Graiguenahown	52.88917	-7.235	P	PPL	IE
3302519	Moyadd Bridge	52.88806	-7.17056	P	PPL	IE
3302520	Slatt Bridge	52.87361	-7.16278	P	PPL	IE
3302521	Slat Lower	52.89222	-7.15	L	LCTY	IE
3302522	Slatt Upper	52.88056	-7.14083	L	LCTY	IE
3302523	Hacketts Hill	52.87361	-7.12639	L	LCTY	IE
3302524	Farrans	52.89667	-7.08778	P	PPL	IE
3302525	Rushes	52.87833	-7.08444	L	LCTY	IE
3302526	Holly Park	52.86778	-7.09583	L	LCTY	IE
3302527	Fairy Mount	52.86722	-7.12389	L	LCTY	IE
3302528	Moscow	52.86389	-7.10194	L	LCTY	IE
3302529	Turra	52.85944	-7.08528	L	LCTY	IE
3302530	Aghreena	52.85417	-7.11	P	PPL	IE
3302531	Drumagh	52.85167	-7.09278	P	PPL	IE
3302532	Moore’s Cross Roads	52.84889	-7.07194	P	PPL	IE
3302534	Aghaterry	52.86917	-7.06944	P	PPL	IE
3302535	Aghcross	52.87361	-7.06	L	LCTY	IE
3302537	Knockvorlagh	52.88889	-7.07306	P	PPL	IE
3302539	Ashfield	52.88972	-7.04417	P	PPL	IE
3302540	Oldleagh	52.87806	-7.02222	P	PPL	IE
3302541	Ballynakill	52.88056	-7.07333	P	PPL	IE
3302542	Coornariska	52.8475	-7.04306	P	PPL	IE
3302545	Mayo	52.83667	-7.09778	L	LCTY	IE
3302546	Monavea	52.83361	-7.07111	L	LCTY	IE
3302547	Ardateggle	52.83083	-7.05722	L	LCTY	IE
3302548	Coorlaghan	52.83833	-7.02639	P	PPL	IE
3302550	Rossmore Bog	52.81611	-7.02417	L	LCTY	IE
3302552	Springhill	52.83556	-6.99778	L	LCTY	IE
3302553	Ballyhid	52.82056	-6.96472	L	LCTY	IE
3302554	Clonmore	52.84194	-6.97444	L	LCTY	IE
3302557	Leagh	52.86361	-6.95833	L	LCTY	IE
3302558	Slealy	52.85222	-6.94833	L	LCTY	IE
3302560	Ballytiniska Cross Roads	52.87417	-6.9625	P	PPL	IE
3302565	Coolanagh Cross Roads	52.8975	-6.98306	P	PPL	IE
3302567	Arless	52.89472	-7.02111	L	LCTY	IE
3302568	Ballymacar	52.38194	-6.90667	L	LCTY	IE
3302569	Begerin	52.38972	-6.86028	L	LCTY	IE
3302570	Lacken	52.40333	-6.86611	L	LCTY	IE
3302577	Corcoran’s Cross Roads	52.42083	-6.86056	P	PPL	IE
3302578	Ballyanne	52.42528	-6.91556	P	PPL	IE
3302579	Rathgarogue	52.42889	-6.85889	L	LCTY	IE
3302580	Ballynabanoge	52.43861	-6.89944	L	LCTY	IE
3302581	Coolback	52.43861	-6.9175	L	LCTY	IE
3302582	Ballyleigh	52.45333	-6.89778	L	LCTY	IE
3302583	Ballynacoolagh	52.45694	-6.91833	L	LCTY	IE
3302584	Coolhill	52.4625	-6.93167	L	LCTY	IE
3302585	Mungan	52.46639	-6.95139	L	LCTY	IE
3302586	Clogghill	52.47222	-6.94694	L	LCTY	IE
3302587	Pollmounty Bridge	52.46778	-6.89917	P	PPL	IE
3302588	Drummin	52.47556	-6.91083	L	LCTY	IE
3302589	Kilconne	52.47722	-6.93167	L	LCTY	IE
3302590	Curraun	52.46361	-6.88056	L	LCTY	IE
3302591	Templeludigan	52.46556	-6.86806	L	LCTY	IE
3302592	Raheen	52.395	-6.7975	P	PPL	IE
3302593	Raheenaclonagh	52.38694	-6.79778	L	LCTY	IE
3302594	Courthoyle	52.38389	-6.80056	P	PPL	IE
3302595	Rochestown	52.39417	-6.77694	L	LCTY	IE
3302596	Ballinvegga	52.43556	-6.83611	L	LCTY	IE
3302597	Palace East	52.4275	-6.79333	L	LCTY	IE
3302598	Palace	52.41806	-6.81528	L	LCTY	IE
3302599	Forestwood	52.4375	-6.7875	L	LCTY	IE
3302600	Knockstown	52.44222	-6.77861	P	PPL	IE
3302601	Pollpensty	52.45444	-6.78722	L	LCTY	IE
3302602	Donard	52.44861	-6.8075	L	LCTY	IE
3302603	Ballygalvert	52.4575	-6.82639	L	LCTY	IE
3302604	Meelgarrow	52.45917	-6.79972	L	LCTY	IE
3302605	Rathphaulin	52.46611	-6.78472	L	LCTY	IE
3302606	Ballindoney	52.47556	-6.81944	L	LCTY	IE
3302608	Monamolin	52.49194	-6.82694	L	LCTY	IE
3302610	Crooked Bridge	52.50167	-6.78611	P	PPL	IE
3302611	Ballybaun	52.50778	-6.81861	L	LCTY	IE
3302614	Tomgarrow	52.38611	-6.74083	L	LCTY	IE
3302615	Barracks Village	52.38917	-6.72028	P	PPL	IE
3302616	Oldcourt	52.40222	-6.74694	L	LCTY	IE
3302618	Ballagh	52.40972	-6.76778	L	LCTY	IE
3302619	Coolnacon	52.42528	-6.74722	P	PPL	IE
3302620	Tomfarney	52.435	-6.73889	P	PPL	IE
3302621	Raheenduff	52.42167	-6.71611	L	LCTY	IE
3302622	Borsiloge Cross Roads	52.38806	-6.68806	P	PPL	IE
3302624	Newtown	52.4025	-6.69333	L	LCTY	IE
3302625	Coolnagree	52.39583	-6.67111	L	LCTY	IE
3302626	Galbally	52.40306	-6.64167	L	LCTY	IE
3302627	Spring Bridge	52.39694	-6.64056	P	PPL	IE
3302628	Tomfarney Upper	52.41083	-6.68389	L	LCTY	IE
3302629	Kellystown	52.41917	-6.69083	L	LCTY	IE
3302630	Raheen	52.43944	-6.67722	L	LCTY	IE
3302633	Ballyeden Bridge	52.44361	-6.67389	P	PPL	IE
3302634	Carrigunane	52.42333	-6.64611	L	LCTY	IE
3302635	Barinoney Cross Roads	52.37833	-6.6525	P	PPL	IE
3302636	Ballinclay	52.38167	-6.63472	L	LCTY	IE
3302637	Tourincarly	52.45417	-6.73472	L	LCTY	IE
3302638	Cloghbaun Bridge	52.46194	-6.71028	P	PPL	IE
3302639	Ballyboro	52.46833	-6.72556	L	LCTY	IE
3302640	Anghnagappall Bridge	52.47194	-6.70667	P	PPL	IE
3302641	Ballymackesy House	52.45861	-6.68278	P	PPL	IE
3302642	Moneytucker	52.47583	-6.68722	L	LCTY	IE
3302643	Courtnaenddy Cross Roads	52.48111	-6.68639	P	PPL	IE
3302644	Askintarney	52.47583	-6.7775	P	PPL	IE
3302646	Garraun	52.49806	-6.73583	L	LCTY	IE
3302647	River View	52.5025	-6.7525	L	LCTY	IE
3302648	Rathylane	52.49	-6.70722	L	LCTY	IE
3302649	Knockmore	52.50111	-6.71167	P	PPL	IE
3302650	Cloheden	52.49972	-6.685	P	PPL	IE
3302651	Templescoby	52.49861	-6.64972	L	LCTY	IE
3302652	The Leap	52.48694	-6.66111	P	PPL	IE
3302653	Aughnacrow Bridge	52.48806	-6.63944	P	PPL	IE
3302654	Davidstown	52.47806	-6.65361	L	LCTY	IE
3302655	Kereight	52.40694	-6.62361	L	LCTY	IE
3302656	Garranstackle	52.42028	-6.61861	L	LCTY	IE
3302657	Clonmore	52.43111	-6.62167	L	LCTY	IE
3302658	Ballybuckley	52.44556	-6.60139	L	LCTY	IE
3302659	Ballinvary	52.44944	-6.64028	L	LCTY	IE
3302661	Ballyeland	52.45833	-6.65	L	LCTY	IE
3302663	Garry Bridge	52.46694	-6.60833	P	PPL	IE
3302664	Ballynapierce Bridge	52.47194	-6.58806	P	PPL	IE
3302665	Ballygillistown	52.47639	-6.61806	P	PPL	IE
3302668	Dranagh Mountain	52.49278	-6.86861	T	MT	IE
3302669	Ballycrinnigan	52.50528	-6.87611	P	PPL	IE
3302672	Bahana Wood	52.50139	-6.93	V	FRST	IE
3302673	Marley	52.52583	-6.89861	L	LCTY	IE
3302674	Ballybeg	52.53083	-6.88222	L	LCTY	IE
3302675	Ballyglisheen	52.54778	-6.8675	L	LCTY	IE
3302676	Ballykeenan	52.55389	-6.90722	L	LCTY	IE
3302677	Carrigalachan	52.53036	-6.83812	T	MT	IE
3302678	Mullannagaun	52.55806	-6.85139	L	LCTY	IE
3302679	Coolnamara Cross Roads	52.55111	-6.9075	P	PPL	IE
3302680	Tinnacarrig	52.565	-6.88861	P	PPL	IE
3302682	Kyle Cross Roads	52.57833	-6.86889	P	PPL	IE
3302683	Walshstown	52.56417	-6.82444	P	PPL	IE
3302684	Coonogue	52.5775	-6.81583	L	LCTY	IE
3302686	Knockmore	52.59083	-6.84639	L	LCTY	IE
3302687	Lissalican	52.58917	-6.87778	P	PPL	IE
3302688	Kilcoltrim	52.58917	-6.89944	L	LCTY	IE
3302690	Carrigroe	52.51953	-6.83252	T	MT	IE
3302692	Grange Lower	52.51417	-6.76389	P	PPL	IE
3302694	Old Town	52.53124	-6.76442	P	PPL	IE
3302695	Askinvillar	52.55333	-6.78111	L	LCTY	IE
3302696	Ballining	52.5375	-6.72889	L	LCTY	IE
3302697	Aughathlappa	52.51917	-6.71472	L	LCTY	IE
3302698	Buck’s Bridge	52.54167	-6.71389	P	PPL	IE
3302699	Blackers Bridge	52.54889	-6.72278	P	PPL	IE
3302700	Mocurry Cross Roads	52.55639	-6.70667	P	PPL	IE
3302701	Mocurry Bridge	52.56194	-6.72333	P	PPL	IE
3302703	Curraghgraigue	52.54278	-6.68806	L	LCTY	IE
3302704	Doran’s Cross Roads	52.575	-6.72056	P	PPL	IE
3302705	Coolyearney	52.55889	-6.68667	L	LCTY	IE
3302706	Templeshanbo	52.57944	-6.705	L	LCTY	IE
3302707	Cullentragh	52.56389	-6.77972	L	LCTY	IE
3302708	Clovoge	52.58833	-6.75167	L	LCTY	IE
3302710	Ballylusk	52.585	-6.68972	L	LCTY	IE
3302712	Marley Bridge	52.53333	-6.62333	P	PPL	IE
3302713	Woodlands	52.54222	-6.65611	L	LCTY	IE
3302714	Clonjordan	52.55778	-6.63917	L	LCTY	IE
3302715	Ballynakill	52.565	-6.62611	L	LCTY	IE
3302717	Marshalstown	52.55083	-6.58944	L	LCTY	IE
3302718	Coolnahorna	52.54611	-6.55472	P	PPL	IE
3302720	Kiltrea Bridge	52.51222	-6.64167	P	PPL	IE
3302724	Bola Beg	52.58694	-6.67028	L	LCTY	IE
3302725	Tombrick Wood	52.60056	-6.60417	V	FRST	IE
3302726	Ballynelahillan	52.59917	-6.65028	L	LCTY	IE
3302728	Gorteen	52.5975	-6.67528	L	LCTY	IE
3302729	Boladurragh	52.59611	-6.71389	L	LCTY	IE
3302730	Rossard	52.60611	-6.70278	L	LCTY	IE
3302731	Kyle	52.615	-6.70056	L	LCTY	IE
3302732	Ballyeryslat	52.605	-6.745	L	LCTY	IE
3302735	Blackstair’s Mountain	52.5875	-6.77472	T	MT	IE
3302736	Crannagh	52.60972	-6.81611	L	LCTY	IE
3302747	Newtown	52.59972	-6.88639	L	LCTY	IE
3302813	Tomduff	52.61889	-6.85028	L	LCTY	IE
3302814	Ballynasillage	52.6175	-6.9075	L	LCTY	IE
3302815	Cashel	52.62111	-6.8725	L	LCTY	IE
3302816	Knocksquire	52.62444	-6.86528	P	PPL	IE
3302817	Dunroe	52.63194	-6.88806	L	LCTY	IE
3302818	Tomduff Hill	52.62833	-6.82833	T	MT	IE
3302819	Killoughternane	52.63639	-6.87472	L	LCTY	IE
3302820	Knockullard	52.64306	-6.89778	L	LCTY	IE
3302821	Slievebawn	52.63893	-6.80958	T	MT	IE
3302822	Knockendrane	52.64694	-6.83083	L	LCTY	IE
3302823	Rathnageeragh	52.65139	-6.81889	L	LCTY	IE
3302824	Ballyellin Cross Roads	52.62972	-6.98194	P	PPL	IE
3302830	Corries Cross Roads	52.65778	-6.89972	P	PPL	IE
3302839	Flander’s Cross Roads	52.655	-6.86361	P	PPL	IE
3302840	Drumfea	52.65944	-6.8525	L	LCTY	IE
3302841	Aghabeg	52.66417	-6.88417	L	LCTY	IE
3302849	Burren Bridge	52.65722	-6.78889	P	PPL	IE
3302851	Knockdramagh Bridge	52.66722	-6.81222	P	PPL	IE
3302853	Croaghaun	52.66361	-6.76722	T	MT	IE
3302855	Lorum	52.66611	-6.93694	L	LCTY	IE
3302858	Donore	52.68611	-6.94083	L	LCTY	IE
3302859	Ballynakill	52.68028	-6.85333	P	PPL	IE
3302865	Knockclonagad	52.66639	-6.87167	L	LCTY	IE
3302867	Milltown	52.66972	-6.84417	L	LCTY	IE
3302871	Sheean	52.67889	-6.83222	P	PPL	IE
3302872	Straduff	52.68472	-6.82222	L	LCTY	IE
3302876	Cranemore	52.67194	-6.73389	P	PPL	IE
3302877	Kilbrannish Hill	52.66139	-6.74972	T	MT	IE
3302884	Craan	52.63361	-6.7325	L	LCTY	IE
3302885	Killanure	52.63417	-6.70417	L	LCTY	IE
3302886	Glasacken	52.63028	-6.67417	P	PPL	IE
3302887	Ballyprecas	52.63694	-6.66083	L	LCTY	IE
3302888	Kilmyshall	52.62592	-6.65269	P	PPL	IE
3302889	Ballyphilip	52.61861	-6.65417	L	LCTY	IE
3302890	Coolattin	52.61833	-6.62278	L	LCTY	IE
3302894	Johnstown	52.68651	-6.63493	L	LCTY	IE
3302940	Reddy’s Cross Roads	52.70917	-7.02194	P	PPL	IE
3302941	Fenniscourt	52.67889	-6.98694	L	LCTY	IE
3302942	Closutton	52.71556	-7.00028	L	LCTY	IE
3302944	Bannagagole	52.72194	-7.02778	L	LCTY	IE
3302947	Lackan	52.71889	-7.05111	T	MT	IE
3302948	Tomnasock	52.72556	-7.04472	P	PPL	IE
3302949	Farranatreney	52.72694	-6.98306	P	PPL	IE
3302951	Baunreagh	52.72833	-7.08417	T	MT	IE
3302952	Knocknabranagh	52.74611	-7.08556	T	MT	IE
3302968	Ridge	52.75694	-7.07	L	LCTY	IE
3302969	Raheen	52.74	-7.05972	L	LCTY	IE
3302970	Parknakyle	52.74722	-7.04556	L	LCTY	IE
3302971	Johnduffswood	52.75056	-7.03417	L	LCTY	IE
3302972	Seskin Upper	52.76222	-7.03444	L	LCTY	IE
3302973	Cranaronane	52.77194	-7.02333	L	LCTY	IE
3302974	Seskin Lower	52.74722	-7.00722	L	LCTY	IE
3302975	The Butts	52.77111	-7.075	L	LCTY	IE
3302976	Rathvinden	52.74028	-6.9975	L	LCTY	IE
3302978	Rathernan Bridge	52.75639	-6.97278	P	PPL	IE
3302979	Black Bridge	52.77694	-7.08333	P	PPL	IE
3302981	Agharue	52.77833	-7.06444	L	LCTY	IE
3302982	Tomara	52.78417	-7.02028	L	LCTY	IE
3302983	Cramlusky	52.78611	-7.00833	L	LCTY	IE
3302984	Boolyvannanan	52.79	-7.05639	L	LCTY	IE
3302987	Ballinabranagh	52.78611	-6.98333	P	PPL	IE
3302989	Baunrce Wood	52.76889	-6.96222	V	FRST	IE
3302990	Orchard Bridge	52.75528	-6.95639	P	PPL	IE
3302991	Powerstown	52.76028	-6.95139	L	LCTY	IE
3302994	The Harrow	52.74639	-6.935	P	PPL	IE
3302995	Rathellin	52.72917	-6.95806	L	LCTY	IE
3302996	Philip Street	52.69306	-6.95694	P	PPL	IE
3302998	Swinn Cross Roads	52.695	-6.89417	P	PPL	IE
3302999	Ballaghaderren	52.69528	-6.86917	P	PPL	IE
3303001	Eastwood	52.69944	-6.97389	L	LCTY	IE
3303003	Rathedan Cross Roads	52.72167	-6.92194	P	PPL	IE
3303004	Kildreenagh	52.71389	-6.89694	L	LCTY	IE
3303098	Ullard Bridge	52.71111	-6.82611	P	PPL	IE
3303099	Tailor’s Cross Roads	52.70583	-6.80778	P	PPL	IE
3303100	Kilconner	52.71889	-6.83167	L	LCTY	IE
3303102	Shangarry Cross Roads	52.69611	-6.79194	P	PPL	IE
3303103	Ballaghmore Cross Roads	52.71	-6.79167	P	PPL	IE
3303104	Cappagh House	52.71972	-6.77333	P	PPL	IE
3303105	Cappagh Cross Roads	52.72361	-6.77	P	PPL	IE
3303106	Newtown	52.72083	-6.87583	L	LCTY	IE
3303107	Hooper’s Cross Roads	52.73306	-6.90194	P	PPL	IE
3303108	Newtown	52.73611	-6.88861	L	LCTY	IE
3303110	Clonegah	52.72694	-6.86389	L	LCTY	IE
3303111	Ballybrommell	52.73861	-6.875	L	LCTY	IE
3303112	Cloneen Bridge	52.74361	-6.87806	P	PPL	IE
3303113	Ballytarsha Cross Roads	52.74917	-6.87472	P	PPL	IE
3303116	Ballyrvan	52.76056	-6.90694	P	PPL	IE
3303117	Fighting Cooks Cross Roads	52.75917	-6.85	P	PPL	IE
3303118	Tomard	52.76639	-6.97222	L	LCTY	IE
3303119	Cloghrustick	52.77167	-6.95778	L	LCTY	IE
3303121	Ballybannon	52.78389	-6.96111	L	LCTY	IE
3303123	Raheendoran	52.79306	-6.97528	L	LCTY	IE
3303124	Cloghna	52.79694	-6.94528	L	LCTY	IE
3303163	Moanmore	52.73528	-6.83389	L	LCTY	IE
3303165	Killan Bridge	52.73083	-6.81167	P	PPL	IE
3303166	Raheenkillane	52.72778	-6.81528	L	LCTY	IE
3303167	Ballyveal	52.74889	-6.81139	L	LCTY	IE
3303227	Graiguenaspiddoge	52.77361	-6.85361	L	LCTY	IE
3303233	Bagenal’s Arms Cross Roads	52.80333	-6.88667	L	LCTY	IE
3303238	Ballycarney	52.80722	-6.93556	L	LCTY	IE
3303239	Quinagh	52.81528	-6.93556	L	LCTY	IE
3303240	Erindale	52.81833	-6.94194	L	LCTY	IE
3303241	Ballinacarrig	52.81722	-6.91861	L	LCTY	IE
3303242	Ballinacarrig Bridge	52.82306	-6.91861	L	LCTY	IE
3303253	Moanamanagh	52.81806	-6.83556	L	LCTY	IE
3303254	Knockbrack	52.695	-6.7575	T	MT	IE
3303257	Sherwood	52.70444	-6.72278	L	LCTY	IE
3303258	Raheenbawn	52.69333	-6.71639	L	LCTY	IE
3303259	Milltown Cross Roads	52.71417	-6.74111	P	PPL	IE
3303285	Closh Cross Roads	52.73444	-6.74417	P	PPL	IE
3303289	Larchville Commons	52.73944	-6.73472	L	LCTY	IE
3303291	Cunaberry	52.74944	-6.75778	P	PPL	IE
3303292	Bang Up Corner	52.75611	-6.7425	L	LCTY	IE
3303294	Ballinadrum	52.75194	-6.7825	L	LCTY	IE
3303295	The Grove	52.76333	-6.78056	P	PPLL	IE
3303297	Aghade	52.76639	-6.75722	L	LCTY	IE
3303298	Ratheeragh	52.76833	-6.7275	L	LCTY	IE
3303299	Aghade Bridge	52.7575	-6.72556	P	PPL	IE
3303300	Ardattin	52.7525	-6.70389	P	PPL	IE
3303302	Carrickslaney	52.74583	-6.72917	L	LCTY	IE
3303306	Coolroe	52.73194	-6.67306	L	LCTY	IE
3303309	Kilcurry Bridge	52.70583	-6.68028	P	PPL	IE
3303596	Kilcarry	52.69972	-6.66861	P	PPL	IE
3303597	Clongarran	52.70889	-6.66028	L	LCTY	IE
3303600	Monaughrun Cross Roads	52.72639	-6.6625	P	PPL	IE
3303603	Moylisha	52.74333	-6.62833	L	LCTY	IE
3303609	Ashlane Cross Roads	52.83944	-6.85972	P	PPL	IE
3303613	Ballylennon Cross Roads	52.85222	-6.87444	P	PPL	IE
3303615	Pollerton	52.84667	-6.90694	L	LCTY	IE
3303616	Chapelstown	52.83361	-6.90167	L	LCTY	IE
3303619	Russellstown	52.85583	-6.86306	L	LCTY	IE
3303632	Knocknagee Cross Roads	52.86833	-6.88722	P	PPL	IE
3303634	Aghanure	52.87528	-6.92972	P	PPL	IE
3303636	Gotham Bridge	52.88444	-6.92139	P	PPL	IE
3303637	Dunmanoge	52.89083	-6.91972	P	PPL	IE
3303638	Newtown Bridge	52.89556	-6.92306	P	PPL	IE
3303642	Newtownallen	52.88639	-6.90722	L	LCTY	IE
3303643	Ballaghmoon	52.875	-6.90139	L	LCTY	IE
3303645	Johnstown South	52.89583	-6.88167	P	PPL	IE
3303649	Gorteen Bridge	52.87917	-6.87333	P	PPL	IE
3303652	Parsonsbridge	52.88333	-6.87722	L	LCTY	IE
3303656	Ballyburn	52.88306	-6.84944	L	LCTY	IE
3303659	Ballyhade	52.8725	-6.85083	L	LCTY	IE
3303660	Knocknacree Cross Roads	52.87917	-6.81556	P	PPL	IE
3303661	Knockbane	52.86944	-6.8675	P	PPL	IE
3303662	Bigbog	52.89472	-6.82778	L	LCTY	IE
3303665	Newtown	52.87833	-6.79972	L	LCTY	IE
3303669	Knockshannagh	52.88556	-6.78667	L	LCTY	IE
3303673	Kineagh	52.87111	-6.78417	L	LCTY	IE
3303674	Ballyhacket	52.86389	-6.75278	P	PPL	IE
3303675	Ballyhacket Cross Roads	52.85528	-6.74139	P	PPL	IE
3303744	Straboe	52.85528	-6.79028	L	LCTY	IE
3303746	Kilcrrig Cross Roads	52.8425	-6.78778	P	PPL	IE
3303747	Friarstown Bridge	52.83889	-6.80556	P	PPL	IE
3303748	Rathmore	52.86278	-6.735	L	LCTY	IE
3303751	Raheenadav	52.86639	-6.72917	L	LCTY	IE
3303754	Beechy Park	52.88667	-6.7325	L	PRK	IE
3303756	Cuckoo Corner	52.88611	-6.71472	L	LCTY	IE
3303757	Moatabower Bridge	52.84278	-6.76389	P	PPL	IE
3303758	Tuckamine	52.8475	-6.74	L	LCTY	IE
3303763	Ballybit Cross Roads	52.84833	-6.70944	P	PPL	IE
3303765	Ballyoliver	52.86778	-6.70056	P	PPL	IE
3303774	Knocklishen Beg	52.88944	-6.6475	L	LCTY	IE
3303777	Coole	52.86917	-6.66111	L	LCTY	IE
3303779	Barnhill	52.87944	-6.63194	L	LCTY	IE
3303780	Knocklishen More	52.87306	-6.63583	L	LCTY	IE
3303782	Williamstown	52.8625	-6.65889	L	LCTY	IE
3303829	Saulsford Bridge	52.86361	-6.59611	P	PPL	IE
3303831	Brownbog	52.87388	-6.58431	L	LCTY	IE
3303832	Raheen	52.84611	-6.62944	L	LCTY	IE
3303835	Haroldstown	52.84667	-6.65833	L	LCTY	IE
3303836	Aeaun Bridge	52.84333	-6.66333	P	PPL	IE
3303839	Ballyduff	52.83417	-6.61806	L	LCTY	IE
3303840	Vermount	52.8438	-6.58288	L	LCTY	IE
3303849	Duffery	52.84497	-6.59897	L	LCTY	IE
3303851	Tombeagh	52.87085	-6.61195	L	LCTY	IE
3303854	Tiknock	52.89102	-6.62049	P	PPL	IE
3303858	Baunogephlure	52.83278	-6.80361	L	LCTY	IE
3303884	Rathtoe	52.78528	-6.79444	P	PPL	IE
3303886	Rathnashannagh	52.80306	-6.79611	L	LCTY	IE
3303887	Cannonsquarter	52.81333	-6.775	L	LCTY	IE
3303888	Grangeford	52.81528	-6.80639	P	PPL	IE
3303889	Roscat	52.78917	-6.77306	L	LCTY	IE
3303891	Rathbaun	52.81917	-6.78278	P	PPL	IE
3303902	Tullowphelim	52.81139	-6.74417	L	LCTY	IE
3303910	Rathlyon	52.82528	-6.71278	P	PPL	IE
3303927	Tankardstown Cross Roads	52.82444	-6.68861	P	PPL	IE
3303929	Rathglass Bridge	52.77556	-6.70861	P	PPL	IE
3303932	Money Bridge	52.7775	-6.65	P	PPL	IE
3303935	Darcy’s Cross Roads	52.79566	-6.63675	P	PPL	IE
3303936	Knockloe Bridge	52.80333	-6.70056	P	PPL	IE
3303939	Tulloweldy	52.78083	-6.67167	L	LCTY	IE
3303940	Killinure Bridge	52.77583	-6.6275	P	PPL	IE
3304019	Crab Lane Cross Roads	52.7725	-6.61306	P	PPL	IE
3304022	Aghow	52.75917	-6.61472	P	PPL	IE
3304024	Knockeen	52.80944	-6.65972	L	LCTY	IE
3304025	Aghinree Bridge	52.82778	-6.64639	P	PPL	IE
3304026	Ballyconnell	52.8105	-6.62945	L	LCTY	IE
3304027	Lumecloon	52.79583	-6.61222	L	LCTY	IE
3304031	Ballynakill	52.8225	-6.62333	L	LCTY	IE
3304034	Knockballystine Cross Roads	52.82944	-6.64222	P	PPL	IE
3304040	Gibbet Hill	52.6752	-6.60217	T	MT	IE
3304046	Graigue More	52.665	-6.59417	P	PPL	IE
3304047	Pullinstown Big	52.5325	-6.60778	L	LCTY	IE
3304049	Lambstown	52.38139	-6.60861	P	PPL	IE
3304050	Corlican	52.39194	-6.59889	L	LCTY	IE
3304051	Ballyhoge	52.41446	-6.57502	P	PPL	IE
3304052	Tinnakilla	52.40222	-6.58444	L	LCTY	IE
3304055	The Deeps	52.38083	-6.56139	P	PPLL	IE
3304056	Bellevue	52.40972	-6.56667	L	LCTY	IE
3304057	Kings Island	52.43167	-6.56139	T	ISL	IE
3304058	Tincoon	52.43111	-6.54833	L	LCTY	IE
3304071	Kyle Cross Roads	52.38444	-6.52056	P	PPL	IE
3304073	Kereight	52.3775	-6.53056	L	LCTY	IE
3304077	Ballynaslaney	52.41056	-6.52278	L	LCTY	IE
3304079	Coolnaboy	52.4325	-6.52611	L	LCTY	IE
3304080	Garrycleary	52.395	-6.51361	L	LCTY	IE
3304084	Monmore	52.40306	-6.50528	L	LCTY	IE
3304086	Crory	52.39917	-6.49583	L	LCTY	IE
3304087	Larken	52.40889	-6.48444	L	LCTY	IE
3304094	Coolaknick	52.44278	-6.52361	L	LCTY	IE
3304097	Ballyrannel	52.45528	-6.5125	P	PPL	IE
3304100	Craunroe	52.4575	-6.54889	L	LCTY	IE
3304105	Ballybanoge	52.46583	-6.54528	L	LCTY	IE
3304106	Dunanore	52.46528	-6.585	L	LCTY	IE
3304109	Moufin	52.47583	-6.58083	L	LCTY	IE
3304111	Mye Cross Roads	52.47167	-6.5125	P	PPL	IE
3304113	Ballycourry	52.47861	-6.52833	L	LCTY	IE
3304114	Cretoge	52.47972	-6.54889	L	LCTY	IE
3304115	Knockinarshat Cross Roads	52.49083	-6.58139	P	PPL	IE
3304119	Cherryorchard Bridge	52.50694	-6.58472	P	PPL	IE
3304121	Milehouse	52.51694	-6.59306	P	PPL	IE
3304122	Killagoley	52.49333	-6.55917	L	LCTY	IE
3304125	Cooladine	52.4925	-6.52361	L	LCTY	IE
3304126	Cooladine Cross Roads	52.49167	-6.50111	P	PPL	IE
3304127	Clonhasten Cross Roads	52.50278	-6.52778	P	PPL	IE
3304130	Ballyhoggan	52.39	-6.45889	L	LCTY	IE
3304131	Ardcolm	52.37472	-6.44444	L	LCTY	IE
3304132	Galbally	52.38694	-6.43306	L	LCTY	IE
3304133	Garrygibbon	52.37667	-6.40861	L	LCTY	IE
3304134	Ballinamorragh	52.38222	-6.40917	L	LCTY	IE
3304135	Ballina	52.39028	-6.41583	L	LCTY	IE
3304136	Ballymartin Cross Roads	52.39306	-6.43333	P	PPL	IE
3304137	Ballyhow Middle	52.40083	-6.42639	L	LCTY	IE
3304138	Glenbough	52.40444	-6.39917	P	PPL	IE
3304143	Coolrainey	52.3875	-6.36833	P	PPL	IE
3304144	Curracloe	52.39306	-6.37639	L	LCTY	IE
3304146	Doo Lough	52.40722	-6.36083	H	LK	IE
3304149	Ballyvallooo	52.41667	-6.37667	P	PPL	IE
3304150	Ballina	52.42389	-6.37222	L	LCTY	IE
3304151	Turkyle	52.42528	-6.44611	P	PPL	IE
3304153	Mullanagower	52.40472	-6.47389	L	LCTY	IE
3304155	Ballinesker	52.40361	-6.35722	L	LCTY	IE
3304157	Cooneys Cross Roads	52.43139	-6.41556	P	PPL	IE
3304158	Kilmallock	52.43306	-6.47639	L	LCTY	IE
3304159	Garryvadden	52.43167	-6.36806	L	LCTY	IE
3304161	Ballynaclash	52.42861	-6.33528	L	LCTY	IE
3304162	Crosslaghroe Cross Roads	52.44	-6.3525	P	PPL	IE
3304164	Ballyroe	52.43528	-6.39167	P	PPL	IE
3304165	Inch	52.43639	-6.34667	L	LCTY	IE
3304167	Ballybaun	52.44139	-6.42306	P	PPL	IE
3304169	Garryntaulagh	52.43944	-6.43778	L	LCTY	IE
3304170	Curelogh	52.4475	-6.42833	L	LCTY	IE
3304171	Ballynamona	52.45833	-6.42056	L	LCTY	IE
3304172	Knocknovey	52.46056	-6.43806	L	LCTY	IE
3304173	Ballina	52.44972	-6.44861	L	LCTY	IE
3304175	Ballykelly	52.44889	-6.47278	L	LCTY	IE
3304176	Ballylucas	52.43694	-6.46528	P	PPL	IE
3304178	Ballynastraw	52.46444	-6.49278	L	LCTY	IE
3304180	Oulartleigh	52.4725	-6.47472	L	LCTY	IE
3304251	Kilpierce	52.49833	-6.49083	P	PPL	IE
3304252	Granias Cross Roads	52.49139	-6.43528	P	PPL	IE
3304253	Derry	52.50028	-6.45694	L	LCTY	IE
3304254	Glennagark	52.4975	-6.4325	L	LCTY	IE
3304256	Bolaboy	52.49139	-6.41611	L	LCTY	IE
3304258	Ballyconnigar Upper	52.44694	-6.31917	L	LCTY	IE
3304261	Knocknasilloge	52.45694	-6.31806	L	LCTY	IE
3304262	Ballycodrane	52.47028	-6.335	L	LCTY	IE
3304263	Ballynellard	52.46833	-6.35361	L	LCTY	IE
3304265	Ballingowan	52.48139	-6.35472	L	LCTY	IE
3304266	Kilnew	52.48611	-6.31778	L	LCTY	IE
3304267	Killincooly	52.49028	-6.29722	L	LCTY	IE
3304268	Ballynamona	52.47417	-6.285	L	LCTY	IE
3304269	Taberlomina Cross Roads	52.48639	-6.33694	P	PPL	IE
3304270	Courtclogh	52.47778	-6.395	L	LCTY	IE
3304271	Castleellis	52.46974	-6.40069	P	PPL	IE
3304272	Garrymore	52.49056	-6.38722	L	LCTY	IE
3304273	Ballytarsna Cross Roads	52.49639	-6.36556	P	PPL	IE
3304276	Ballyadam	52.49889	-6.31389	L	LCTY	IE
3304277	Killagawan	52.50139	-6.35694	L	LCTY	IE
3304280	Kilcannon	52.52306	-6.55	L	LCTY	IE
3304281	Clolourish	52.515	-6.50889	L	LCTY	IE
3304282	Corbally	52.50667	-6.50111	L	LCTY	IE
3304287	Ballyovril	52.53444	-6.57778	L	LCTY	IE
3304288	Bunn Bridge	52.54639	-6.54028	P	PPL	IE
3304291	Crane	52.53417	-6.51472	L	LCTY	IE
3304294	Tinnacross Cross Roads	52.54472	-6.4775	P	PPL	IE
3304295	Ballysinon	52.52528	-6.48028	P	PPL	IE
3304296	Grange	52.53778	-6.45694	P	PPL	IE
3304297	Monagear	52.53083	-6.47333	L	LCTY	IE
3304299	Scarawalsh Bridge	52.54889	-6.5475	P	PPL	IE
3304305	Clondaw	52.525	-6.45083	L	LCTY	IE
3304307	Ballincash	52.51778	-6.44333	L	LCTY	IE
3304308	Oulartwick	52.51417	-6.45944	L	LCTY	IE
3304311	Kilcormick	52.5325	-6.43472	L	LCTY	IE
3304312	Garrybrit	52.53778	-6.4325	P	PPL	IE
3304313	Ballinroad	52.51789	-6.40619	P	PPL	IE
3304314	Raheenduff Cross Roads	52.51972	-6.3825	P	PPL	IE
3304317	Ballyorley	52.54139	-6.4225	L	LCTY	IE
3304359	Glenranny	52.535	-6.37556	P	PPL	IE
3304360	Kilnamanagh	52.52083	-6.37333	L	LCTY	IE
3304361	Ballynahown	52.51472	-6.35861	L	LCTY	IE
3304362	Ballyhabbock	52.51139	-6.33361	L	LCTY	IE
3304363	Ballinlow	52.51083	-6.30083	L	LCTY	IE
3304365	Ballygortin	52.52833	-6.30944	P	PPL	IE
3304366	Crandaniel	52.53694	-6.30167	L	LCTY	IE
3304367	Ballyedmond	52.55321	-6.34086	P	PPL	IE
3304371	Coolroe	52.52583	-6.27028	P	PPL	IE
3304373	Clone West	52.54306	-6.36917	L	LCTY	IE
3304374	Raheenlusk	52.53861	-6.275	L	LCTY	IE
3304375	Tinnacree	52.52111	-6.24861	L	LCTY	IE
3304376	Ballinoulart	52.52806	-6.25222	L	LCTY	IE
3304377	Ballylurkin	52.50611	-6.26306	L	LCTY	IE
3304378	Greenhall	52.5425	-6.30972	L	LCTY	IE
3304384	Old Bawn	52.55556	-6.21472	L	LCTY	IE
3304387	Curratubbin Cross Roads	52.57556	-6.31167	P	PPL	IE
3304388	Ballyoughna Cross Roads	52.56889	-6.27222	P	PPL	IE
3304389	Ballinagam Cross Roads	52.58361	-6.22694	P	PPL	IE
3304390	The Little Crosses	52.58556	-6.24444	P	PPL	IE
3304391	Ballinadrummin	52.58556	-6.30139	L	LCTY	IE
3304392	Parknashoge	52.57639	-6.26222	L	LCTY	IE
3304394	Annagh	52.57111	-6.29583	L	LCTY	IE
3304395	Clone Cross Roads	52.55111	-6.37333	P	PPL	IE
3304396	Buffer’s Alley Cross Roads	52.56167	-6.37306	P	PPL	IE
3304397	Tomnaboley	52.55111	-6.4075	L	LCTY	IE
3304399	Monagreany	52.56194	-6.39944	L	LCTY	IE
3304400	Mounthoward Cross Roads	52.57611	-6.36583	P	PPL	IE
3304401	Kilcorkey	52.58139	-6.34139	L	LCTY	IE
3304402	Boldereen Cross Roads	52.58083	-6.40583	P	PPL	IE
3304403	Myaugh	52.55583	-6.47583	P	PPL	IE
3304404	Glen Village	52.56444	-6.47028	P	PPL	IE
3304405	Barrack Village	52.56833	-6.47972	P	PPL	IE
3304406	Clone	52.56361	-6.51194	L	LCTY	IE
3304407	Coolatore	52.57694	-6.46417	L	LCTY	IE
3304408	Ballyhaddock	52.58139	-6.45722	L	LCTY	IE
3304409	Kilcasey	52.58611	-6.43222	L	LCTY	IE
3304410	Dornan’s Bridge	52.57722	-6.48972	P	PPL	IE
3304412	Ballylough	52.56444	-6.5425	L	LCTY	IE
3304413	Tinkerstown Cross Roads	52.58667	-6.54444	L	LCTY	IE
3304415	Ballyduff	52.59139	-6.6025	L	LCTY	IE
3304416	Corah	52.59056	-6.55611	P	PPL	IE
3304498	Curraduff Cross Roads	52.63167	-6.55139	P	PPL	IE
3304499	Ballyandrew Cross Roads	52.62556	-6.52222	P	PPL	IE
3304500	Kilthomas Cross Roads	52.6175	-6.49556	P	PPL	IE
3304502	Kiltown	52.60194	-6.5075	L	LCTY	IE
3304504	Broadford Bridge	52.59861	-6.46583	P	PPL	IE
3304505	Saint Edans	52.59278	-6.48472	L	LCTY	IE
3304506	Graun	52.59972	-6.525	P	PPL	IE
3304507	Moneydurtlow	52.61417	-6.5425	L	LCTY	IE
3304509	Oldtown Cross Roads	52.64111	-6.53306	P	PPL	IE
3304510	Bull Ring	52.63472	-6.49861	P	PPL	IE
3304511	Bull Ring Cross Roads	52.6375	-6.50167	P	PPL	IE
3304514	Kilrush	52.64278	-6.58583	L	LCTY	IE
3304515	Ballyroebuck	52.65083	-6.57528	L	LCTY	IE
3304516	Askinamoe	52.60972	-6.51583	L	LCTY	IE
3304577	Aiden’s Cross Roads	52.65556	-6.55694	P	PPL	IE
3304579	Ballyduff	52.63556	-6.485	L	LCTY	IE
3304582	Boley Cross Roads	52.65667	-6.42389	P	PPL	IE
3304583	White Wood	52.63278	-6.45806	V	FRST	IE
3304585	Ballinamona	52.64167	-6.38806	L	LCTY	IE
3304598	Coolnaleen	52.65167	-6.45528	L	LCTY	IE
3304601	Kilcloran	52.61778	-6.45639	L	LCTY	IE
3304602	Bolinaspick	52.61472	-6.46056	P	PPL	IE
3304603	Monasootagh	52.65806	-6.47306	L	LCTY	IE
3304607	Bolinahaney	52.66833	-6.58222	L	LCTY	IE
3304608	Knocknalour Cross Roads	52.67361	-6.545	P	PPL	IE
3304609	Bolinrush	52.66639	-6.5325	L	LCTY	IE
3304610	Strahart	52.61361	-6.58528	L	LCTY	IE
3304612	Ballytarsna Cross Roads	52.66861	-6.49778	P	PPL	IE
3304614	Raheen	52.66417	-6.44972	L	LCTY	IE
3304616	Slievegower	52.67222	-6.44889	T	MT	IE
3304618	Shrule	52.67722	-6.4425	L	LCTY	IE
3304619	Carrigbeg	52.66778	-6.43389	P	PPLL	IE
3304621	Island Bridge	52.65944	-6.38139	P	PPL	IE
3304624	Ballinacoola	52.68234	-6.3749	L	LCTY	IE
3304625	Clologe	52.59889	-6.43583	L	LCTY	IE
3304629	Killowen	52.66278	-6.35694	L	LCTY	IE
3304670	Ballytin	52.59194	-6.35111	L	LCTY	IE
3304673	Coolook Beg	52.60278	-6.28778	L	LCTY	IE
3304674	Ballywalter	52.6125	-6.285	L	LCTY	IE
3304675	Ashton	52.62389	-6.29444	L	LCTY	IE
3304694	Pollshane Cross Roads	52.60972	-6.23222	P	PPL	IE
3304695	Askingarran	52.60333	-6.22833	L	LCTY	IE
3304702	Pollshone Head	52.61667	-6.21694	T	CAPE	IE
3304704	Boleany Cross Roads	52.6375	-6.26194	P	PPL	IE
3304711	Ballycomclone	52.67028	-6.24278	L	LCTY	IE
3304781	Ballymoney	52.6725	-6.21886	P	PPL	IE
3304782	Kildermot Cross Roads	52.69192	-6.2147	P	PPL	IE
3304783	Kilmurry Cross Roads	52.68762	-6.25911	P	PPL	IE
3304784	Ballinglin	52.69881	-6.23872	L	LCTY	IE
3304785	Cronellard	52.70139	-6.19917	L	LCTY	IE
3304786	Ballywilliam	52.71325	-6.23834	L	LCTY	IE
3304787	Tomnahealy	52.71528	-6.21528	L	LCTY	IE
3304788	Ballylacy	52.72317	-6.22635	L	LCTY	IE
3304789	Cronecribbin	52.72583	-6.22861	L	LCTY	IE
3304792	Clonough Bridge	52.73833	-6.20556	P	PPL	IE
3304793	Monagarrow	52.73444	-6.19972	L	LCTY	IE
3304794	Cloneranny	52.72722	-6.17056	L	LCTY	IE
3304795	Clones	52.71806	-6.16889	L	LCTY	IE
3304799	Saint Walerans	52.68639	-6.28278	L	LCTY	IE
3304800	Creagh	52.68139	-6.32528	L	LCTY	IE
3304801	Ballygarrett	52.68444	-6.34694	L	LCTY	IE
3304802	Ballingarry House	52.68694	-6.32167	L	LCTY	IE
3304803	Killynann	52.70202	-6.30494	L	LCTY	IE
3304804	Clonsilla	52.70694	-6.28806	L	LCTY	IE
3304805	Mount Saint Benedict	52.70333	-6.36056	T	MT	IE
3304806	Lyrane	52.70432	-6.38092	L	LCTY	IE
3304807	Craan	52.69444	-6.38917	L	LCTY	IE
3304808	Keys Cross Roads	52.68611	-6.375	P	PPL	IE
3304809	Craanhill	52.70583	-6.3975	L	LCTY	IE
3304810	Mountneha Wood	52.70986	-6.37328	V	FRST	IE
3304811	Ballylusk	52.72778	-6.38528	L	LCTY	IE
3304812	Blackwater Bridge	52.72194	-6.34944	P	PPL	IE
3304813	Bannview	52.72722	-6.33222	L	LCTY	IE
3304814	Annagh	52.73667	-6.35417	L	LCTY	IE
3304816	Killimerin	52.73167	-6.28222	L	LCTY	IE
3304818	Lackan	52.71111	-6.31583	L	LCTY	IE
3304819	Connahill	52.74083	-6.38861	L	LCTY	IE
3304820	Monbay	52.68333	-6.42333	L	LCTY	IE
3304822	Ballyconran	52.69751	-6.42382	L	LCTY	IE
3304823	Castlewhite	52.69778	-6.45639	L	LCTY	IE
3304824	Brideswell	52.68667	-6.44611	L	LCTY	IE
3304825	Clonamona Upper	52.69375	-6.4143	L	LCTY	IE
3304838	Raheenakit	52.74917	-6.59	L	LCTY	IE
3304841	New Bridge	52.74083	-6.60028	P	PPL	IE
3304844	Tombard	52.60833	-6.60167	L	LCTY	IE
3304845	Glennashouk	52.70694	-6.58944	L	LCTY	IE
3304846	Ballingate	52.70889	-6.55111	L	LCTY	IE
3304847	Ballingate Bridge	52.71667	-6.55167	P	PPL	IE
3304848	Rose Ville	52.72299	-6.5457	L	LCTY	IE
3304849	Beech Mount	52.71278	-6.51778	L	LCTY	IE
3304852	Curragh	52.73694	-6.56833	L	LCTY	IE
3304853	Ballard Cross Roads	52.74472	-6.56306	P	PPL	IE
3304854	Tomacork	52.72639	-6.50722	L	LCTY	IE
3304855	Mine Bridge	52.69021	-6.49439	P	PPL	IE
3304856	Ballyellis Cross Roads	52.71111	-6.47028	P	PPL	IE
3304858	Kennystown	52.73056	-6.45287	L	LCTY	IE
3304863	Ballyfarrell	52.71722	-6.43056	L	LCTY	IE
3304866	Cummer	52.73528	-6.41528	L	LCTY	IE
3304867	Kiltillahan	52.68306	-6.49028	L	LCTY	IE
3304868	Toberpatrick	52.72389	-6.15639	P	PPL	IE
3304869	Coolroe	52.75596	-6.18091	L	LCTY	IE
3304870	Scarnagh Cross Roads	52.75594	-6.2098	P	PPL	IE
3304871	Ballylarkin Bridge	52.74889	-6.21222	P	PPL	IE
3304876	Clogga	52.75583	-6.14722	P	PPL	IE
3304878	Bounds Bridge	52.76853	-6.1903	P	PPL	IE
3304879	Monale	52.76833	-6.3275	P	PPL	IE
3304880	Croghan Bridge	52.77086	-6.30755	P	PPL	IE
3304881	Mullaun	52.75912	-6.28624	L	LCTY	IE
3304882	Tinnabaun	52.76239	-6.31801	T	MT	IE
3304883	Pallis	52.74722	-6.32861	L	LCTY	IE
3304885	Clonroe Cross Roads	52.75667	-6.35389	P	PPL	IE
3304888	Hillbrook	52.74722	-6.45528	L	LCTY	IE
3304889	Drimingall Wood	52.75305	-6.4775	V	FRST	IE
3304892	Coolattin Park	52.7532	-6.49852	L	PRK	IE
3304893	Mill Wood	52.75833	-6.51119	V	FRST	IE
3304895	Tomnafinnoge Wood	52.76654	-6.49186	V	FRST	IE
3304896	Quarry Street	52.76125	-6.53189	L	LCTY	IE
3304897	Ardeen	52.75361	-6.52611	P	PPL	IE
3304899	Mungacullin	52.76167	-6.59194	L	LCTY	IE
3304900	Ballynultagh	52.77083	-6.53528	L	LCTY	IE
3304901	Boley	52.77278	-6.59056	L	LCTY	IE
3304902	Seskin	52.79728	-6.57714	T	MT	IE
3304904	Mullinacuff	52.78944	-6.55056	L	LCTY	IE
3304909	Newtown	52.78917	-6.51889	L	LCTY	IE
3304910	Muskeagh	52.79944	-6.51917	L	LCTY	IE
3304916	Killalongford	52.81167	-6.57444	L	LCTY	IE
3304917	Redbog	52.82721	-6.53401	L	LCTY	IE
3304918	Ballinagilky House	52.83722	-6.53472	L	LCTY	IE
3304919	Croneskugh	52.84083	-6.57639	L	LCTY	IE
3304920	Carrick	52.8125	-6.52806	L	LCTY	IE
3304921	Portrushen	52.88278	-6.60028	L	LCTY	IE
3304922	Kibuacart House	52.86972	-6.55972	L	LCTY	IE
3304923	Borkill	52.88139	-6.57528	L	LCTY	IE
3304925	Ballybrack	52.88306	-6.55278	L	LCTY	IE
3304926	Ballykilmurry	52.89083	-6.53694	L	LCTY	IE
3304927	Ballyedmond	52.88161	-6.53478	L	LCTY	IE
3304928	Rathnagrew	52.87111	-6.53417	L	LCTY	IE
3304929	Rathbane	52.86028	-6.51528	L	LCTY	IE
3304930	Rathduffmore	52.88528	-6.51167	L	LCTY	IE
3304931	Ardnaboy	52.86647	-6.4919	L	LCTY	IE
3304932	Knocknaboley	52.84954	-6.51062	L	LCTY	IE
3304935	Knocknagilky	52.88694	-6.48722	L	LCTY	IE
3304936	Knocknashamroge	52.88309	-6.46786	L	LCTY	IE
3304937	Ballymaghroe	52.8721	-6.4497	L	LCTY	IE
3304938	Rathshanmore	52.84861	-6.48583	L	LCTY	IE
3304939	Ballycumber	52.83694	-6.47306	L	LCTY	IE
3304941	Ballynamanoge	52.82071	-6.49042	L	LCTY	IE
3304942	Saint Mullins	52.82222	-6.47528	T	MT	IE
3304943	Coolafimshoge	52.8125	-6.48306	L	LCTY	IE
3304944	Curravanish	52.80629	-6.49279	L	LCTY	IE
3304947	Garryhoe	52.81194	-6.45	L	LCTY	IE
3304948	Carrigroe	52.83833	-6.44139	L	LCTY	IE
3304949	Corndog	52.84919	-6.43423	L	LCTY	IE
3304950	Moyne	52.86	-6.4625	L	LCTY	IE
3304951	Slievemweel	52.86308	-6.43582	T	MT	IE
3304952	Ballyteige Bridge	52.89349	-6.41054	P	PPL	IE
3304953	Ballycurragh Bridge	52.88639	-6.40521	P	PPL	IE
3304954	Sheilstown	52.88561	-6.44062	L	LCTY	IE
3304955	Askanagap	52.8702	-6.41704	L	LCTY	IE
3304956	Rosahane	52.89502	-6.37627	L	LCTY	IE
3304959	Sheeanabeg	52.88185	-6.34428	L	LCTY	IE
3304960	Cappagh	52.88024	-6.37034	L	LCTY	IE
3304961	Cratfield	52.87038	-6.36266	L	LCTY	IE
3304962	Ballymanus	52.86592	-6.39998	L	LCTY	IE
3304963	Preban	52.84471	-6.39605	L	LCTY	IE
3304964	Tomcoyle	52.82942	-6.39565	L	LCTY	IE
3304966	Roddenagh	52.8575	-6.36639	P	PPL	IE
3304967	Roddenagh Wood	52.84472	-6.35472	V	FRST	IE
3304969	Ballinglen	52.82238	-6.41997	L	LCTY	IE
3304970	Killicreny Bridge	52.80742	-6.41971	P	PPL	IE
3304971	Mucklagh	52.81306	-6.39333	P	PPL	IE
3304973	Kilpipe	52.82627	-6.35852	L	LCTY	IE
3304976	Rosbane	52.8073	-6.44736	L	LCTY	IE
3304978	Killaveny	52.79679	-6.41933	L	LCTY	IE
3304979	Lugduff	52.79194	-6.44861	L	LCTY	IE
3304980	Kilcommon Bridge	52.789	-6.45651	P	PPL	IE
3304981	Greenhall Bridge	52.77694	-6.48472	P	PPL	IE
3304982	Fairwood	52.78278	-6.46806	L	LCTY	IE
3304984	Mount Pleasant	52.78542	-6.44789	L	LCTY	IE
3304985	Coolroe	52.77304	-6.4454	L	LCTY	IE
3304986	Fairwood	52.77111	-6.46667	P	PPL	IE
3304987	Rosnastraw	52.78139	-6.42139	L	LCTY	IE
3304989	Ballythomashill	52.77528	-6.35889	L	LCTY	IE
3304991	Barrackcroghan	52.77472	-6.28917	L	LCTY	IE
3304992	Slievefoore	52.79154	-6.28754	T	MT	IE
3304993	Killahurler	52.79361	-6.29861	L	LCTY	IE
3304994	Mooreshill	52.80187	-6.27237	L	LCTY	IE
3304995	Askinch	52.78	-6.26028	L	LCTY	IE
3304996	Shirsheen Wood	52.77639	-6.24444	V	FRST	IE
3305001	Bella Byrnes Bridge	52.77912	-6.17051	P	PPL	IE
3305002	Ballintomboy	52.7825	-6.18694	L	LCTY	IE
3305053	Coats Bridge	52.84528	-6.30111	P	PPL	IE
3305071	Black Bridge	52.85639	-6.2825	P	PPL	IE
3305078	Killacloran	52.83944	-6.33667	L	LCTY	IE
3305080	Three Wells	52.87231	-6.30767	P	PPL	IE
3305082	Curraghlawn	52.79821	-6.36546	L	LCTY	IE
3305084	Ballinasilloge	52.8155	-6.29245	L	LCTY	IE
3305085	Moneyteige Middle	52.81789	-6.31856	L	LCTY	IE
3305086	Ballykillaneer	52.82167	-6.27778	P	PPL	IE
3305087	Monaglogh	52.81105	-6.24273	L	LCTY	IE
3305088	Cushbawn	52.88602	-6.30594	T	MT	IE
3305089	Mongnacool	52.88139	-6.28139	T	MT	IE
3305090	Carty’s Corner	52.8754	-6.26547	L	LCTY	IE
3305093	Fortfaulkner	52.8615	-6.27621	L	LCTY	IE
3305096	Ballymoneen	52.8556	-6.2437	L	LCTY	IE
3305097	Castlemacadam	52.84639	-6.24528	L	LCTY	IE
3305102	Knockanree Upper	52.87144	-6.19083	P	PPL	IE
3305110	Mine View	52.84167	-6.19083	L	LCTY	IE
3305116	Rock View	52.83694	-6.14389	L	LCTY	IE
3305119	Johnstown	52.83	-6.12917	L	LCTY	IE
3305120	Pollaphuca	52.85139	-6.16972	L	LCTY	IE
3305122	Barranisky Cross Roads	52.85733	-6.15089	P	PPL	IE
3305130	Blindwood	52.87441	-6.15788	L	LCTY	IE
3305131	Oghil	52.87944	-6.15694	L	LCTY	IE
3305134	Jack White’s Cross Roads	52.88276	-6.09974	P	PPL	IE
3305135	Tonlegee	52.88292	-6.07621	L	LCTY	IE
3305137	Haughtons Bridge	52.87003	-6.06655	P	PPL	IE
3305138	Ardanairy	52.86412	-6.07245	L	LCTY	IE
3305267	Drummin	52.72028	-6.58167	P	PPLL	IE
3305271	New Bridge	52.68028	-6.66833	L	LCTY	IE
3305273	Clonmullen	52.64833	-6.68167	P	PPLL	IE
3305446	Ballincurra Bridge	52.39333	-8.50222	P	PPL	IE
3305448	Foley’s Cross Roads	52.40167	-8.52722	P	PPL	IE
3305449	Martinstown	52.39889	-8.49722	L	LCTY	IE
3305450	Kilmurry	52.38472	-8.46306	P	PPL	IE
3305451	Cush Cross Roads	52.38861	-8.44806	P	PPL	IE
3305459	Gormanstown	52.43778	-8.52167	L	LCTY	IE
3305460	Newtown	52.44194	-8.465	L	LCTY	IE
3305461	Ballybeg	52.4425	-8.54333	L	LCTY	IE
3305469	Grillagh	52.49222	-8.53722	L	LCTY	IE
3305471	Dunmorrisheer	52.45472	-8.53222	L	LCTY	IE
3305473	Bottomstown	52.45167	-8.49278	L	LCTY	IE
3305475	Ballinvreena	52.39611	-8.42556	P	PPL	IE
3305477	Glenbrohane	52.38417	-8.38694	P	PPL	IE
3305480	Pinker’s Cross	52.405	-8.37472	P	PPL	IE
3305481	Curraghrothe	52.3975	-8.33944	L	LCTY	IE
3305482	Duntryleague	52.405	-8.35333	P	PPL	IE
3305483	Ardrahin	52.3925	-8.30056	L	LCTY	IE
3305489	Ballylooby	52.4325	-8.34861	L	LCTY	IE
3305491	Cross of the Tree	52.42417	-8.38444	P	PPLL	IE
3305492	Ballynaveen Bridge	52.46806	-8.39778	P	PPL	IE
3305494	Riverville	52.49222	-8.4575	P	PPL	IE
3305495	New Bridge	52.50028	-8.45306	P	PPL	IE
3305496	Kilcullane	52.50417	-8.48694	P	PPL	IE
3305498	Loughgur Cross	52.51389	-8.50806	P	PPL	IE
3305500	Ballynagranagh	52.51611	-8.44806	L	LCTY	IE
3305501	Cloghansoun Bridge	52.52194	-8.47639	P	PPL	IE
3305502	Cahercorner	52.52806	-8.51667	L	LCTY	IE
3305504	Oldtown	52.485	-8.40333	L	LCTY	IE
3305506	Garrydootis	52.49222	-8.32889	L	LCTY	IE
3305508	Ballynagreanagh	52.51389	-8.36694	L	LCTY	IE
3305509	Knockaunavoher	52.50472	-8.36361	L	LCTY	IE
3305511	Palatine Street	52.5225	-8.32722	P	PPL	IE
3305512	Rathard	52.51694	-8.30778	L	LCTY	IE
3305515	Kilmacogue	52.54028	-8.27833	L	LCTY	IE
3305516	Ballyvalode	52.5525	-8.27194	P	PPL	IE
3305517	Longford Bridge	52.56056	-8.23417	P	PPL	IE
3305518	Clonbrick	52.55194	-8.23278	L	LCTY	IE
3305519	Maelra	52.53778	-8.305	L	LCTY	IE
3305521	Knockballyfookeen	52.54972	-8.33028	L	LCTY	IE
3305523	Crossalaght	52.53722	-8.40333	L	LCTY	IE
3305524	Wonderhill	52.53611	-8.43389	L	LCTY	IE
3305525	Rathjordan	52.54	-8.47	L	LCTY	IE
3305527	Boherroe	52.55083	-8.41194	L	LCTY	IE
3305528	Longstone	52.56056	-8.41333	L	LCTY	IE
3305531	Sixmile Bridge	52.54083	-8.545	P	PPL	IE
3305532	Longford Bridge	52.54139	-8.52111	P	PPL	IE
3305533	Friarstown	52.55222	-8.54083	L	LCTY	IE
3305534	Shelhan’s Cross	52.56722	-8.53889	P	PPL	IE
3305558	Ballybricken	52.56444	-8.51667	L	LCTY	IE
3305564	Stonepark	52.57833	-8.54194	L	LCTY	IE
3305566	Inch	52.59083	-8.50667	L	LCTY	IE
3305567	Saint Lawrence	52.59139	-8.49694	L	LCTY	IE
3305568	Luddenbeg	52.59139	-8.53056	L	LCTY	IE
3305569	Clashbane	52.57167	-8.42972	P	PPL	IE
3305570	Dromkeen	52.56694	-8.39361	L	LCTY	IE
3305572	Kilmurry	52.58917	-8.43389	L	LCTY	IE
3305574	Tuogh	52.6	-8.35667	P	PPL	IE
3305576	Killuragh	52.59111	-8.31722	P	PPL	IE
3305577	New Bridge	52.59028	-8.31472	P	PPL	IE
3305578	Old Bridge	52.58	-8.32861	P	PPL	IE
3305579	Sun Ville	52.57778	-8.32639	L	LCTY	IE
3305581	Coolnapisha	52.56806	-8.29639	L	LCTY	IE
3305584	Cloonlusk	52.58778	-8.26778	L	LCTY	IE
3305585	Gortavalla	52.59556	-8.28778	L	LCTY	IE
3305586	Derraun Bridge	52.56778	-8.25639	P	PPL	IE
3305587	Cooga	52.61	-8.27222	L	LCTY	IE
3305588	Blackboy Bridge	52.61556	-8.29306	P	PPL	IE
3305593	Downey’s Cross Roads	52.61056	-8.45583	P	PPL	IE
3305595	Tobermalug	52.61083	-8.49833	L	LCTY	IE
3305596	Bohermore	52.60972	-8.54222	L	LCTY	IE
3305599	Lismullane	52.63167	-8.47861	P	PPL	IE
3305600	Grange	52.60333	-8.44889	L	LCTY	IE
3305601	Kishyquirk	52.63139	-8.50972	L	LCTY	IE
3305602	Sandeville	52.64972	-8.54583	L	LCTY	IE
3305606	Ahnagh Bridge	52.67056	-8.46389	P	PPL	IE
3305607	Killeenagarriff	52.65472	-8.46444	L	LCTY	IE
3305608	Coolnahila	52.66056	-8.46222	L	LCTY	IE
3305609	Cappanahanagh	52.66806	-8.43972	L	LCTY	IE
3305610	Laghtane	52.6675	-8.47806	L	LCTY	IE
3305611	Cappangue	52.62639	-8.39028	L	LCTY	IE
3305612	Farnanefranletin	52.62889	-8.33639	L	LCTY	IE
3305613	Ballyvorheen	52.64667	-8.3575	L	LCTY	IE
3305614	Kilduffahoo	52.645	-8.32139	L	LCTY	IE
3305615	Kylegarve	52.63083	-8.2775	P	PPL	IE
3305616	Lacka	52.63972	-8.25611	L	LCTY	IE
3305617	Reenavanna	52.63611	-8.23667	L	LCTY	IE
3305618	Foilycleara	52.64472	-8.205	L	LCTY	IE
3305619	Knockastanna	52.65541	-8.20318	T	MT	IE
3305620	Gannavane	52.655	-8.2575	L	LCTY	IE
3305621	Gurraghakimikeen	52.64611	-8.24556	L	LCTY	IE
3305622	Muingacree	52.67667	-8.28139	L	LCTY	IE
3305625	Glenstar	52.66444	-8.35639	L	LCTY	IE
3305629	Drominboy	52.68556	-8.48167	L	LCTY	IE
3305632	Annagh	52.67722	-8.45167	P	PPL	IE
3305633	Ahane	52.6675	-8.50528	L	LCTY	IE
3305634	Annacotty	52.66768	-8.53121	P	PPL	IE
3305636	Hermitage	52.70056	-8.52917	L	LCTY	IE
3305637	Gardenhill	52.70194	-8.49722	L	LCTY	IE
3305640	Castleconnell	52.71389	-8.49944	P	PPL	IE
3305641	Gooig	52.725	-8.48583	L	LCTY	IE
3305643	Derrylusk	52.72944	-8.48833	L	LCTY	IE
3305645	Montpelic	52.75056	-8.49389	P	PPL	IE
3305661	Coollisteige	52.72222	-8.54139	L	LCTY	IE
3305664	Bridgetown	52.76194	-8.52028	L	LCTY	IE
3305665	Elliss Bridge	52.76944	-8.52306	P	PPL	IE
3305666	Kiltroughil	52.77833	-8.52861	L	LCTY	IE
3305669	Ballymoloney Wood	52.78778	-8.54139	V	FRST	IE
3305670	Garraunlay	52.8	-8.4925	L	LCTY	IE
3305671	Ballyvorney	52.7875	-8.48278	P	PPL	IE
3305673	Aillemore	52.80778	-8.50917	L	LCTY	IE
3305674	Glennagalliagh Mountain	52.8152	-8.54207	T	MT	IE
3305675	Cragnamurragh	52.82413	-8.55256	T	MT	IE
3305678	Ballycuogaran	52.83556	-8.49139	L	LCTY	IE
3305680	Ballyheer	52.85806	-8.48083	L	LCTY	IE
3305684	Carrowgar	52.87139	-8.45167	L	LCTY	IE
3305686	Ballylaghnan	52.86833	-8.5025	T	MT	IE
3305687	Garryweare	52.88139	-8.45139	L	LCTY	IE
3305688	Ogonnelloe	52.88806	-8.4575	P	PPL	IE
3305690	Ballymalone	52.87806	-8.5325	L	LCTY	IE
3305691	Knocknagower	52.88222	-8.52028	L	LCTY	IE
3305692	Raheen Bridge	52.88861	-8.51167	P	PPL	IE
3305693	Banglasha	52.89278	-8.4575	L	LCTY	IE
3305694	Caher Island	52.89944	-8.4675	T	ISL	IE
3305703	Longford	52.39361	-8.21944	L	LCTY	IE
3305705	Glencoshabinnia	52.3925	-8.17667	L	LCTY	IE
3305706	Knockmoyle	52.39833	-8.16944	T	MT	IE
3305707	Stonepark	52.40806	-8.1575	L	LCTY	IE
3305708	Cnoc an Staicin	52.38404	-8.12519	T	MT	IE
3305709	Rossbog	52.41083	-8.1375	L	LCTY	IE
3305711	Newtown	52.41917	-8.17833	L	LCTY	IE
3305712	Riversdale	52.40806	-8.22889	L	LCTY	IE
3305713	Stagdale Bridge	52.41056	-8.22944	P	PPL	IE
3305733	Carrigeenina	52.43556	-8.16194	T	MT	IE
3305734	Lisvarrinane	52.41389	-8.25028	L	LCTY	IE
3305737	Ballynamrossagh	52.43444	-8.25556	P	PPL	IE
3305740	Kilross	52.4375	-8.27806	L	LCTY	IE
3305741	Mount Bruis	52.45	-8.23611	L	LCTY	IE
3305742	Rathkea	52.44306	-8.22556	L	LCTY	IE
3305743	Knockardan Cross Roads	52.45083	-8.24944	P	PPL	IE
3305745	Aughadareen Bridge	52.44167	-8.31611	P	PPL	IE
3305746	Moanmore	52.44861	-8.34944	L	LCTY	IE
3305749	Ballyvistea	52.48306	-8.38806	L	LCTY	IE
3305750	Ballyhane	52.46861	-8.37861	L	LCTY	IE
3305752	Rodus Bridge	52.48278	-8.33972	P	PPL	IE
3305753	Duncummin	52.49306	-8.37278	L	LCTY	IE
3305756	Clashdrumsmith	52.4725	-8.32444	L	LCTY	IE
3305757	Kilcornan	52.50111	-8.31667	L	LCTY	IE
3305759	Ballinard Cross	52.49056	-8.26861	P	PPL	IE
3305761	Ballygodboy	52.50333	-8.23722	P	PPL	IE
3305762	Danerville	52.47194	-8.27556	L	LCTY	IE
3305763	Clonpet	52.45944	-8.18778	P	PPL	IE
3305766	Boheratreem Cross Roads	52.51	-8.17556	L	LCTY	IE
3305767	Monard	52.51089	-8.22316	P	PPL	IE
3305768	Rossadrehid	52.40778	-8.11694	L	LCTY	IE
3305769	Castle Mary	52.41694	-8.09306	L	LCTY	IE
3305770	Sturrakeen	52.37997	-8.04076	T	MT	IE
3305822	Ardane	52.40917	-8.08639	L	LCTY	IE
3305823	Ballydavid Wood	52.40472	-8.03722	V	FRST	IE
3305824	Clohernagh	52.41139	-8.06111	P	PPL	IE
3305828	Ballyvirane	52.43194	-8.07028	L	LCTY	IE
3305829	Toureen Wood	52.40167	-7.98556	V	FRST	IE
3305830	Rathdermot	52.44139	-8.07806	L	LCTY	IE
3305831	Carriganagh	52.44028	-8.02472	L	LCTY	IE
3305832	Slieveanard	52.38458	-8.01262	T	MT	IE
3305834	Ara Bridge	52.43917	-8.03667	P	PPL	IE
3305835	Roheen	52.44917	-8.02806	L	LCTY	IE
3305837	Aughnagawer Cross Roads	52.46556	-8.06194	P	PPL	IE
3305839	Fawnagowan	52.46	-8.1375	L	LCTY	IE
3305840	Sandymount	52.45389	-8.15972	L	LCTY	IE
3305842	Knockballynoe	52.47833	-8.10028	L	LCTY	IE
3305843	Ballyhusty	52.48417	-8.115	L	LCTY	IE
3305845	Kilfeakle	52.48778	-8.07833	L	LCTY	IE
3305847	Bawnbrack	52.46889	-8.02278	L	LCTY	IE
3305854	Golden Hills	52.51417	-8.00194	L	LCTY	IE
3305856	Mogh	52.5225	-8.02444	P	PPL	IE
3305857	Mount William	52.50972	-8.07778	P	PPL	IE
3305858	Friarsfield	52.495	-8.1325	L	LCTY	IE
3305859	Cunningham’s Cross Roads	52.50833	-8.1525	P	PPL	IE
3305860	Stokaun	52.50556	-8.12528	L	LCTY	IE
3305861	Shanaballymore	52.51667	-8.14611	L	LCTY	IE
3305862	Moanmore	52.53139	-8.21361	P	PPL	IE
3305863	Pope’s Bridge	52.545	-8.21111	P	PPLL	IE
3305864	Cauteen Bridge	52.54333	-8.18222	P	PPL	IE
3305865	Bananalleen	52.53333	-8.19528	P	PPL	IE
3305867	Ballyhane Bridge	52.56889	-8.20806	P	PPL	IE
3305868	Ballyryan	52.51556	-8.20583	L	LCTY	IE
3305884	Grange	52.52528	-8.13528	P	PPL	IE
3305885	Morpeth Bridge	52.52722	-8.08806	P	PPL	IE
3305886	Goldengarden	52.53667	-8.10556	L	LCTY	IE
3305887	Coolacussane	52.54194	-8.09111	L	LCTY	IE
3305889	Kilpatrick	52.55278	-8.09583	L	LCTY	IE
3305890	Hawarden Bridge	52.55611	-8.11556	P	PPL	IE
3305891	Black Bridge	52.55389	-8.02111	P	PPL	IE
3305892	Ballinamona	52.525	-8.01194	L	LCTY	IE
3305896	Ballynchinch	52.53278	-7.97306	L	LCTY	IE
3305898	Camus Bridge	52.54028	-7.93194	P	PPLL	IE
3305905	Castlelake	52.51167	-7.96083	L	LCTY	IE
3305907	Garrane	52.53778	-7.99139	P	PPL	IE
3305910	Knockacolla	52.40333	-7.93778	P	PPL	IE
3305911	Kedrah	52.40528	-7.8925	L	LCTY	IE
3305912	Kilmoyler Cross Roads	52.40972	-7.96972	P	PPL	IE
3305913	Ballydrehid	52.40056	-7.97556	L	LCTY	IE
3305915	Knockgaffon	52.42194	-7.93861	P	PPL	IE
3305917	Derrycloney	52.43472	-7.9675	L	LCTY	IE
3305918	Kilnacask Bridge	52.43639	-7.98417	L	LCTY	IE
3305919	Masterstown	52.43806	-7.94361	L	LCTY	IE
3305920	Hyinenstown	52.44722	-7.94556	P	PPL	IE
3305922	Outeragh	52.41722	-7.885	L	LCTY	IE
3305924	Lagganstown	52.45806	-7.97	P	PPL	IE
3305926	Danganandargan	52.48167	-7.965	L	LCTY	IE
3305927	Killeenasteerna	52.47056	-7.93611	P	PPL	IE
3305929	Faheen Cross Roads	52.55167	-7.97028	P	PPL	IE
3305930	Grene Park	52.5575	-8.00722	L	PRK	IE
3305931	Kilbreedy	52.55611	-7.92833	P	PPL	IE
3305933	Cappanarragh	52.57167	-7.99778	P	PPL	IE
3305934	Milltown	52.60222	-7.93444	L	LCTY	IE
3305935	Clone Bridge	52.59972	-8.00361	P	PPL	IE
3305936	Victoria Bridge	52.58639	-8.01472	P	PPL	IE
3305937	Carrow	52.59056	-8.05333	P	PPL	IE
3305939	Rossmore Bridge	52.61194	-8.00833	P	PPL	IE
3305940	Maudemount Cross Roads	52.55972	-8.07694	P	PPL	IE
3305941	Ballysheeda	52.57556	-8.10667	P	PPL	IE
3305942	Gortussa	52.565	-8.07639	L	LCTY	IE
3305943	Scarrough Bridge	52.58722	-8.08861	P	PPL	IE
3305944	Barraden	52.59639	-8.09222	P	PPL	IE
3305945	Newtown	52.56028	-8.14194	L	LCTY	IE
3305946	Bahyvira	52.57139	-8.14139	L	LCTY	IE
3305947	Moanvaun	52.58889	-8.15361	P	PPL	IE
3305949	Glashanailor Bridge	52.58722	-8.1875	P	PPLL	IE
3305950	Cahernahallia	52.59167	-8.21528	P	PPL	IE
3305951	Knockanavar	52.59722	-8.21	L	LCTY	IE
3305954	Inchinsquillib	52.60389	-8.15694	L	LCTY	IE
3305956	Gortnageragh	52.62125	-8.21188	T	MT	IE
3305957	Foildarg	52.61556	-8.175	L	LCTY	IE
3305958	Curraheen	52.63	-8.14278	L	LCTY	IE
3305960	Glenpaudeen	52.61222	-8.11306	L	LCTY	IE
3305962	Ring Hill	52.6385	-8.05095	T	MT	IE
3305964	Glenough Lower	52.62167	-8.05778	P	PPL	IE
3305970	Glenough Upper	52.63833	-8.0675	P	PPL	IE
3305972	Moanvaun	52.64472	-8.14389	P	PPL	IE
3305973	Curraglanarley	52.63222	-8.21111	L	LCTY	IE
3305974	Tooreen	52.65028	-8.13667	L	LCTY	IE
3305975	Nanny’s Cross Roads	52.65222	-8.185	P	PPL	IE
3305977	Cummer	52.66778	-8.13944	L	LCTY	IE
3305979	Boolanunane	52.65611	-8.10278	T	MT	IE
3305986	Anglesry Bridge	52.67944	-8.1625	P	PPL	IE
3305987	Laghile	52.69194	-8.17972	L	LCTY	IE
3305988	Knocknabansha	52.69111	-8.12639	T	MT	IE
3305990	Kilcommon	52.69389	-8.14389	P	PPL	IE
3305991	Knockmaroe	52.69957	-8.09984	T	MT	IE
3306012	Three Trees	55.11361	-7.2125	P	PPLL	IE
3306014	Creehennan	55.14139	-7.1875	P	PPL	IE
3306015	Roosky	55.14389	-7.16639	P	PPLL	IE
3306017	Glencaw	55.15056	-7.2025	P	PPLL	IE
3306023	Pensylvania	55.17611	-7.16417	P	PPLL	IE
3306025	Lake Fad	55.19722	-7.15361	H	LK	IE
3306030	Drumnasade	55.22389	-7.14861	P	PPLL	IE
3306031	Milltown	55.23389	-7.15444	P	PPL	IE
3306033	Straruddan	55.25056	-7.14972	P	PPLL	IE
3306035	Claggan	55.20306	-7.05333	P	PPLL	IE
3306036	Lag	55.21972	-7.07167	L	LCTY	IE
3306037	Crockaulin	55.22338	-7.01807	T	MT	IE
3306038	Craignamaddy	55.23417	-7.02444	T	MT	IE
3306041	Pound Town	55.20722	-6.98611	P	PPLL	IE
3306045	Balbane Head	55.25333	-6.95694	T	CAPE	IE
3306048	Ballybane	55.25	-7.00556	P	PPL	IE
3306053	Falmore	55.24861	-7.08583	P	PPL	IE
3306054	Ballintroohan	55.25639	-7.02556	P	PPL	IE
3306061	Ballymagaraghy	55.2675	-7.05417	P	PPLL	IE
3306062	Croaghdoo	55.27417	-7.04306	T	CAPE	IE
3306063	Drumaville	55.2675	-7.08167	P	PPL	IE
3306064	Kindroghed	55.26278	-7.13389	P	PPLL	IE
3306065	Claggan	55.26917	-7.17333	P	PPLL	IE
3306066	Clogherny	55.26167	-7.19833	P	PPLL	IE
3306070	Templemoyle	55.28528	-7.2125	P	PPLL	IE
3306073	Claggan	55.30667	-7.16389	P	PPLL	IE
3306075	Culkeeny	55.31667	-7.20028	P	PPLL	IE
3306078	Glendooskert	55.33361	-7.1825	P	PPLL	IE
3306079	Binnanea	55.345	-7.20056	L	LCTY	IE
3306087	Rathkennan	52.62306	-7.92361	L	LCTY	IE
3306088	Hough	52.62694	-7.92889	L	LCTY	IE
3306089	Rathkennan Bridge	52.62861	-7.92417	P	PPL	IE
3306092	Derrymore Bridge	52.64111	-7.92639	P	PPL	IE
3306093	Cloonyross Cross Roads	52.64	-7.96833	P	PPL	IE
3306094	Ballyoughter Bridge	52.65917	-7.94083	P	PPL	IE
3306095	Mulgrave Bridge	52.65917	-7.95278	P	PPL	IE
3306097	Coolkill	52.67	-7.92806	P	PPL	IE
3306099	Beakstown	52.65639	-7.87667	P	PPL	IE
3306100	Raheen Park	52.66194	-7.88222	L	PRK	IE
3306101	Glenreagh	52.65083	-7.89583	L	LCTY	IE
3306102	Garranmore	52.62833	-7.94861	P	PPL	IE
3306106	Drum Wood	52.62472	-7.99028	V	FRST	IE
3306107	Gortaculrush	52.63639	-7.99333	L	LCTY	IE
3306136	Drumminnagleagh Bridge	52.68972	-7.93222	P	PPL	IE
3306138	Aishanboe	52.67944	-7.98111	L	LCTY	IE
3306139	Shanaballyduff	52.67139	-8.00278	L	LCTY	IE
3306140	Knockalough	52.67715	-8.02734	T	MT	IE
3306141	Foilagoule	52.67444	-8.035	L	LCTY	IE
3306142	Falleennafinoga	52.66389	-8.06361	L	LCTY	IE
3306143	Knockacachanduff Commons	52.665	-8.02972	L	LCTY	IE
3306145	Ballyboy	52.69056	-7.98222	L	LCTY	IE
3306147	Finnahy	52.71194	-7.98056	P	PPL	IE
3306148	Gortnahalla	52.72	-7.99194	L	LCTY	IE
3306151	Rathcardan	52.72639	-7.9875	L	LCTY	IE
3306153	Heigh	52.745	-7.9975	L	LCTY	IE
3306154	Drumgill	52.73611	-8.0025	L	LCTY	IE
3306155	Monroe Bridge	52.71444	-7.92444	P	PPL	IE
3306206	Clon	52.70083	-7.93389	P	PPL	IE
3306208	Annfield	52.71	-7.93639	L	LCTY	IE
3306210	Kilfithmone Cross Roads	52.76389	-7.93028	P	PPL	IE
3306213	Gortalough	52.77002	-7.93852	P	PPL	IE
3306215	Garrangrena Lower	52.77556	-7.99583	L	LCTY	IE
3306217	Currabaha Cross	52.7725	-8.02472	P	PPL	IE
3306218	Grange Lough	52.77444	-8.01194	H	LK	IE
3306219	Glentane	52.77111	-8.04528	L	LCTY	IE
3306220	Cooleen	52.76139	-8.04083	L	LCTY	IE
3306221	Ballydaff	52.74944	-8.03472	L	LCTY	IE
3306222	Rusheen	52.72417	-8.02278	T	MT	IE
3306231	Hunts Grove	52.75833	-8.07806	P	PPL	IE
3306233	Ballyhane Cross Roads	52.76056	-8.09806	P	PPL	IE
3306235	Templederry	52.77528	-8.06167	P	PPL	IE
3306236	Gortnagowna	52.74917	-8.08	P	PPL	IE
3306238	Granavone	52.74389	-8.03889	P	PPL	IE
3306240	Greenan	52.73833	-8.07194	L	LCTY	IE
3306241	Commaun	52.73861	-8.10583	L	LCTY	IE
3306242	Garryglass	52.75139	-8.11556	L	LCTY	IE
3306243	Gaffanakilka	52.72667	-8.07556	L	LCTY	IE
3306244	Knockaviltoge	52.71308	-8.05696	T	MT	IE
3306245	Cummer	52.72139	-8.0975	L	LCTY	IE
3306247	Gleninchinaveigh	52.69833	-8.06972	L	LCTY	IE
3306249	Foilhaman	52.70889	-8.10361	L	LCTY	IE
3306250	Knockfune	52.71972	-8.13778	T	MT	IE
3306251	Knocknascreggan	52.72556	-8.12611	T	MT	IE
3306253	Curreeny Cross	52.73361	-8.14333	P	PPL	IE
3306254	Moher Hill	52.70333	-8.00333	T	MT	IE
3306255	Cooleenduff Bridge	52.69806	-8.01444	P	PPL	IE
3306256	Anglesey Road	52.69389	-8.03139	P	PPL	IE
3306305	Knockteige	52.73139	-8.16278	T	MT	IE
3306306	Ballycarn	52.745	-8.16361	L	LCTY	IE
3306307	Curreeny Commons	52.74222	-8.21194	L	LCTY	IE
3306308	Knockaphortaderg	52.75056	-8.21139	L	LCTY	IE
3306309	Knockane	52.75241	-8.23176	T	MT	IE
3306310	Cooneen Hill	52.76333	-8.14591	T	MT	IE
3306311	Bolingbrook	52.76028	-8.17	T	MT	IE
3306312	Mucklin	52.77306	-8.18722	L	LCTY	IE
3306313	Curryquin	52.77722	-8.17833	L	LCTY	IE
3306314	Ballincurra Hill	52.77954	-8.11336	T	MT	IE
3306315	Bennett’s Bridge	52.77667	-8.13278	P	PPL	IE
3306316	Foilnamuck	52.77	-8.15556	L	LCTY	IE
3306318	Foilduff	52.71917	-8.23333	L	LCTY	IE
3306321	Bealaclave	52.70389	-8.2325	T	MT	IE
3306322	Knockfune	52.73084	-8.23165	T	MT	IE
3306323	Knockacappul	52.715	-8.27389	T	MT	IE
3306325	Killeen	52.70667	-8.29972	L	LCTY	IE
3306326	Lackamore	52.69611	-8.32889	L	LCTY	IE
3306334	Derrygareen	52.69444	-8.35833	L	LCTY	IE
3306335	Toor	52.72806	-8.29694	L	LCTY	IE
3306336	Seraggeen	52.69417	-8.38611	L	LCTY	IE
3306337	Clare Bridge	52.69111	-8.38278	P	PPL	IE
3306339	Mackney	52.71785	-8.39324	L	LCTY	IE
3306341	Fiddane	52.72667	-8.34	L	LCTY	IE
3306342	Rossaguile Bridge	52.73333	-8.34944	P	PPL	IE
3306345	Shanballyedmond	52.67528	-8.25	L	LCTY	IE
3306346	Coonmore	52.67694	-8.20417	L	LCTY	IE
3306349	Drumbaun	52.74924	-8.35665	L	LCTY	IE
3306350	Killeen	52.72139	-8.43472	L	LCTY	IE
3306369	Ballynahinch	52.76583	-8.37861	L	LCTY	IE
3306373	Cragg	52.73556	-8.44083	P	PPL	IE
3306375	Crishangagh	52.77861	-8.31944	L	LCTY	IE
3306377	Ballyhourigan Wood	52.74861	-8.30667	V	FRST	IE
3306380	Annaboty	52.7375	-8.4575	P	PPL	IE
3306382	Cool Bridge	52.77472	-8.42944	P	PPL	IE
3306388	Labbadiha Bridge	52.80194	-8.40222	P	PPL	IE
3306391	Ballymalone	52.81444	-8.40667	L	LCTY	IE
3306392	Ballyea North	52.80694	-8.38111	L	LCTY	IE
3306394	Grange	52.82278	-8.4175	L	LCTY	IE
3306405	Coumbeg	52.84639	-8.36306	L	LCTY	IE
3306406	Knockmore	52.84154	-8.30493	L	LCTY	IE
3306407	Curriggal	52.82725	-8.32154	L	LCTY	IE
3306409	Pallas More	52.86658	-8.30608	L	LCTY	IE
3306410	Tountinna	52.84618	-8.39129	T	MT	IE
3306413	Newtown	52.84306	-8.42583	L	LCTY	IE
3306417	Curragh	52.86333	-8.35528	L	LCTY	IE
3306418	Lackamore	52.86528	-8.33361	L	LCTY	IE
3306421	Shannonville	52.89472	-8.36722	L	LCTY	IE
3306422	Ballycarridoge	52.88531	-8.32641	L	LCTY	IE
3306426	Newtown	52.87861	-8.29361	P	PPL	IE
3306429	Carrow	52.89667	-8.2775	L	LCTY	IE
3306432	Hogans Pass	52.87222	-8.25667	T	PASS	IE
3306434	Ballycommon	52.89389	-8.24639	L	LCTY	IE
3306435	Ballyartello Bridge	52.90111	-8.23611	P	PPL	IE
3306436	Monsea	52.885	-8.24778	L	LCTY	IE
3306439	Nenagh Bridge	52.88167	-8.19583	P	PPL	IE
3306442	Gortlandroe	52.86944	-8.24444	L	LCTY	IE
3306445	Gourdeen Bridge	52.8675	-8.1675	P	PPL	IE
3306449	Rapla Cross Roads	52.88694	-8.15917	P	PPL	IE
3306486	Gortnagowth	52.64444	-7.86667	P	PPL	IE
3306488	Shallee Cross Roads	52.79417	-8.29028	P	PPL	IE
3306489	Garryard	52.78889	-8.27528	L	LCTY	IE
3306490	Capparoe	52.82028	-8.255	P	PPL	IE
3306491	Carrow Cross	52.82167	-8.25083	P	PPL	IE
3306492	Ballyhisky	52.82556	-8.28972	P	PPL	IE
3306493	Kilmore	52.80806	-8.22889	L	LCTY	IE
3306495	Dolla	52.79556	-8.18667	L	LCTY	IE
3306496	Brindleys Bridge	52.78889	-8.18417	P	PPL	IE
3306497	Boolteeny	52.81139	-8.20611	L	LCTY	IE
3306498	Kilriffen	52.82167	-8.19333	P	PPL	IE
3306501	Fownlough	52.84056	-8.20944	L	LCTY	IE
3306503	Five Alley	52.84167	-8.25583	L	LCTY	IE
3306505	Lissatunny	52.84667	-8.17583	P	PPL	IE
3306511	Kilkeary Cross Roads	52.83417	-8.125	P	PPL	IE
3306512	Knockaunkennedy	52.85097	-8.13187	L	LCTY	IE
3306514	Knockbrack	52.83528	-8.1025	L	LCTY	IE
3306518	Cnoc Duiginn	52.78854	-8.09708	T	MT	IE
3306519	Killeen	52.78694	-8.12778	L	LCTY	IE
3306520	Rathfalla	52.86056	-8.145	L	LCTY	IE
3306523	Lisgarode	52.89111	-8.13417	L	LCTY	IE
3306526	Ballinree	52.87028	-8.10833	L	LCTY	IE
3306527	Hackstown Bridge	52.89694	-8.1325	P	PPL	IE
3306532	Knock Cross Roads	52.89278	-8.07889	P	PPL	IE
3306535	Camira	52.88194	-8.06889	L	LCTY	IE
3306539	Garrynafana	52.86083	-8.06167	P	PPL	IE
3306540	Clonalea	52.84944	-8.0675	L	LCTY	IE
3306541	Clash	52.87333	-8.03028	L	LCTY	IE
3306591	Kyleroe Wood	52.85889	-8.01028	V	FRST	IE
3306594	Monanore	52.83556	-8.02278	L	LCTY	IE
3306595	Poulakerry	52.82861	-8.02306	P	PPL	IE
3306596	Killanafinch	52.81833	-8.05389	L	LCTY	IE
3306597	Sallypark	52.80389	-8.05722	L	LCTY	IE
3306598	Bigpark	52.79889	-8.04778	L	LCTY	IE
3306599	Latteragh	52.80924	-8.02149	T	MT	IE
3306601	Knocknabrogue	52.80167	-8.02139	L	LCTY	IE
3306607	Ballynakill	52.90111	-7.98806	L	LCTY	IE
3306609	Rath	52.88889	-8.01056	L	LCTY	IE
3306610	Rosdrehia	52.88417	-7.99861	L	LCTY	IE
3306611	Cullenwane Cross Roads	52.89694	-7.97083	P	PPL	IE
3306616	Knockanora	52.79127	-7.98591	T	MT	IE
3306617	Curraheen	52.79806	-7.98167	L	LCTY	IE
3306618	Goldings Cross	52.78611	-7.91361	P	PPL	IE
3306619	Knockagh	52.78028	-7.88861	L	LCTY	IE
3306620	The Gap	52.81556	-7.93083	L	LCTY	IE
3306621	Balltroveny	52.82278	-7.95361	L	LCTY	IE
3306623	Ballinlough	52.8275	-8.00389	L	LCTY	IE
3306624	Coologe	52.8275	-7.97472	L	LCTY	IE
3306626	Ballybeg	52.83806	-7.97722	L	LCTY	IE
3306637	Borrisnafarney	52.83083	-7.945	L	LCTY	IE
3306639	Kilduff Mountain	52.83527	-7.91022	T	MT	IE
3306669	Ahgmore Bridge	52.8475	-7.95528	P	PPL	IE
3306670	Cloncannon	52.85806	-7.95833	P	PPL	IE
3306671	Knockanroger	52.84694	-7.92833	L	LCTY	IE
3306672	Borrisnoe Mountain	52.84528	-7.91778	T	MT	IE
3306673	Borrisnoe	52.85333	-7.91333	L	LCTY	IE
3306674	Crumlin	52.87167	-7.9175	L	LCTY	IE
3306678	Castleroar	52.89806	-7.90306	L	LCTY	IE
3306679	Ballypatrick	52.73389	-7.90972	P	PPL	IE
3306680	Bouladuff	52.7168	-7.91589	P	PPL	IE
3306681	Barracurragh	52.70056	-7.90583	L	LCTY	IE
3306683	Boherlahan	52.57241	-7.89333	P	PPL	IE
3306717	Mortlestown	52.40417	-7.86556	P	PPL	IE
3306718	Whiteland Cross Roads	52.41722	-7.85889	P	PPL	IE
3306721	Levally	52.40417	-7.785	L	LCTY	IE
3306723	Glennagat	52.42389	-7.83639	L	LCTY	IE
3306725	Loughkent House	52.43444	-7.865	L	LCTY	IE
3306726	Ballygerald East	52.44389	-7.86278	L	LCTY	IE
3306727	Tooloone	52.43583	-7.835	L	LCTY	IE
3306728	Ballinattin	52.43472	-7.81417	L	LCTY	IE
3306729	Blackcastle	52.44972	-7.83722	L	LCTY	IE
3306730	Newchapel	52.39056	-7.76611	L	LCTY	IE
3306731	Ballyveelish	52.39583	-7.75222	L	LCTY	IE
3306733	Ballybeg	52.42417	-7.76667	L	LCTY	IE
3306735	Graigue	52.43222	-7.89972	L	LCTY	IE
3306738	Attykit	52.46694	-7.86222	L	LCTY	IE
3306750	Rosegreen	52.46806	-7.82833	P	PPL	IE
3306751	Rathsallagh	52.46278	-7.81389	L	LCTY	IE
3306759	Prite’s Lot	52.49167	-7.86694	L	LCTY	IE
3306767	Kilbragh	52.485	-7.81472	P	PPL	IE
3306768	Rathbrit	52.49028	-7.79306	L	LCTY	IE
3306769	Kilsallagh	52.50028	-7.81167	P	PPLL	IE
3306770	Ballyfowloo	52.50333	-7.83833	P	PPLL	IE
3306771	Rathordan	52.50861	-7.86194	L	LCTY	IE
3306774	Knockbrit	52.50417	-7.77333	L	LCTY	IE
3306775	Farranaleen	52.50917	-7.73972	L	LCTY	IE
3306777	Brodeen	52.46917	-7.72889	L	LCTY	IE
3306778	Barrettstown	52.46056	-7.73139	P	PPL	IE
3306779	Colman	52.44833	-7.74694	L	LCTY	IE
3306781	Ballincoe	52.425	-7.72972	L	LCTY	IE
3306782	Giantsgrave	52.38833	-7.74722	L	LCTY	IE
3306786	Shanbally	52.41333	-7.69694	L	LCTY	IE
3306787	Annsfort	52.41028	-7.67611	L	LCTY	IE
3306788	Kilmore	52.39889	-7.67139	L	LCTY	IE
3306789	Mullenaranky	52.39528	-7.64667	P	PPL	IE
3306790	Ballyvaughan	52.38639	-7.66333	P	PPL	IE
3306791	Milltownbritton	52.41611	-7.65333	L	LCTY	IE
3306792	Grangebeg	52.42389	-7.66667	L	LCTY	IE
3306793	Grove Wood	52.45222	-7.67833	V	FRST	IE
3306794	Killavally Wood	52.42333	-7.62944	V	FRST	IE
3306796	Loughcapple Bridge	52.43083	-7.64889	P	PPL	IE
3306798	Templeetney	52.39944	-7.61944	L	LCTY	IE
3306799	Lisnatubbrid	52.41333	-7.63222	L	LCTY	IE
3306800	Killusty	52.45056	-7.62944	L	LCTY	IE
3306802	Melbourne Bridge	52.46806	-7.60833	P	PPL	IE
3306803	Friarsgrange	52.47472	-7.64667	L	LCTY	IE
3306805	Saucestown Bridge	52.47889	-7.67639	P	PPL	IE
3306812	Toor	52.42056	-7.54139	L	LCTY	IE
3306813	Bawndunhill	52.43417	-7.52917	P	PPLL	IE
3306814	Graigue	52.39833	-7.56778	L	LCTY	IE
3306815	Tullohed	52.42111	-7.51056	L	LCTY	IE
3306816	Ballynacloon	52.40361	-7.50806	L	LCTY	IE
3306818	Kylanoreashy	52.38667	-7.51222	L	LCTY	IE
3306819	Lissadober	52.3975	-7.47111	L	LCTY	IE
3306820	Garryduff	52.41583	-7.46222	L	LCTY	IE
3306822	Ballinurra	52.39472	-7.43861	L	LCTY	IE
3306823	Cloghapistole	52.38583	-7.4375	L	LCTY	IE
3306824	Templemichael	52.43722	-7.46	L	LCTY	IE
3306826	Mullennaglogh	52.44694	-7.46778	P	PPL	IE
3306827	Carrigadoon Hill	52.41145	-7.40674	T	MT	IE
3306828	Curraheen	52.42083	-7.43056	L	LCTY	IE
3306830	Anghvaneen	52.45194	-7.46139	P	PPL	IE
3306831	Newtown Lower	52.39167	-7.41583	P	PPL	IE
3306832	Newtown	52.39917	-7.39667	P	PPL	IE
3306833	Glennaskagh	52.44972	-7.53778	P	PPL	IE
3306835	Carrignagapple	52.45583	-7.52722	T	MT	IE
3306836	Carrickabrock	52.43556	-7.57611	T	MT	IE
3306837	Cnoc an Choinnaidh	52.44584	-7.55503	T	MT	IE
3306838	Cloran New	52.45083	-7.59694	L	LCTY	IE
3306839	Gurtnapisha	52.46139	-7.56833	L	LCTY	IE
3306840	Kylatlea	52.46667	-7.51389	P	PPL	IE
3306842	Ballywalter	52.48472	-7.55639	P	PPL	IE
3306843	Cappaghmore	52.47694	-7.57194	L	LCTY	IE
3306863	Tullowcossaun	52.50028	-7.605	L	LCTY	IE
3306867	Gurteen	52.51444	-7.47444	L	LCTY	IE
3306869	Mullinoly	52.50056	-7.50306	P	PPL	IE
3306870	Jamestown	52.52917	-7.48306	L	LCTY	IE
3306871	Clashbeg	52.54139	-7.51222	L	LCTY	IE
3306872	Ballynonnan	52.52917	-7.55	L	LCTY	IE
3306873	Kilvemnon	52.48972	-7.51556	L	LCTY	IE
3306874	Ballydaggan	52.48111	-7.46917	L	LCTY	IE
3306876	Owning	52.38667	-7.34222	P	PPL	IE
3306877	Templearum	52.38472	-7.29694	P	PPL	IE
3306878	Ashtown	52.39417	-7.29	P	PPL	IE
3306879	Mullenbeg Cross Roads	52.40083	-7.30111	P	PPL	IE
3306880	Mullenbeg	52.41	-7.3025	L	LCTY	IE
3306881	Carricktriss Gorse	52.41173	-7.29094	T	MT	IE
3306882	Garryduff	52.40167	-7.3325	L	LCTY	IE
3306883	Glenbower	52.39611	-7.335	L	LCTY	IE
3306888	Pollrone	52.41278	-7.3625	P	PPL	IE
3306889	Booly Bridge	52.43222	-7.27833	P	PPL	IE
3306890	Raheenarran	52.43333	-7.32333	L	LCTY	IE
3306891	Tussan Cross Roads	52.43333	-7.345	P	PPL	IE
3306892	Inchanaglogh	52.43028	-7.38889	L	LCTY	IE
3306893	Barnadown	52.44611	-7.30306	P	PPL	IE
3306894	Lanoge	52.44611	-7.36639	P	PPL	IE
3306895	Meallaghmore	52.4375	-7.405	L	LCTY	IE
3306897	Frankfort	52.4575	-7.42056	L	LCTY	IE
3306898	Croan	52.4525	-7.43111	P	PPL	IE
3306923	Lemonstown	52.48528	-7.34583	L	LCTY	IE
3306924	Rogerstown Bridge	52.49056	-7.32222	P	PPL	IE
3306925	Ballinva	52.47333	-7.29389	L	LCTY	IE
3306926	Kyle	52.46806	-7.29444	P	PPL	IE
3306927	Dangamnore	52.49333	-7.29222	L	LCTY	IE
3306928	Puitestown	52.48306	-7.28778	L	LCTY	IE
3306930	Graigue	52.47972	-7.37361	L	LCTY	IE
3306931	Roscon	52.47583	-7.39778	L	LCTY	IE
3306932	Whitemount	52.5125	-7.32611	L	LCTY	IE
3306933	Ballyhall	52.50667	-7.37139	L	LCTY	IE
3306934	Coolaghflags	52.50083	-7.38361	P	PPL	IE
3306935	Knockbatton	52.49444	-7.39778	L	LCTY	IE
3306937	Monadubbaun	52.51972	-7.30889	P	PPL	IE
3306938	Raheen	52.50972	-7.30083	L	LCTY	IE
3306939	Kyle	52.50583	-7.39583	L	LCTY	IE
3306940	Currahill	52.46167	-7.34444	P	PPL	IE
3306943	Trenchmore	52.51139	-7.40861	L	LCTY	IE
3306944	Kylefreaghane	52.51333	-7.4525	L	LCTY	IE
3306945	Mallardstown	52.53389	-7.345	L	LCTY	IE
3306946	Goodwinsgarden	52.53611	-7.31611	L	LCTY	IE
3306948	Seven Houses Cross Roads	52.58306	-7.27028	P	PPL	IE
3306949	Burnchurch	52.57528	-7.29444	P	PPL	IE
3306950	Burnchurch Viper	52.56611	-7.29583	L	LCTY	IE
3306951	Ovenstown	52.55778	-7.30139	P	PPL	IE
3306952	Highrath	52.5525	-7.34944	L	LCTY	IE
3306953	Tullamaine	52.56694	-7.34694	P	PPL	IE
3306954	Kilbrickan	52.54583	-7.36917	L	LCTY	IE
3306957	Ballybur	52.59306	-7.305	L	LCTY	IE
3306958	Kilbrids Cross Roads	52.53222	-7.42056	P	PPL	IE
3306959	Cooltogoughagn	52.5525	-7.47889	L	LCTY	IE
3306960	Modeshil	52.54333	-7.47861	L	LCTY	IE
3306961	Islands Bridge	52.54833	-7.51167	P	PPL	IE
3306963	Attateenoe	52.52667	-7.46139	L	LCTY	IE
3306964	Ballintaggart	52.57917	-7.48583	L	LCTY	IE
3306966	Graigueooly	52.57361	-7.38972	L	LCTY	IE
3306967	Skeaghacloran	52.56417	-7.39	L	LCTY	IE
3306968	Lakyle	52.56778	-7.42972	L	LCTY	IE
3306969	Cappahayden	52.56056	-7.45861	L	LCTY	IE
3306971	Ballyline	52.57389	-7.41194	P	PPL	IE
3306972	Killaloe	52.58278	-7.41111	L	LCTY	IE
3306973	Rossmore	52.58806	-7.44639	L	LCTY	IE
3306975	Kilbraghan	52.59444	-7.48083	L	LCTY	IE
3306977	Foilmarnett	52.59444	-7.52	L	LCTY	IE
3306978	Ballingarry Bridge	52.59333	-7.5625	P	PPL	IE
3306979	Ballaghboy	52.57528	-7.52389	L	LCTY	IE
3306982	Garrynoe	52.57944	-7.58194	L	LCTY	IE
3306983	Ballykevin	52.57611	-7.60361	L	LCTY	IE
3306987	Mounvarrin	52.53944	-7.58222	L	LCTY	IE
3306988	Bullylusky Cross Roads	52.53444	-7.62083	P	PPL	IE
3306989	Magowry	52.52472	-7.62389	L	LCTY	IE
3306990	Crohane Upper	52.55028	-7.59972	L	LCTY	IE
3306992	Coolbaun Cross Roads	52.52611	-7.68167	P	PPL	IE
3306993	Kilkennybeg	52.54472	-7.64556	L	LCTY	IE
3306996	Moglass	52.52222	-7.71694	P	PPL	IE
3306997	Crohane Lower	52.56389	-7.61139	L	LCTY	IE
3306998	Mardyke	52.58417	-7.63806	P	PPL	IE
3307000	Graystown	52.56111	-7.70694	P	PPLL	IE
3307004	Copper	52.59111	-7.57333	L	LCTY	IE
3307034	Killeen	52.59833	-7.70722	L	LCTY	IE
3307035	Helen Park	52.56972	-7.70194	P	PPL	IE
3307036	Cathaganstown	52.54694	-7.71444	L	LCTY	IE
3307037	Buffanagh	52.54444	-7.74083	L	LCTY	IE
3307038	Foulkstown	52.53444	-7.75639	L	LCTY	IE
3307040	Ballaghboy	52.54861	-7.78306	L	LCTY	IE
3307042	Carrow	52.55389	-7.80917	L	LCTY	IE
3307043	Rathclogh	52.53972	-7.81333	P	PPLL	IE
3307044	Fussough	52.54611	-7.81361	L	LCTY	IE
3307055	Boscabell	52.52806	-7.86389	L	LCTY	IE
3307056	Gortmakellis	52.54722	-7.88667	L	LCTY	IE
3307064	Ashhill	52.59778	-7.79722	P	PPL	IE
3307066	Lassaha	52.58694	-7.74611	L	LCTY	IE
3307067	Foberadora	52.595	-7.90417	L	LCTY	IE
3307075	Rathaleek	52.61056	-7.28917	P	PPL	IE
3307078	Damma Lower Cross Roads	52.63472	-7.32361	P	PPL	IE
3307079	Aughtanny	52.6275	-7.31611	L	LCTY	IE
3307080	Damma	52.63083	-7.33667	L	LCTY	IE
3307081	Ballycallan	52.62222	-7.36306	P	PPL	IE
3307083	Clonard	52.61278	-7.37694	P	PPL	IE
3307084	Ballykeefe Cross Roads	52.60639	-7.3875	P	PPL	IE
3307085	Ballykeefe Wood	52.61167	-7.39389	V	FRST	IE
3307086	Ballyfrunk	52.63889	-7.36778	L	LCTY	IE
3307087	Goldenfield	52.64528	-7.36806	L	LCTY	IE
3307088	Clasheen Bridge	52.59972	-7.36389	P	PPL	IE
3307090	Ballycuddihy	52.63611	-7.40694	L	LCTY	IE
3307091	Oldtown	52.6425	-7.42417	L	LCTY	IE
3307092	Pottlerath	52.61667	-7.43889	P	PPL	IE
3307093	Killeen	52.62694	-7.46722	L	LCTY	IE
3307094	Gortnagan Cross Roads	52.64722	-7.48194	P	PPL	IE
3307095	Carstown Cross Roads	52.65722	-7.37944	P	PPL	IE
3307097	Thornpack	52.69194	-7.27028	P	PPL	IE
3307098	Dunningstown	52.68306	-7.32361	L	LCTY	IE
3307101	Newtown	52.65917	-7.32389	L	LCTY	IE
3307102	Lacken	52.66861	-7.35583	L	LCTY	IE
3307103	Deerpark	52.67167	-7.29528	L	LCTY	IE
3307104	Dinin Bridge	52.71639	-7.29111	P	PPL	IE
3307105	Tower Bridge	52.7225	-7.27472	P	PPL	IE
3307106	Ballydun	52.66222	-7.36444	L	LCTY	IE
3307107	Ballinamara Cross Roads	52.68306	-7.38083	L	LCTY	IE
3307109	Lis Cross Roads	52.66861	-7.40722	P	PPL	IE
3307110	Lisballyfroot	52.67	-7.43139	L	LCTY	IE
3307111	Brittas Cross Roads	52.67722	-7.43833	P	PPL	IE
3307112	Wallstown	52.68556	-7.41667	L	LCTY	IE
3307113	Knocknamuck	52.69528	-7.45667	P	PPL	IE
3307114	Killahy Cross Roads	52.69028	-7.47722	P	PPL	IE
3307115	Ballyroe	52.70111	-7.42611	L	LCTY	IE
3307116	Sart Cross Roads	52.70778	-7.4025	P	PPL	IE
3307117	Ballyphilip	52.71472	-7.425	L	LCTY	IE
3307164	Leabgarrow	54.99028	-8.5025	P	PPLL	IE
3307165	Lough Shore	55.00083	-8.53444	H	LK	IE
3307168	Calf Island	54.99583	-8.49222	T	ISL	IE
3307169	Lahan Island	54.99972	-8.45833	T	ISL	IE
3307170	Eighter Island	54.99139	-8.47028	T	ISL	IE
3307171	Inishcoo	54.98667	-8.45806	T	ISL	IE
3307172	Edernishfree	54.99111	-8.43139	P	PPLL	IE
3307173	Lough Waskel	54.9925	-8.41056	H	LK	IE
3307174	Lough Atercon	54.98611	-8.38361	H	LK	IE
3307175	Meenbannad Lough	54.99222	-8.3625	H	LK	IE
3307176	Lough Arland	55.0025	-8.43889	H	LK	IE
3307177	Sally’s Lough	54.9975	-8.43972	H	LK	IE
3307178	Lough Nawaugh	55.00083	-8.37972	H	LK	IE
3307179	Lough Nagreagh	55.01	-8.37806	H	LK	IE
3307180	Lough Navreaguoge	55.01611	-8.35806	H	LK	IE
3307187	Lough Nagapple	54.99056	-8.30472	H	LK	IE
3307188	Heather Lough	55.00167	-8.3325	H	LK	IE
3307189	Lough Connell	55.00222	-8.27667	H	LK	IE
3307190	Lough Keel	54.99361	-8.23861	H	LK	IE
3307191	Loughanure	54.99722	-8.29083	P	PPL	IE
3307192	Island Trairagh	54.98861	-8.28194	T	ISL	IE
3307195	Stranarva	54.99056	-8.26222	P	PPLL	IE
3307196	Grogan More	55.00926	-8.22425	T	MT	IE
3307198	Jackstown	55.02861	-8.27111	P	PPL	IE
3307199	Lough Naweeloge	55.02944	-8.34333	H	LK	IE
3307201	Lough Fadda	55.03639	-8.31167	H	LK	IE
3307202	Lough Fad	55.03639	-8.29028	H	LK	IE
3307203	Dore	55.04306	-8.26833	P	PPL	IE
3307212	Inishillintry	55.04361	-8.41111	T	ISL	IE
3307215	Allagh Island	55.07917	-8.36972	T	ISL	IE
3307216	Go Island	55.07833	-8.36333	T	ISL	IE
3307217	Bo Island	55.07972	-8.3375	T	ISL	IE
3307220	Middletown	55.07417	-8.27222	P	PPL	IE
3307222	Stranabrooey	55.09194	-8.26667	P	PPLL	IE
3307224	Lough Aninver	55.11583	-8.29389	H	LK	IE
3307225	Lough Veigha	55.11917	-8.27667	H	LK	IE
3307226	Corveen	55.10528	-8.26361	P	PPLL	IE
3307229	Knockfola	55.14222	-8.28	P	PPLL	IE
3307231	Bloody Foreland	55.13673	-8.26259	T	MT	IE
3307232	Ferry’s Lough	55.13056	-8.21306	H	LK	IE
3307233	Meenaclady	55.14083	-8.22222	P	PPL	IE
3307237	Crockaneeve	55.13639	-8.18611	L	LCTY	IE
3307238	Rocking Stone	55.12333	-8.16472	P	PPLL	IE
3307240	Lough Nagreenan	55.08778	-8.22722	H	LK	IE
3307241	Lough Agrougha	55.07167	-8.16333	H	LK	IE
3307242	Lough Agannive	55.06889	-8.12167	H	LK	IE
3307243	Lough Trusk	55.05611	-8.14333	H	LK	IE
3307246	Tievealehid	55.08255	-8.19966	T	MT	IE
3307255	Meenacung	55.04556	-8.19194	P	PPLL	IE
3307256	Glentornan	55.02	-8.16333	L	LCTY	IE
3307257	Glentornan Lough	55.005	-8.18611	H	LK	IE
3307258	Lough Nabrackbaddy	55.01222	-8.21417	H	LK	IE
3307259	Lough Atirrive	54.99167	-8.155	H	LK	IE
3307260	Lough Maam	54.98972	-8.11472	H	LK	IE
3307261	Crocknafarragh	54.99763	-8.19294	T	MT	IE
3307264	Lough Adinn	55.05222	-8.17333	H	LK	IE
3307268	Maumlack	55.01722	-8.06528	T	MT	IE
3307269	Staghall Mountain	55.00855	-8.0492	T	MT	IE
3307270	Farscallop	55.00126	-8.01033	T	MT	IE
3307271	Croloughan Lough	55.02333	-8.06861	H	LK	IE
3307273	Lough Naweeloge	55.01389	-8.04222	H	LK	IE
3307276	Glenveagh Deer Forest	55.01417	-8.00278	V	FRST	IE
3307279	Lough Muilt	55.08444	-8.05917	H	LK	IE
3307280	Lough Feeane	55.06472	-8.07083	H	LK	IE
3307281	Aghla More	55.06268	-8.07935	T	MT	IE
3307282	Aghla Beg	55.06939	-8.05445	T	MT	IE
3307284	Crocknalaragagh	55.08306	-8.02556	T	MT	IE
3307285	Cashelnagor	55.08389	-8.09639	P	PPLL	IE
3307286	Meendarragh	55.09639	-8.09833	P	PPLL	IE
3307287	Oldtown	55.11556	-8.10694	P	PPLL	IE
3307288	Gay Town	55.10639	-8.13583	P	PPLL	IE
3307289	Cashel Hill	55.11722	-8.13694	P	PPL	IE
3307290	Millmount	55.12194	-8.10972	P	PPLL	IE
3307293	Gortfree	52.61444	-7.49083	L	LCTY	IE
3307297	Ballyness	55.14222	-8.11556	P	PPLL	IE
3307300	Williamstown	52.63444	-7.52722	L	LCTY	IE
3307301	Carowcanon	55.14	-8.07778	P	PPL	IE
3307321	Garranacool	52.60444	-7.54917	L	LCTY	IE
3307325	East Town	55.25806	-8.20611	P	PPL	IE
3307331	Drumdoo	55.16028	-8.025	L	LCTY	IE
3307334	Drumlesk Lough	55.15306	-8.02167	H	LK	IE
3307335	Ballysloe	52.63806	-7.60611	P	PPL	IE
3307336	Ray	55.14639	-8.05556	P	PPL	IE
3307337	Poyntstown	52.62722	-7.62722	L	LCTY	IE
3307338	Earlshill	52.60583	-7.61583	L	LCTY	IE
3307339	Lough Agher	55.12528	-8.00361	H	LK	IE
3307340	Derryreel Lough	55.13556	-8.02306	H	LK	IE
3307342	Foilacamin	52.64056	-7.57444	L	LCTY	IE
3307343	Croaghlosky	55.13083	-8.01778	P	PPLL	IE
3307344	Kildaragh	55.14194	-7.98083	P	PPLL	IE
3307345	Gortnagap	52.645	-7.51472	L	LCTY	IE
3307346	Crockglass	55.14556	-7.96833	P	PPLL	IE
3307348	Swillybrin	55.14944	-7.94889	P	PPLL	IE
3307349	Shanbally	55.15528	-7.97667	P	PPLL	IE
3307350	Port	55.16472	-7.97778	P	PPLL	IE
3307351	Port Lough	55.16028	-7.98139	H	LK	IE
3307355	Lough Naboll	55.11861	-7.98194	H	LK	IE
3307357	Roosky Lough	55.10611	-7.92528	H	LK	IE
3307358	Masiness	55.12833	-7.91306	P	PPLL	IE
3307363	Kingarrow	55.05917	-7.98028	T	MT	IE
3307364	Sliabh an tSratha Greadaithe	55.06778	-7.8724	T	MT	IE
3307365	Crockmore	55.08032	-7.84261	T	MT	IE
3307366	Lough Agannive	55.07639	-7.96472	H	LK	IE
3307367	Brockagh Lough	55.08056	-7.96583	H	LK	IE
3307368	Lough Agarrowen	55.08389	-7.94833	H	LK	IE
3307369	Carrick Lough	55.11361	-7.88889	H	LK	IE
3307370	Derrylaggy	55.09889	-7.85833	P	PPLL	IE
3307371	New Bridge	55.09083	-7.87833	L	LCTY	IE
3307378	Muntermellan	55.19889	-7.96139	P	PPLL	IE
3307379	Breaghy Head	55.19111	-7.91278	T	CAPE	IE
3307385	Portnablagh	55.17806	-7.92944	P	PPL	IE
3307388	Faugher	55.17278	-7.91667	P	PPLL	IE
3307390	Creevagh	55.13889	-7.85222	P	PPLL	IE
3307391	Mullan	55.13194	-7.84778	P	PPLL	IE
3307392	Cashel	55.12611	-7.86944	P	PPL	IE
3307395	Lough More	55.12361	-7.9	H	LK	IE
3307399	Bunbin	55.12167	-7.81194	L	LCTY	IE
3307400	Glenree	55.15278	-7.82639	P	PPLL	IE
3307401	Boggan	52.66444	-7.5125	T	MT	IE
3307402	Drum Irish	55.13861	-7.83361	P	PPLL	IE
3307421	Lisnalea	52.6725	-7.47972	L	LCTY	IE
3307426	Kildrinagh Cross Roads	52.68972	-7.50306	P	PPL	IE
3307428	Newtown	52.675	-7.52667	L	LCTY	IE
3307429	Lisduff Bridge	52.69056	-7.53639	P	PPL	IE
3307430	Rathbeg Bridge	52.685	-7.59167	P	PPL	IE
3307443	Crossoges	52.66417	-7.59333	L	LCTY	IE
3307444	Crab	52.66	-7.60556	L	LCTY	IE
3307445	Bawncreagh	52.65333	-7.62944	L	LCTY	IE
3307446	Clonoura	52.64222	-7.65667	L	LCTY	IE
3307447	Longfordpass South	52.68306	-7.65472	L	LCTY	IE
3307449	Garryclogh	52.68111	-7.62889	L	LCTY	IE
3307450	Derryvella	52.62361	-7.66278	L	LCTY	IE
3307454	Drumgower	52.63056	-7.77722	L	LCTY	IE
3307455	Ballydavia	52.65028	-7.74972	L	LCTY	IE
3307456	Galbooly	52.65111	-7.77444	L	LCTY	IE
3307459	Athlumman	52.69028	-7.74917	L	LCTY	IE
3307461	Moycarky	52.62833	-7.81028	L	LCTY	IE
3307463	Galbertstown	52.62583	-7.85194	P	PPL	IE
3307464	Cloghmartin	52.64194	-7.82111	L	LCTY	IE
3307467	Twoford Bridges	52.61444	-7.89306	P	PPL	IE
3307468	Glenbane	52.6175	-7.88806	L	LCTY	IE
3307469	Leahanmore	54.99688	-7.97419	T	MT	IE
3307470	Kinnaveagh	55.01395	-7.97886	T	MT	IE
3307473	Lough Nambraddan	55.02167	-7.96611	H	LK	IE
3307474	Lough Nacally	55.00889	-7.90694	H	LK	IE
3307475	Claggan Lough	54.99778	-7.92861	H	LK	IE
3307476	Losset	55.03167	-7.88278	P	PPLL	IE
3307477	Glenveagh National Park	55.00722	-8.0025	L	PRK	IE
3307478	Drumfin	55.04861	-7.87361	P	PPLL	IE
3307480	Treantagh	55	-7.84278	P	PPL	IE
3307482	Moneylagan	54.99583	-7.77222	P	PPLL	IE
3307483	Legnahoory	55.00361	-7.80472	P	PPL	IE
3307484	Ellistrin	54.99639	-7.73	P	PPL	IE
3307487	Race End	55.01083	-7.72306	P	PPLL	IE
3307488	Aghalenty	54.99	-7.68389	P	PPLL	IE
3307489	Ards	55.02167	-7.68333	P	PPL	IE
3307491	Ray	55.03528	-7.72167	P	PPLL	IE
3307492	Cottian	55.01806	-7.79639	P	PPLL	IE
3307493	Drumabodan	55.04278	-7.73833	P	PPLL	IE
3307495	Termon	55.04917	-7.81639	P	PPL	IE
3307496	Fern Hill	55.05083	-7.74222	P	PPL	IE
3307497	Portleen	55.05806	-7.73083	P	PPLL	IE
3307498	Moyagh	55.055	-7.70611	P	PPLL	IE
3307500	Lough Reelan	55.09167	-7.79306	H	LK	IE
3307501	Lough Nacreaght	55.10389	-7.75528	H	LK	IE
3307502	Lough Natooey	55.12028	-7.76806	H	LK	IE
3307503	Lough Donnell	55.09361	-7.77306	H	LK	IE
3307508	Ballynaworthra	55.11417	-7.80889	P	PPLL	IE
3307509	Stream’s Town	55.12917	-7.71667	P	PPLL	IE
3307510	Mid Town	55.13472	-7.70222	P	PPLL	IE
3307512	Glenkeo	55.15694	-7.80472	P	PPLL	IE
3307513	Gortnabrade	55.16444	-7.7725	P	PPLL	IE
3307514	Tullagh	55.15472	-7.75111	P	PPL	IE
3307515	Bohernacrusha	52.63278	-7.895	L	LCTY	IE
3307517	The Point	55.17222	-7.73667	P	PPLL	IE
3307518	Seedagh	55.18611	-7.73278	P	PPLL	IE
3307519	Ballyhearin	55.19694	-7.72528	P	PPL	IE
3307521	Lough Anirvere	55.14694	-7.72639	H	LK	IE
3307522	Sheskin	52.68222	-7.85222	P	PPL	IE
3307523	Lough Nameeltoge	55.15806	-7.77611	H	LK	IE
3307525	Island Roy	55.18917	-7.78833	T	ISL	IE
3307526	Bullogfane Bay	55.19472	-7.74278	P	PPL	IE
3307527	Rosapenna	55.18694	-7.82361	P	PPL	IE
3307528	Downings	55.19694	-7.85222	P	PPL	IE
3307532	Cloghbane	55.21472	-7.81472	P	PPLL	IE
3307533	Derrycassan	55.20583	-7.84778	P	PPLL	IE
3307534	Larganreagh	55.19917	-7.83	P	PPLL	IE
3307536	Melmore	55.24194	-7.79583	P	PPLL	IE
3307537	Gortnalughoge	55.23417	-7.79528	P	PPLL	IE
3307540	Sessiagh	55.24	-7.73778	P	PPLL	IE
3307543	Rinboy Lough	55.24361	-7.72222	H	LK	IE
3307544	Lough Naglea	55.21972	-7.74417	H	LK	IE
3307545	Lough Nagreany	55.22167	-7.76944	H	LK	IE
3307546	Kindrum Lough	55.23444	-7.70694	H	LK	IE
3307549	Croaghan Island	55.21361	-7.7075	T	ISL	IE
3307552	Rossblaney	55.18222	-7.69278	P	PPLL	IE
3307553	Glasnagh	55.26	-7.66861	P	PPLL	IE
3307554	Arryheernabin	55.27	-7.64056	P	PPL	IE
3307556	Magheradrumman	55.24972	-7.66444	P	PPL	IE
3307557	Shannagh Lough	55.25417	-7.66417	H	LK	IE
3307558	Cionn an Locha	55.24472	-7.67944	H	LK	IE
3307559	Lough Goragh	55.23722	-7.62667	H	LK	IE
3307565	Carryblagh	55.22361	-7.62306	P	PPLL	IE
3307568	Carran	55.18472	-7.62361	P	PPLL	IE
3307570	Ballynashannagh	55.17972	-7.64333	P	PPLL	IE
3307572	Cloghfin	55.18444	-7.65944	P	PPLL	IE
3307574	Bunnaton	55.17306	-7.58083	P	PPLL	IE
3307575	Upper Town	55.15972	-7.6625	P	PPL	IE
3307576	Milltown	55.16	-7.59	P	PPL	IE
3307582	Lurganboy	55.12333	-7.58833	P	PPL	IE
3307583	Lehardan	55.14306	-7.56444	P	PPL	IE
3307584	Carrodoan	55.12944	-7.54528	L	LCTY	IE
3307591	Ray	55.07417	-7.59722	P	PPL	IE
3307593	Old Town	55.07611	-7.61389	P	PPLL	IE
3307594	Drumacloghan	55.07611	-7.63889	P	PPLL	IE
3307595	Loughros	55.07306	-7.67167	P	PPLL	IE
3307596	Garrygort	55.10139	-7.67278	P	PPLL	IE
3307597	Ballyboe	55.11	-7.66028	P	PPL	IE
3307598	Columbkille Lough	55.09	-7.67583	H	LK	IE
3307601	Gortaway	55.03417	-7.58833	P	PPL	IE
3307602	Claragh	55.02917	-7.68667	P	PPL	IE
3307603	Clooney	55.05472	-7.63806	P	PPLL	IE
3307604	Glencarn	55.04417	-7.65667	P	PPLL	IE
3307605	Glen	55.04917	-7.67056	P	PPLL	IE
3307606	Shellbrook	55.0225	-7.58333	P	PPLL	IE
3307607	Aghangaddy	55.01917	-7.6575	L	LCTY	IE
3307608	Lough Nakey	55.07083	-7.68611	P	PPLL	IE
3307609	Aughnish Isle	55.05194	-7.59806	P	PPLL	IE
3307611	Ballybawn	54.99056	-7.58694	P	PPLL	IE
3307612	Ballybegly	54.99056	-7.58694	P	PPLL	IE
3307615	Killyverry	54.99194	-7.54194	P	PPLL	IE
3307616	Gortlush	54.99667	-7.46083	P	PPLL	IE
3307617	Roosky	54.99222	-7.47917	P	PPL	IE
3307618	Drumboy	55.01556	-7.5375	P	PPLL	IE
3307620	Bohullion	55.01611	-7.47056	P	PPLL	IE
3307621	Bogay	54.99444	-7.43111	P	PPL	IE
3307625	Manner’s Town	55.02139	-7.40444	P	PPLL	IE
3307627	Milltown	55.02333	-7.47611	P	PPLL	IE
3307630	Drumgowan	55.03972	-7.48583	P	PPLL	IE
3307631	Speenoge	55.03944	-7.42833	P	PPL	IE
3307633	Bunnamayne	55.03028	-7.38861	P	PPLL	IE
3307634	Drish Bridge	52.67694	-7.77889	P	PPL	IE
3307636	Bootstown	52.69361	-7.38722	L	LCTY	IE
3307640	Arigna Bridge	52.72694	-7.37111	P	PPL	IE
3307641	Ballycarran	52.72806	-7.32778	L	LCTY	IE
3307643	Gragara	52.74028	-7.28333	L	LCTY	IE
3307644	Cooleeshal	52.72556	-7.35528	L	LCTY	IE
3307645	Clintstown	52.7375	-7.33583	L	LCTY	IE
3307649	Inchbeg	52.74667	-7.36083	L	LCTY	IE
3307650	Castlequarter	55.05444	-7.49611	P	PPLL	IE
3307651	Baylet	55.05472	-7.46167	P	PPLL	IE
3307652	Moress	55.07306	-7.48278	P	PPLL	IE
3307653	Strahack	55.07694	-7.48861	P	PPLL	IE
3307654	Binalt	55.07083	-7.52972	P	PPLL	IE
3307655	Drum	55.06056	-7.52028	P	PPLL	IE
3307657	Inch	55.07028	-7.48056	P	PPL	IE
3307658	Carnaghan	55.05944	-7.49278	P	PPL	IE
3307659	Tieveborne	55.06444	-7.42917	P	PPL	IE
3307663	Lagnadaraugh	55.05083	-7.38667	P	PPLL	IE
3307664	Trooperstown	55.06028	-7.385	P	PPLL	IE
3307665	Drumnacross	55.05889	-7.34889	P	PPLL	IE
3307666	Lenamore	55.05444	-7.31333	P	PPL	IE
3307668	Thompsons Town	55.07806	-7.30611	P	PPL	IE
3307669	Burdoon	55.08694	-7.305	P	PPLL	IE
3307672	Ardmore	55.07972	-7.2775	P	PPLL	IE
3307673	Ture	55.08556	-7.24778	P	PPLL	IE
3307676	Roosky	55.09333	-7.43528	P	PPLL	IE
3307677	Luddan	55.11611	-7.45111	P	PPLL	IE
3307678	Hill Head	55.12139	-7.42583	P	PPLL	IE
3307679	Tullydush	55.1175	-7.39778	P	PPL	IE
3307681	Clonglash	55.1325	-7.40861	P	PPLL	IE
3307682	Clonblesk	55.14556	-7.42556	P	PPLL	IE
3307683	Aught Upper	55.10722	-7.25222	P	PPLL	IE
3307684	Meenyanly	55.11917	-7.32583	L	LCTY	IE
3307685	Glackmore Hill	55.12583	-7.27917	T	MT	IE
3307686	Crocknacraddy	55.13083	-7.29444	T	MT	IE
3307687	Magheralahan	55.13583	-7.2275	P	PPLL	IE
3307688	Leamacrossan Hill	55.14285	-7.26057	T	MT	IE
3307689	Srath	55.14583	-7.28722	P	PPLL	IE
3307691	Illies	55.14833	-7.33194	P	PPL	IE
3307693	Turk	55.16667	-7.32194	P	PPLL	IE
3307696	Grinlieve	55.19029	-7.233	T	MT	IE
3307697	Stranagoppoge	55.17472	-7.23722	P	PPLL	IE
3307698	Meenyollan	55.20278	-7.28167	P	PPLL	IE
3307699	Whitefield	55.19556	-7.25444	P	PPLL	IE
3307700	Glentogher	55.21028	-7.25889	P	PPL	IE
3307701	Kinnagoe	55.16361	-7.40361	P	PPL	IE
3307702	Crocknamaddy	55.17139	-7.37444	T	MT	IE
3307703	Fallask	55.17972	-7.40694	P	PPL	IE
3307704	Meenaward	55.18833	-7.41889	P	PPLL	IE
3307705	Cock Hill	55.15	-7.44472	P	PPL	IE
3307706	Umrycam	55.16028	-7.4325	P	PPLL	IE
3307707	Garrynabullogy	55.16056	-7.47194	P	PPL	IE
3307711	Old Mountain	55.19806	-7.49361	P	PPLL	IE
3307712	Magherabane	55.20556	-7.51722	P	PPLL	IE
3307713	Mullagharry	55.20083	-7.52722	P	PPLL	IE
3307714	Muineagh	55.19417	-7.53028	P	PPLL	IE
3307715	Carha	55.21139	-7.51889	P	PPLL	IE
3307718	Lough Doo	55.20139	-7.43611	H	LK	IE
3307719	Glasmullan	55.21444	-7.41222	P	PPLL	IE
3307721	Magheraboy	55.21139	-7.39389	P	PPLL	IE
3307722	Barnan More	55.21417	-7.37917	T	MT	IE
3307724	Lough Naminn	55.22194	-7.37611	H	LK	IE
3307725	Cloghglass	55.2325	-7.40333	P	PPLL	IE
3307726	Effickmore	55.23278	-7.45667	P	PPLL	IE
3307727	Meendoran	55.23806	-7.38306	P	PPLL	IE
3307728	Cloontagh	55.24861	-7.37056	P	PPLL	IE
3307729	Altahalla	55.24639	-7.40778	P	PPLL	IE
3307730	Cloghfin	55.24917	-7.43472	P	PPLL	IE
3307731	Ballyhallan	55.25944	-7.42389	P	PPLL	IE
3307732	Magheramore	55.25833	-7.35889	P	PPLL	IE
3307733	Straid	55.265	-7.42861	P	PPL	IE
3307735	Lenankeel	55.24056	-7.51611	P	PPL	IE
3307736	Mamore Hill	55.23835	-7.49144	T	MT	IE
3307738	Claggan	55.26389	-7.48722	P	PPL	IE
3307740	Lenan	55.25056	-7.51583	P	PPLL	IE
3307742	Falprobog	55.28083	-7.49917	P	PPLL	IE
3307744	Kindrohid	55.27806	-7.46444	P	PPL	IE
3307745	Bunacrick	55.27694	-7.42444	P	PPLL	IE
3307747	Cloghorn	55.28528	-7.36917	P	PPLL	IE
3307750	Straths Bridge	55.27417	-7.31722	P	PPLL	IE
3307751	Craigawillin	55.27917	-7.31444	P	PPLL	IE
3307754	Balloor	55.29306	-7.33611	P	PPLL	IE
3307755	Fegart	55.29278	-7.31056	P	PPLL	IE
3307756	Claragh	55.30139	-7.33778	P	PPLL	IE
3307758	Lagacurry	55.31	-7.33972	P	PPLL	IE
3307759	Cashel	55.22333	-7.27444	P	PPLL	IE
3307760	Tullymore	55.21139	-7.30917	T	MT	IE
3307761	Golan Bridge	55.23139	-7.33361	L	LCTY	IE
3307762	Inishnaneill	55.23306	-7.27639	P	PPLL	IE
3307764	Craigtown	55.24167	-7.22917	P	PPLL	IE
3307768	Drumaville	55.27833	-7.23694	P	PPLL	IE
3307772	Cracknagh	55.28889	-7.22028	P	PPLL	IE
3307773	Fahan	55.28306	-7.22694	P	PPLL	IE
3307774	Doaghmore	55.30111	-7.31778	P	PPLL	IE
3307776	Ballycramey	55.31167	-7.31167	P	PPLL	IE
3307777	Ballagh	55.31611	-7.29778	P	PPLL	IE
3307778	Glacknabrade	55.31472	-7.27667	P	PPL	IE
3307784	Dunargus	55.335	-7.34528	L	LCTY	IE
3307785	Mossedge	55.32917	-7.30972	P	PPLL	IE
3307786	Umgall	55.33278	-7.29944	P	PPLL	IE
3307791	Keenagh	55.345	-7.31444	P	PPL	IE
3307792	Bree	55.34722	-7.30639	P	PPLL	IE
3307794	Slievebane	55.36917	-7.3375	P	PPL	IE
3307795	Ballygorman	55.3575	-7.31167	P	PPL	IE
3307798	Culoort	55.34944	-7.345	P	PPLL	IE
3307800	Ballyhillin	55.37694	-7.37056	P	PPL	IE
3307805	Oldtown	52.77083	-7.3275	L	LCTY	IE
3307806	Connahy	52.75972	-7.30444	L	LCTY	IE
3307807	Barrack Village	52.76944	-7.27111	P	PPL	IE
3307808	Clontubbrid	52.76111	-7.41667	L	LCTY	IE
3307812	Balleen	52.75306	-7.4375	L	LCTY	IE
3307815	Ballytarkin	52.72361	-7.44833	L	LCTY	IE
3307816	Kyleballyhamoe	52.71833	-7.46472	L	LCTY	IE
3307817	Clomantagh	52.72389	-7.46889	P	PPL	IE
3307819	Balief Cross Roads	52.72472	-7.52222	P	PPL	IE
3307820	Killoshulan	52.74389	-7.48833	L	LCTY	IE
3307821	Donaghmore	52.74417	-7.53417	L	LCTY	IE
3307822	Sevensisters	52.73472	-7.53056	P	PPL	IE
3307823	Spahill	52.7525	-7.50278	L	LCTY	IE
3307824	Tubbrid	52.70889	-7.48972	L	LCTY	IE
3307825	Forehill	52.70167	-7.52722	L	LCTY	IE
3307826	Borrismore	52.71972	-7.55472	L	LCTY	IE
3307827	Foyle Bridge	52.76167	-7.45361	P	PPL	IE
3307828	Ballygowney	52.77806	-7.45917	L	LCTY	IE
3307829	Gorteennamuck	52.77417	-7.49556	L	LCTY	IE
3307830	Gattabaun	52.76694	-7.47083	P	PPL	IE
3307832	Cross of Beggar	52.77667	-7.53278	P	PPL	IE
3307833	Tullanvoolty	52.77306	-7.57222	L	LCTY	IE
3307835	Belle Vue	52.71417	-7.55583	L	LCTY	IE
3307836	Tincashel Cross Roads	52.70722	-7.55889	P	PPL	IE
3307837	Derryfadda	52.74222	-7.65472	L	LCTY	IE
3307838	Derrygreenagh	52.75472	-7.68028	L	LCTY	IE
3307839	Derryville	52.76583	-7.67667	L	LCTY	IE
3307840	Bruckana	52.77361	-7.64222	P	PPL	IE
3307842	Redbrae	54.46528	-8.36861	P	PPLL	IE
3307843	Bundrowe’s Bridge	54.47194	-8.32028	L	LCTY	IE
3307846	Rathglass	54.47333	-8.23417	P	PPLL	IE
3307848	Fairies Bridge	54.48972	-8.275	L	LCTY	IE
3307851	Dunmuckrum	54.48611	-8.21472	P	PPLL	IE
3307853	Assaroe Lake	54.49556	-8.155	H	LK	IE
3307856	Ashbrook	54.47444	-8.19222	P	PPLL	IE
3307857	Guslagh Bridge	54.46944	-8.18806	L	LCTY	IE
3307863	Lough Finn	54.50111	-8.05667	H	LK	IE
3307864	Lough Aghvog	54.51083	-8.08722	H	LK	IE
3307865	Pound Bridge	54.50861	-8.19583	L	LCTY	IE
3307866	Tullyhork Lough	54.51861	-8.16	H	LK	IE
3307867	Wardtown	54.51472	-8.2225	P	PPLL	IE
3307868	Ballure	54.52528	-8.23417	P	PPLL	IE
3307869	Cashellackan	54.52611	-8.19667	P	PPLL	IE
3307870	Cavangarden	54.53056	-8.14111	P	PPL	IE
3307873	Inchirourke	52.72056	-7.63444	L	LCTY	IE
3307874	Longfordpass Bridge	52.69667	-7.63083	P	PPL	IE
3307875	Longfordpass North	52.70806	-7.66472	P	PPL	IE
3307877	Graiguepadeen	52.69806	-7.62528	P	PPL	IE
3307878	Kilnakill	52.70667	-7.6875	L	LCTY	IE
3307879	Castletown	52.71722	-7.69528	L	LCTY	IE
3307880	Boolabeha Bridge	52.70917	-7.7175	P	PPL	IE
3307881	Garranroe	52.71167	-7.74056	L	LCTY	IE
3307882	Lisduff	52.69667	-7.75889	L	LCTY	IE
3307883	Cassestown	52.70111	-7.77333	L	LCTY	IE
3307884	Bohernamona	52.69444	-7.78944	L	LCTY	IE
3307885	Coolaculla	52.72944	-7.76056	L	LCTY	IE
3307886	Lisdonowley	52.74361	-7.75139	L	LCTY	IE
3307887	Baronstown	52.74278	-7.78083	L	LCTY	IE
3307888	Brownstown Cross Roads	52.73278	-7.78667	P	PPL	IE
3307889	Rossestown Bridge	52.71389	-7.80139	P	PPL	IE
3307890	Rossestown	52.70972	-7.78861	P	PPL	IE
3307891	Lenagh	52.70528	-7.84861	L	LCTY	IE
3307892	Kilkillahara	52.72694	-7.84111	L	LCTY	IE
3307893	Kilbrickane	52.75694	-7.80056	L	LCTY	IE
3307895	Barnalisheen	52.76333	-7.72944	P	PPL	IE
3307896	Lisheen Cross Roads	52.76111	-7.73083	P	PPL	IE
3307897	Killanigan	52.76889	-7.76861	P	PPL	IE
3307898	Coogulla	52.77167	-7.79583	L	LCTY	IE
3307899	Penane Bridge	52.77417	-7.815	P	PPL	IE
3307903	Ballybristy	52.73611	-7.85139	L	LCTY	IE
3307904	Carrickloughmore Cross Roads	52.75583	-7.84278	P	PPL	IE
3307905	Whitefield	52.77056	-7.85528	L	LCTY	IE
3307906	Barna Cross	52.78417	-7.87361	P	PPL	IE
3307910	Knocknageragh Bridge	52.80361	-7.80417	P	PPL	IE
3307912	Borrisbeg	52.81556	-7.83917	L	LCTY	IE
3307913	Ballycahall	52.8275	-7.81778	P	PPL	IE
3307915	Killea	52.82361	-7.86972	P	PPL	IE
3307916	Castleleiny	52.78694	-7.80889	L	LCTY	IE
3307918	Clontaaffe	52.84222	-7.83889	L	LCTY	IE
3307920	Graffin	52.84194	-7.77611	P	PPL	IE
3307921	Curraghbristy	52.8375	-7.88694	T	MT	IE
3307923	Tober	52.83472	-7.88056	L	LCTY	IE
3307924	Orkneys Cross Roads	52.85972	-7.84972	P	PPL	IE
3307925	Killough	52.85861	-7.82917	P	PPL	IE
3307927	The Fourteen Roads	52.88583	-7.87778	P	PPL	IE
3307929	Ballyheny	52.90083	-7.8175	P	PPL	IE
3307933	Boolabaun	52.89667	-7.78667	L	LCTY	IE
3307934	Curragunneen	52.89	-7.795	L	LCTY	IE
3307935	Logan Park	52.88083	-7.77389	L	PRK	IE
3307936	Quinlisk’s Cross	52.87333	-7.80694	P	PPL	IE
3307937	Shanakill	52.85944	-7.79389	L	LCTY	IE
3307938	Boggaun	52.85361	-7.77222	L	LCTY	IE
3307940	Boolareagh	52.88472	-7.74306	L	LCTY	IE
3307942	Ballysorrell	52.82111	-7.75111	L	LCTY	IE
3307943	Lahagh	52.81083	-7.75583	P	PPL	IE
3307944	Strogue	52.80056	-7.76889	L	LCTY	IE
3307945	Strogue Cross	52.795	-7.77306	P	PPL	IE
3307946	Killenoher	52.78833	-7.69028	P	PPL	IE
3307947	Tullowmacjames	52.79583	-7.71139	P	PPL	IE
3307950	Garranmaconly	52.89861	-7.67083	P	PPL	IE
3307951	County Bridge	52.89083	-7.705	P	PPL	IE
3307952	Garryduff	52.88278	-7.71167	L	LCTY	IE
3307953	Rathnaleugh	52.88639	-7.66722	P	PPL	IE
3307957	Killadooley	52.89278	-7.64083	L	LCTY	IE
3307958	Coolowley	52.87639	-7.64833	L	LCTY	IE
3307960	Knockahaw	52.85611	-7.725	L	LCTY	IE
3307961	Lisduff	52.85111	-7.72694	L	LCTY	IE
3307963	Rathsaran	52.85139	-7.635	L	LCTY	IE
3307964	Bealady Cross Roads	52.86306	-7.60694	P	PPL	IE
3307967	Harristown Cross Roads	52.84139	-7.61333	P	PPL	IE
3307969	Clonmeen	52.81167	-7.67861	L	LCTY	IE
3307970	Cappalinnan	52.82778	-7.64139	L	LCTY	IE
3307971	Rossdarragh	52.81889	-7.62222	L	LCTY	IE
3307972	Glasha Cross Roads	52.83333	-7.59333	P	PPL	IE
3307973	Graigueadrisly	52.80028	-7.65722	L	LCTY	IE
3307974	Killaghra	52.79278	-7.65139	L	LCTY	IE
3307982	Baunballinlough	52.78167	-7.61111	P	PPL	IE
3307985	Castletown	52.80222	-7.5925	L	LCTY	IE
3307987	Whitewall	52.81361	-7.57972	L	LCTY	IE
3307988	Coolnacrutta	52.79833	-7.51556	L	LCTY	IE
3307989	Rathkyle	52.80278	-7.51639	L	LCTY	IE
3307990	Ballyphilip	52.82472	-7.57306	L	LCTY	IE
3307992	Srahbaun	52.81389	-7.55444	P	PPL	IE
3307994	Srah	52.83083	-7.54528	L	LCTY	IE
3307996	Cannonswood Cross Roads	52.84083	-7.49694	P	PPL	IE
3307997	Scrub and Glenmacolla	52.80556	-7.47972	L	LCTY	IE
3307999	Coneyburrow Bridge	52.85528	-7.56722	P	PPL	IE
3308000	Coolkerry	52.85722	-7.55556	L	LCTY	IE
3308004	Coolfin Cross Roads	52.87306	-7.55583	P	PPL	IE
3308005	Coolbally	52.90056	-7.53361	L	LCTY	IE
3308006	Grantstown Lough	52.87139	-7.5025	H	LK	IE
3308007	Clogh	52.88611	-7.50667	P	PPL	IE
3308009	Guffsborough Cross Roads	52.89778	-7.48333	P	PPL	IE
3308014	Newtown	52.83167	-7.46417	L	LCTY	IE
3308016	Ballyboodin	52.84806	-7.4675	L	LCTY	IE
3308018	Rathnakelly	52.86778	-7.45528	L	LCTY	IE
3308023	New Bridge	52.85611	-7.36444	P	PPL	IE
3308024	Fermoyle	52.86	-7.365	L	LCTY	IE
3308027	Tinnarakeen	52.89056	-7.43889	L	LCTY	IE
3308028	Gully Bridge	52.89278	-7.41806	P	PPL	IE
3308030	Knockmannon Cross Roads	52.78361	-7.41722	P	PPL	IE
3308032	Ballykealy	52.80778	-7.42361	P	PPL	IE
3308034	Parksgrove	52.78444	-7.36083	L	LCTY	IE
3308035	Ballynaskee	52.82139	-7.38139	L	LCTY	IE
3308036	Graigueavoice	52.81556	-7.46722	P	PPL	IE
3308037	Seven Cross Roads	52.79639	-7.28806	P	PPL	IE
3308038	Finnan	52.79639	-7.31583	L	LCTY	IE
3308039	Tinnalintan	52.80917	-7.32333	L	LCTY	IE
3308040	Ballymartin Cross Roads	52.81917	-7.29028	P	PPL	IE
3308041	Glashagal Bridge	52.81722	-7.33472	P	PPL	IE
3308042	Ballycokill	52.84056	-7.32722	L	LCTY	IE
3308043	Ballynalacken	52.82694	-7.29722	L	LCTY	IE
3308044	Firoda	52.82972	-7.27333	L	LCTY	IE
3308045	Castlemarket Bridge	52.85167	-7.32028	P	PPL	IE
3308046	Longhill Bridge	52.86139	-7.29889	P	PPL	IE
3308047	Rosconnell Bridge	52.85111	-7.32889	P	PPL	IE
3308048	Ironmills Bridge	52.86639	-7.29583	P	PPL	IE
3308049	Graigue	52.89944	-7.295	L	LCTY	IE
3308051	Ralish	52.89889	-7.32806	L	LCTY	IE
3308052	Killamuck	52.88444	-7.35778	L	LCTY	IE
3308057	Buncurrig	52.385	-9.81944	L	LCTY	IE
3308058	Togherbane	52.38583	-9.77056	L	LCTY	IE
3308059	Knockbrack	52.37389	-9.75	L	LCTY	IE
3308063	Booleenshare	52.41091	-9.81872	L	LCTY	IE
3308066	Lisduff	52.41522	-9.78261	L	LCTY	IE
3308067	Ballinglanna	52.43293	-9.73509	L	LCTY	IE
3308068	Blackpool	52.42278	-9.70753	L	LCTY	IE
3308069	Ballingarry Island	52.43771	-9.82718	T	ISL	IE
3308070	Ballynaskreena	52.43924	-9.76141	P	PPL	IE
3308072	Crompaun Bridge	52.41331	-9.68491	P	PPL	IE
3308073	Ballincrossig Cross Roads	52.41739	-9.68858	P	PPL	IE
3308076	Killaspicktarvin	52.37194	-9.65778	L	LCTY	IE
3308077	Ballyrechan Bridge	52.38278	-9.58944	P	PPL	IE
3308079	Cloonlogher	52.42198	-9.66572	L	LCTY	IE
3308080	Bushmount	52.4275	-9.68333	L	LCTY	IE
3308084	Knockburrane Cross Roads	52.39194	-9.55861	P	PPL	IE
3308086	Clondouglas	52.38639	-9.57528	L	LCTY	IE
3308087	Mountcoal	52.39417	-9.51639	P	PPL	IE
3308088	Pike Cross Roads	52.39722	-9.48972	P	PPL	IE
3308090	Coolnaleen Cross Roads	52.42827	-9.5	P	PPL	IE
3308094	Ballyhorgan East	52.4175	-9.56556	P	PPL	IE
3308096	Ferry Bridge	52.46924	-9.63318	L	LCTY	IE
3308097	Cloghane	52.46843	-9.68261	L	LCTY	IE
3308098	Ardcullen	52.47051	-9.65178	L	LCTY	IE
3308100	Addergown	52.44766	-9.6991	L	LCTY	IE
3308101	Ardoughter	52.46715	-9.70533	L	LCTY	IE
3308102	Kilmore	52.4742	-9.70435	L	LCTY	IE
3308105	Gortagarrane	52.47832	-9.6119	L	LCTY	IE
3308106	Ballyouneen	52.44785	-9.61075	L	LCTY	IE
3308107	Ballyhorgan	52.45526	-9.64347	L	LCTY	IE
3308108	Kilmulhane	52.49639	-9.62762	L	LCTY	IE
3308109	Moybella North	52.4921	-9.5985	L	LCTY	IE
3308110	Ballyegan	52.47105	-9.57395	P	PPLL	IE
3308111	Ballydonohoe	52.48965	-9.55443	L	LCTY	IE
3308112	Galey Cross Roads	52.47118	-9.54127	P	PPL	IE
3308113	Oaghley	52.45194	-9.57083	P	PPL	IE
3308114	Inch Bridge	52.46801	-9.53468	P	PPL	IE
3308115	Greenville	52.44405	-9.55479	L	LCTY	IE
3308118	Gortacloghane	52.37472	-9.47417	L	LCTY	IE
3308119	Tooreen	52.38028	-9.42444	P	PPL	IE
3308121	Knockundervaul	52.40056	-9.42611	L	LCTY	IE
3308122	The Knight’s Bridge	52.42806	-9.44222	P	PPL	IE
3308123	Beal Leice	52.41944	-9.42889	L	LCTY	IE
3308125	Ballygrenane	52.43151	-9.47801	L	LCTY	IE
3308126	Balton’s Cross Roads	52.44833	-9.44667	P	PPL	IE
3308128	Bunagarho	52.44639	-9.42139	L	LCTY	IE
3308129	Kilcarra	52.40667	-9.36056	L	LCTY	IE
3308130	Knockmeal	52.38806	-9.36333	L	LCTY	IE
3308131	Coolaneelig	52.395	-9.35222	L	LCTY	IE
3308133	Rea	52.41917	-9.34667	L	LCTY	IE
3308134	Pilgrimhill	52.43556	-9.35194	L	LCTY	IE
3308140	Clieveagh	52.45722	-9.49444	L	LCTY	IE
3308142	Bedford Cross Roads	52.47062	-9.4968	P	PPL	IE
3308144	Cloonmarkon	52.47389	-9.44222	L	LCTY	IE
3308145	Derry Cross Roads	52.48139	-9.41417	P	PPL	IE
3308146	Cloonprolas	52.48806	-9.43667	L	LCTY	IE
3308149	Shrone Bridge	52.477	-9.50441	P	PPL	IE
3308150	Glashaunrana Bridge	52.45472	-9.33361	P	PPL	IE
3308151	Kilbaha	52.48111	-9.34222	L	LCTY	IE
3308152	Toberalooreen	52.49861	-9.32667	L	LCTY	IE
3308153	Ahavoher Bridge	52.47722	-9.37111	P	PPL	IE
3308155	Murher	52.49167	-9.3975	L	LCTY	IE
3308156	Gabbett’s Bridge	52.50361	-9.44583	P	PPL	IE
3308160	Lisselton Cross Roads	52.48833	-9.57556	P	PPL	IE
3308162	Barraduff	52.50685	-9.59922	L	LCTY	IE
3308163	Lahesheragh	52.50976	-9.62216	L	LCTY	IE
3308164	Rahavanig	52.5316	-9.63665	L	LCTY	IE
3308167	Ballynoneen	52.5364	-9.58906	L	LCTY	IE
3308168	Kilconly	52.55531	-9.65018	L	LCTY	IE
3308169	Farranastack	52.515	-9.57361	L	LCTY	IE
3308170	Kilgarvan	52.51394	-9.52389	L	LCTY	IE
3308172	Cloonaman	52.55346	-9.52118	L	LCTY	IE
3308177	Glanawillin	52.56111	-9.575	L	LCTY	IE
3308179	Shronowen Bog	52.50833	-9.48306	L	LCTY	IE
3308180	Leitrim Middle	52.51444	-9.38972	L	LCTY	IE
3308181	Glannalappa East	52.51333	-9.32694	L	LCTY	IE
3308182	Leitim East	52.52472	-9.36583	L	LCTY	IE
3308183	Banragoogeen	52.53306	-9.36111	L	LCTY	IE
3308184	Shanaway	52.55472	-9.35833	L	LCTY	IE
3308185	Dooncaha	52.55806	-9.3975	L	LCTY	IE
3308187	Carhoona	52.5625	-9.42222	L	LCTY	IE
3308188	Sullowolen	52.55667	-9.43833	L	LCTY	IE
3308191	Coolnanoonagh	52.57306	-9.42528	L	LCTY	IE
3308196	Goulburn Bridge	52.38056	-9.22306	P	PPLL	IE
3308197	Devonroad	52.38667	-9.24778	L	LCTY	IE
3308198	Templeglentan	52.37972	-9.21472	L	LCTY	IE
3308199	Tulligoline South	52.39528	-9.22694	L	LCTY	IE
3308200	Ballaghbehy	52.40222	-9.27194	L	LCTY	IE
3308202	Oolagh Bridge	52.4175	-9.27361	P	PPL	IE
3308203	Glen Bridge	52.4275	-9.24667	P	PPL	IE
3308204	Knockawauhig	52.41639	-9.18972	T	MT	IE
3308205	Tulligoline North	52.41583	-9.22667	L	LCTY	IE
3308207	Scogh	52.39889	-7.38472	P	PPLL	IE
3308208	Rathomin Bridge	52.41028	-9.34	P	PPL	IE
3308211	Cortnagross	52.44944	-9.29889	L	LCTY	IE
3308213	Meenvline South	52.40028	-9.19361	L	LCTY	IE
3308214	Clash South	52.435	-9.23056	L	LCTY	IE
3308215	Keale	52.44806	-9.19306	T	MT	IE
3308216	Dromarla Mountain	52.44556	-9.23167	T	MT	IE
3308217	Clash North	52.45472	-9.24389	L	LCTY	IE
3308218	Templeathea West	52.4675	-9.28833	P	PPL	IE
3308219	Fairy Street	52.47472	-9.28528	L	LCTY	IE
3308220	Templeathea East	52.47667	-9.24667	L	LCTY	IE
3308221	Knocknagornagh	52.48833	-9.28472	L	LCTY	IE
3308222	Blane Bridge	52.49333	-9.2875	P	PPL	IE
3308223	Glashapullagh	52.50444	-9.27667	L	LCTY	IE
3308224	Knockaunroe	52.4675	-9.21028	L	LCTY	IE
3308225	Inchabaun	52.39139	-9.18361	L	LCTY	IE
3308228	Knockanimpaha	52.44867	-9.15383	T	MT	IE
3308229	Glenduff	52.46833	-9.17111	L	LCTY	IE
3308230	Ballindoughane	52.47639	-9.16639	L	LCTY	IE
3308234	Tooraree	52.53417	-9.25278	P	PPL	IE
3308235	Glenagragara	52.51917	-9.29833	L	LCTY	IE
3308236	Tinnakilla	52.54833	-9.23556	L	LCTY	IE
3308237	Cloonlahard	52.53056	-9.21778	L	LCTY	IE
3308239	Ballynagaul	52.55583	-9.31028	L	LCTY	IE
3308241	Morreen	52.52889	-9.1825	L	LCTY	IE
3308242	Racecourse Cross	52.47694	-7.89111	P	PPLL	IE
3308244	Cloonlahard Bridge	52.54417	-9.20306	P	PPL	IE
3308245	Moneymohill	52.545	-9.16111	L	LCTY	IE
3308246	Cloonty	52.56667	-9.15028	L	LCTY	IE
3308248	Cloonoughter	52.56694	-9.25333	L	LCTY	IE
3308250	Flean Beg	52.555	-9.23472	L	LCTY	IE
3308255	Turnpike	52.66972	-7.68361	P	PPL	IE
3308256	Islands	52.73444	-7.59306	P	PPLL	IE
3308257	Lough	52.76278	-7.62333	P	PPLL	IE
3308259	Kilteery	52.58528	-9.23306	L	LCTY	IE
3308263	Mountshannon Woods	52.6	-9.26833	V	FRST	IE
3308265	Knockphutteen	52.61083	-9.28889	L	LCTY	IE
3308266	Ballina	52.62111	-9.295	L	LCTY	IE
3308267	Lakyle	52.59806	-9.32861	L	LCTY	IE
3308269	Quilty	52.59246	-9.80476	L	LCTY	IE
3308270	Cloonconeen	52.59257	-9.73824	L	LCTY	IE
3308271	Rahona	52.5916	-9.72193	L	LCTY	IE
3308272	Feeard	52.59498	-9.82137	L	LCTY	IE
3308273	Oughterard	52.59783	-9.79676	L	LCTY	IE
3308276	Oldtown	52.63572	-9.75126	P	PPL	IE
3308277	Newtown	52.6349	-9.73094	P	PPL	IE
3308278	Breagliva	52.62778	-9.71778	L	LCTY	IE
3308279	Lisheencrony	52.62586	-9.68989	L	LCTY	IE
3308280	Illaunonearaun	52.6521	-9.73373	T	ISL	IE
3308282	Liscrona	52.61528	-9.675	L	LCTY	IE
3308283	Furroor	52.64934	-9.66744	L	LCTY	IE
3308285	Tullaroe	52.65034	-9.62342	L	LCTY	IE
3308287	Querrin	52.6354	-9.59607	P	PPL	IE
3308294	Farnane	52.64611	-8.425	P	PPLL	IE
3308295	Scilly Island	52.89472	-8.40778	T	ISL	IE
3308296	Castletown Bridge	52.87819	-8.37985	P	PPL	IE
3308297	Rahaniska	52.64746	-9.59068	L	LCTY	IE
3308298	Blackweir Bridge	52.66716	-9.58894	P	PPL	IE
3308299	Garraun	52.66897	-9.58165	L	LCTY	IE
3308300	Bishop’s Island	52.67444	-9.6925	T	ISL	IE
3308303	West End	52.6798	-9.66091	L	LCTY	IE
3308304	Ballyonan	52.66525	-9.66975	P	PPL	IE
3308305	Corbally	52.70196	-9.63729	L	LCTY	IE
3308306	Lisluinaghan	52.68954	-9.61609	L	LCTY	IE
3308307	Emlagh	52.68053	-9.56699	L	LCTY	IE
3308309	Tullaher	52.69806	-9.58389	L	LCTY	IE
3308310	Carrowblough More	52.69861	-9.61193	L	LCTY	IE
3308311	Einlagh	52.68694	-9.53611	L	LCTY	IE
3308312	Farrihy	52.70444	-9.60333	P	PPL	IE
3308313	Farrihy Lough	52.71991	-9.6014	H	LK	IE
3308314	Doonmore	52.72674	-9.56696	L	LCTY	IE
3308317	Lough Lee	54.53583	-8.05944	H	LK	IE
3308318	Lough Fisla	54.52639	-8.06333	H	LK	IE
3308321	Roshin Lough	54.52667	-8.115	H	LK	IE
3308322	Carricknahorna Lough	54.53667	-8.11222	H	LK	IE
3308323	Lough Acapple	54.55194	-8.00361	H	LK	IE
3308324	Lough Narath	54.54972	-8.08639	H	LK	IE
3308325	Lough Mardal	54.55583	-8.07667	H	LK	IE
3308326	Garvanagh Lough	54.55278	-8.12167	H	LK	IE
3308327	Lough Gorman	54.54667	-8.13222	H	LK	IE
3308328	Tully	54.51194	-8.06611	P	PPLL	IE
3308329	Laheen	54.53778	-8.13889	P	PPLL	IE
3308331	Ardpattan Lough	54.53583	-8.15861	H	LK	IE
3308332	Cashel	54.53694	-8.20194	P	PPL	IE
3308335	Balloghure	54.55611	-8.13917	P	PPLL	IE
3308338	Durnesh	54.56972	-8.17389	P	PPL	IE
3308339	Dromore	54.57139	-8.155	P	PPL	IE
3308340	Birra Lough	54.57278	-8.16806	H	LK	IE
3308341	Connor Bridge	54.57583	-8.135	P	PPLL	IE
3308342	Rockhill	54.57083	-8.11306	P	PPLL	IE
3308344	Glen Lough	54.56583	-8.08472	H	LK	IE
3308345	Pollnaranny	54.57278	-8.02694	L	LCTY	IE
3308347	Shannagh	54.59278	-8.05417	P	PPL	IE
3308348	Truinman Lough	54.60083	-8.08833	H	LK	IE
3308350	Drumoake Bridge	54.58528	-8.13944	P	PPLL	IE
3308351	Drunickory	54.59583	-8.13556	P	PPLL	IE
3308354	Mullanacross	54.58917	-8.16278	P	PPL	IE
3308355	Mullanasole	54.605	-8.135	P	PPL	IE
3308358	Rooney’s Island	54.62361	-8.14139	T	ISL	IE
3308359	Rossillybeg	54.61472	-8.12472	P	PPLL	IE
3308360	Rossmore	54.62611	-8.11889	P	PPLL	IE
3308361	Carrick	54.61028	-8.10833	P	PPL	IE
3308362	Carrick Bridge	54.61361	-8.08528	P	PPLL	IE
3308363	Raneany Bridge	54.62194	-8.06806	P	PPLL	IE
3308364	Killard	52.74664	-9.55549	L	LCTY	IE
3308365	Caherlean	52.7401	-9.57409	P	PPL	IE
3308366	Mountrivers Bridge	52.73629	-9.49443	P	PPL	IE
3308367	Derryard	52.71472	-9.52972	L	LCTY	IE
3308370	Coolnacreehaun Bridge	52.73556	-9.49278	P	PPL	IE
3308373	Carrowncalla	52.65139	-9.53722	L	LCTY	IE
3308379	Moanmore	52.68042	-9.50569	L	LCTY	IE
3308381	Ballyboyle Island	54.63778	-8.14	T	ISL	IE
3308382	Carter’s Bridge	54.64278	-8.09028	P	PPLL	IE
3308383	Drumbar	54.64389	-8.06361	P	PPLL	IE
3308384	Moyne Bridge	54.63472	-8.05917	P	PPLL	IE
3308385	Murlas Bridge	54.65389	-8.13806	P	PPLL	IE
3308386	Ballyboyle	54.64167	-8.14417	P	PPL	IE
3308389	Drummenny Bridge	54.65944	-8.04917	P	PPLL	IE
3308390	Lackan	54.64028	-8.055	P	PPLL	IE
3308391	Copan	54.64583	-8.03056	P	PPLL	IE
3308392	Finmore Bridge	54.6475	-7.99778	P	PPLL	IE
3308394	Finnabanes	54.67111	-8.03583	P	PPLL	IE
3308395	Clogher Hill	54.67278	-7.95333	T	MT	IE
3308398	Golard Lough	54.62139	-8.04306	H	LK	IE
3308399	Lough Boyle	54.62944	-7.9775	H	LK	IE
3308400	Lough Keeran	54.61806	-7.97833	H	LK	IE
3308401	Lough Keagh	54.64861	-8.05139	H	LK	IE
3308402	Croaghnameal	54.66181	-7.94341	T	MT	IE
3308404	Lough Slug	54.6875	-7.95528	H	LK	IE
3308405	Lough Golagh	54.68802	-7.93247	H	LK	IE
3308406	Lough Nabrackboy	54.69806	-7.93111	H	LK	IE
3308407	Lough Namaddy	54.70389	-7.93194	H	LK	IE
3308408	Loughnaweelagh	54.69611	-7.92083	H	LK	IE
3308409	Kelly’s Bridge	54.66139	-7.90194	L	LCTY	IE
3308411	Barnesmore	54.71661	-7.94334	T	MT	IE
3308413	Ardeevin	54.69111	-8.01944	P	PPL	IE
3308416	Garvagh	54.7075	-8.02667	P	PPLL	IE
3308417	Croaghconnellagh	54.7247	-7.96505	T	MT	IE
3308418	Lough Amincheen	54.72306	-7.99472	H	LK	IE
3308419	Barnes Bridge	54.73222	-7.93778	P	PPLL	IE
3308420	Barnes Lough	54.7375	-7.96417	H	LK	IE
3308421	Lough Ankeeran	54.73611	-8.01417	H	LK	IE
3308422	Lough Aderry	54.73667	-8.02444	H	LK	IE
3308423	Greenan Bridge	54.72472	-8.04083	P	PPLL	IE
3308424	Edergole Bridge	54.72944	-8.04611	P	PPLL	IE
3308430	Croaghbrack	54.75883	-7.94638	T	MT	IE
3308433	Red Burn Bridge	54.7525	-7.91083	L	LCTY	IE
3308435	Lough Sallagh	54.76972	-7.9125	H	LK	IE
3308436	Blackburn Bridge	54.77583	-7.85361	P	PPLL	IE
3308438	Taughboy	54.75361	-7.83444	P	PPLL	IE
3308441	Ardmore Hill	54.63778	-7.9075	T	MT	IE
3308443	Lough Mulreavy	54.64861	-7.92556	H	LK	IE
3308445	Oughtadreen	54.63333	-7.94389	T	MT	IE
3308447	Lough Barderg	54.61639	-7.95	H	LK	IE
3308450	Lough Sallagh	54.60056	-7.96556	H	LK	IE
3308452	Lough Natragh	54.58611	-7.98528	H	LK	IE
3308453	Meennaraha	54.57611	-7.96389	P	PPLL	IE
3308457	Lough Unan	54.58972	-7.87139	H	LK	IE
3308458	Lough Monica	54.6125	-7.82361	H	LK	IE
3308461	Crockkinnagoe	54.59969	-7.80889	T	MT	IE
3308464	Lough Veenagreane	54.61444	-7.72194	H	LK	IE
3308466	Tullylark	54.58389	-7.78333	P	PPLL	IE
3308468	Lemacraig	54.56917	-7.85528	P	PPLL	IE
3308469	Aghalough	54.56639	-7.84167	P	PPLL	IE
3308470	Lough Navarnan	54.55611	-7.8775	H	LK	IE
3308471	Drumgun Lough	54.54972	-7.865	H	LK	IE
3308472	Bannus Lough	54.54111	-7.87361	H	LK	IE
3308473	Lough Namnamurrive	54.55722	-7.91528	H	LK	IE
3308474	Glenmore Bridge	54.55722	-7.89667	P	PPLL	IE
3308476	Lough Ultan	54.5675	-7.89472	H	LK	IE
3308477	Tullykinroe	54.54	-7.90667	P	PPLL	IE
3308478	Lough Laghtowen	54.55639	-7.92611	H	LK	IE
3308479	Aguse Loughs	54.56528	-7.94694	H	LKS	IE
3308483	Lough Rushen	54.54278	-7.97167	H	LK	IE
3308484	Lough Shivnagh	54.55694	-7.98139	H	LK	IE
3308485	Tully	54.55528	-8.00639	P	PPLL	IE
3308486	Lough Glanlagh More	54.56944	-8.01278	H	LK	IE
3308487	Glaskeeragh Lough	54.56472	-8	H	LK	IE
3308488	Curragh	54.72222	-7.72972	L	LCTY	IE
3308489	Cornabrogue	54.75333	-7.68861	P	PPLL	IE
3308490	Meenawogary	54.73861	-7.70944	P	PPLL	IE
3308491	Meenagolan	54.73389	-7.74556	P	PPL	IE
3308493	Gortahork	54.75889	-7.75056	P	PPLL	IE
3308494	Corraffrin	54.77083	-7.77111	P	PPLL	IE
3308498	Cross Roads	54.78583	-7.69056	P	PPL	IE
3308499	Kilcaddan	54.79306	-7.71417	P	PPLL	IE
3308501	Navenny	54.79556	-7.77278	P	PPLL	IE
3308503	Burn Daurnett Bridge	54.7925	-7.80611	P	PPLL	IE
3308505	Clooneylissaun	52.62583	-9.44222	L	LCTY	IE
3308506	Saint Senah’s Lough	52.63111	-9.40611	H	LK	IE
3308507	Molougha	52.63611	-9.42361	L	LCTY	IE
3308508	Kilcarroll	52.64	-9.42722	L	LCTY	IE
3308509	Carrowfree	52.64806	-9.41722	L	LCTY	IE
3308510	Cappry	54.8	-7.8125	P	PPLL	IE
3308513	Moyadda	52.6525	-9.44194	L	LCTY	IE
3308514	Knockerry	52.6525	-9.39278	L	LCTY	IE
3308516	Aghaveagh	54.79667	-7.88528	P	PPLL	IE
3308519	Ballard	54.80833	-7.96722	P	PPLL	IE
3308520	Tullabrack Lough	52.68028	-9.45083	H	LK	IE
3308521	Gowerhass	52.67556	-9.43917	L	LCTY	IE
3308522	Letterkilley	54.79444	-7.99639	P	PPL	IE
3308523	Tullagower	52.67306	-9.41333	L	LCTY	IE
3308525	Carrowniska	52.65444	-9.34444	L	LCTY	IE
3308526	Priesttown	54.81583	-7.95694	P	PPL	IE
3308527	Bleanmore	52.64889	-9.34611	L	LCTY	IE
3308528	Commeen	54.81917	-7.97528	P	PPL	IE
3308529	Tarmon	52.64972	-9.37389	L	LCTY	IE
3308530	Aughanloge Bridge	52.64778	-9.31583	P	PPL	IE
3308531	Tonduff	54.8275	-7.94778	P	PPLL	IE
3308534	Crocknahamid	54.83778	-7.9925	T	MT	IE
3308535	Binvoran	52.67833	-9.31111	L	LCTY	IE
3308536	Tallycreen Bridge	52.67361	-9.30944	P	PPL	IE
3308539	Derrygeena Lough	52.65278	-9.2525	H	LK	IE
3308540	Derrynaleeka	52.66056	-9.28556	L	LCTY	IE
3308541	Derriniddane	52.66694	-9.2625	L	LCTY	IE
3308542	New Bridge	52.65389	-9.235	P	PPL	IE
3308544	Slievenlooney	52.62694	-9.23111	L	LCTY	IE
3308545	Coleen Bridge	52.62139	-9.20944	L	LCTY	IE
3308546	Gortnagan Lough	52.67917	-9.26139	H	LK	IE
3308547	Croony Bridge	52.68972	-9.23167	P	PPL	IE
3308548	Cloontrinagh	52.67861	-9.23667	L	LCTY	IE
3308549	Derrynageeha	52.6875	-9.27778	L	LCTY	IE
3308550	Burrenfadda	52.70028	-9.20972	L	LCTY	IE
3308551	Goulbourne Bridge	52.70222	-9.30167	P	PPL	IE
3308552	Corraige	52.70167	-9.2725	L	LCTY	IE
3308555	Cronloughan	54.77583	-8.02194	H	LK	IE
3308558	Croaghanirwore	54.7509	-7.99705	T	MT	IE
3308559	Croaghnageer	54.74569	-7.98316	T	MT	IE
3308561	Mullaghnadreesruhan	54.755	-8.05056	L	LCTY	IE
3308562	Lough Gulladuff	54.7425	-8.04806	H	LK	IE
3308565	Banagher Lough	54.70389	-8.08806	H	LK	IE
3308566	Banagher Hill	54.71929	-8.07989	T	MT	IE
3308568	Lackcrom	54.70333	-8.11778	P	PPLL	IE
3308569	Meenataggart	54.72028	-8.12417	P	PPL	IE
3308570	Limestone Brook Bridge	54.68528	-8.07083	P	PPLL	IE
3308571	Winterhill	54.6775	-8.09111	P	PPLL	IE
3308572	Deningornan Bridge	54.67806	-8.10472	P	PPLL	IE
3308573	Red Bridges	54.66472	-8.13056	P	PPL	IE
3308574	Ballydevill	54.66944	-8.14556	P	PPLL	IE
3308575	Tullabrack	52.68505	-9.48828	L	LCTY	IE
3308576	Dromore	54.65639	-8.18306	P	PPLL	IE
3308577	Altadoo	54.68222	-8.17167	P	PPLL	IE
3308578	Dangananella	52.70889	-9.45444	L	LCTY	IE
3308579	Churchtown	52.71583	-9.39833	L	LCTY	IE
3308580	Cahercannavan	52.71472	-9.37111	L	LCTY	IE
3308581	Drumboarn Bridge	54.69722	-8.15528	P	PPLL	IE
3308582	Teernacloghane	52.70139	-9.41111	L	LCTY	IE
3308583	Letterbarra	54.69056	-8.18167	P	PPL	IE
3308584	Clooncullin Bridge	52.69917	-9.38722	P	PPL	IE
3308586	Derrycrossaun Bridge	52.69889	-9.34472	P	PPL	IE
3308587	Leitrim	52.72972	-9.38556	L	LCTY	IE
3308588	Cahermurphy	52.73861	-9.35972	L	LCTY	IE
3308589	Cloghaun	52.76361	-9.3925	L	LCTY	IE
3308590	Knocknahila	52.7725	-9.38278	L	LCTY	IE
3308591	Cahermurphy	52.75806	-9.35	L	LCTY	IE
3308592	Gortaheera	52.76361	-9.3325	P	PPL	IE
3308595	Knockbrack	52.75361	-9.31083	L	LCTY	IE
3308597	Lough Nacrag	52.76972	-9.30194	H	LK	IE
3308599	Greygrove	52.74	-9.27833	L	LCTY	IE
3308600	Tullyvoos	54.61583	-8.27778	P	PPLL	IE
3308601	Drumgorman	54.63472	-8.27083	P	PPLL	IE
3308602	Lough Acrow	52.7625	-9.19528	H	LK	IE
3308603	Raneely	54.60917	-8.29278	P	PPLL	IE
3308604	Drumconor	54.64444	-8.25556	P	PPLL	IE
3308605	Sorrel Island Bridge	52.76472	-9.2375	P	PPL	IE
3308606	Furroor	52.74583	-9.22611	L	LCTY	IE
3308607	Lough Achryane	52.72722	-9.20778	H	LK	IE
3308608	Lough More	52.7275	-9.29611	H	LK	IE
3308609	Knockmore	52.73083	-9.30111	L	LCTY	IE
3308610	Ballydureen	52.71833	-9.26028	L	LCTY	IE
3308615	Saint Peter’s Lough	54.6525	-8.20861	H	LK	IE
3308616	Glencoagh Lough	54.65889	-8.21083	H	LK	IE
3308618	Bonnyglen	54.66306	-8.25778	P	PPLL	IE
3308619	Eanymore Bridge	54.68139	-8.24	P	PPL	IE
3308620	Drumagraa Bridge	54.68806	-8.21306	P	PPLL	IE
3308621	Eanybeg Bridge	54.68806	-8.23944	P	PPLL	IE
3308623	Carraduffy	54.68861	-8.27861	P	PPL	IE
3308627	Camlargy Lough	54.71222	-8.20917	H	LK	IE
3308628	Lettermore	54.71167	-8.24222	P	PPLL	IE
3308629	Tullynaglack	54.72	-8.2125	P	PPLL	IE
3308631	Cronagass	54.72611	-8.24194	P	PPLL	IE
3308632	Carn Lough	54.74528	-8.20083	H	LK	IE
3308633	Meenaguse Lough	54.74111	-8.15139	H	LK	IE
3308635	Carnaween	54.74971	-8.19331	T	MT	IE
3308637	Lough Nabrackbautia	54.76278	-8.12056	H	LK	IE
3308638	Lough Anarget	54.76417	-8.13944	H	LK	IE
3308643	Lough Shivnagh	54.76889	-8.20028	H	LK	IE
3308647	Lough Anna	54.78111	-8.23639	H	LK	IE
3308648	Lough Nasnahida	54.76611	-8.24278	H	LK	IE
3308650	Mullanmore	54.79278	-8.23778	P	PPL	IE
3308651	Meenachallow	54.78333	-8.27167	P	PPLL	IE
3308652	Kilrean	54.78056	-8.3175	P	PPL	IE
3308653	Mullenieran Bridge	54.78972	-8.28889	P	PPLL	IE
3308654	Tullykonwar	54.7575	-8.30389	P	PPLL	IE
3308655	Lough Nillan	54.7475	-8.31056	H	LK	IE
3308656	Sir Albert’s Bridge	54.73556	-8.29111	L	LCTY	IE
3308657	Bolooghra	52.71611	-9.2125	L	LCTY	IE
3308660	Knocknahila Bridge	52.78361	-9.3975	P	PPL	IE
3308661	Ballymackea	52.81	-9.43083	L	LCTY	IE
3308666	Ahnagh Cross	52.82083	-9.41667	P	PPL	IE
3308667	Drehidnaraga Bridge	52.80611	-9.38139	P	PPL	IE
3308668	Moyglass Bridge	52.79667	-9.36583	P	PPL	IE
3308673	Cleedagh Bridge	52.85889	-9.42778	P	PPL	IE
3308675	Green Island	52.89194	-9.415	T	ISL	IE
3308677	Ballynew Bridge	52.86167	-9.35361	P	PPL	IE
3308678	Hogan’s Bridge	52.84583	-9.37556	P	PPL	IE
3308679	Ballinphonta	52.86694	-9.39028	L	LCTY	IE
3308680	Bealoughter	52.89222	-9.37	L	LCTY	IE
3308681	Ailtbrack Lough	52.88972	-9.33833	H	LK	IE
3308682	Illaunbaun	52.86667	-9.31528	P	PPLL	IE
3308685	Tullinlough	54.71222	-8.26361	H	LK	IE
3308686	Tamur Lough	54.72056	-8.29556	H	LK	IE
3308687	Meenybraddan	54.71972	-8.30167	P	PPLL	IE
3308688	Meenagolan	54.69389	-8.34611	P	PPLL	IE
3308689	Croagh	54.68694	-8.33194	P	PPL	IE
3308693	Crocknasharrach	54.67167	-8.34333	P	PPLL	IE
3308695	Drumnadart	54.65667	-8.30528	P	PPLL	IE
3308696	Drumnakilly	54.64778	-8.30417	P	PPLL	IE
3308697	Port	54.64	-8.30694	P	PPLL	IE
3308699	Keelogs	54.64139	-8.35639	P	PPLL	IE
3308701	Lisavaddy	54.65639	-8.35222	P	PPLL	IE
3308702	Calhaine	54.64972	-8.37667	P	PPL	IE
3308703	Milltown	54.64083	-8.38889	P	PPL	IE
3308705	Claggan	54.6725	-8.38667	P	PPLL	IE
3308706	Ballyloughan	54.63361	-8.40861	P	PPLL	IE
3308711	Portned Island	54.59972	-8.40083	T	ISL	IE
3308713	Ballysuggart	54.59417	-8.39944	P	PPLL	IE
3308716	Killurtan	54.58556	-8.43722	P	PPLL	IE
3308717	Carntullagh Head	54.61444	-8.43722	T	CAPE	IE
3308718	Rotten Island	54.61444	-8.44056	T	ISL	IE
3308719	Carntullagh	54.62444	-8.43028	P	PPLL	IE
3308722	Drumanoo	54.61139	-8.4675	P	PPLL	IE
3308725	Saint Catherines	54.62417	-8.46278	P	PPLL	IE
3308729	Drumdoo	54.68194	-8.38472	P	PPLL	IE
3308730	Bungosteen Bridge	54.6725	-8.42056	P	PPLL	IE
3308731	Lough Aroshin	54.67389	-8.46472	H	LK	IE
3308732	Lough Adeery	54.68417	-8.44194	H	LK	IE
3308733	Balbane	54.69028	-8.445	P	PPLL	IE
3308735	Crocknapeast	54.70042	-8.47692	T	MT	IE
3308736	Roeckrow	54.70528	-8.45	P	PPLL	IE
3308737	Meentullynagarn	54.69944	-8.40417	P	PPLL	IE
3308738	Meentullynagarn Bridge	54.69278	-8.40028	P	PPLL	IE
3308740	Altnagapple	54.72833	-8.37611	P	PPLL	IE
3308741	Crocknagapple	54.73333	-8.33528	P	PPLL	IE
3308742	Cronkeeran	54.74722	-8.37667	P	PPLL	IE
3308743	Ardvally	54.74	-8.36083	P	PPLL	IE
3308744	Monargan Glebe	54.75611	-8.38972	P	PPLL	IE
3308745	Owenea Lough	54.74833	-8.3375	H	LK	IE
3308746	Cashel	54.73722	-8.42056	P	PPLL	IE
3308748	Aighe	54.73722	-8.43083	P	PPLL	IE
3308749	Bracky Bridge	54.75306	-8.42389	P	PPLL	IE
3308750	Common Bridge	54.74667	-8.42444	P	PPLL	IE
3308753	Owenea Bridge	54.77639	-8.41	P	PPLL	IE
3308754	Glengesh Hill	54.74528	-8.46278	T	MT	IE
3308755	Glengesh	54.74083	-8.44694	P	PPLL	IE
3308756	Croaghavehy	54.7309	-8.49125	T	MT	IE
3308758	Stravally	54.72944	-8.54778	P	PPLL	IE
3308759	Scregganiller	54.74806	-8.50139	T	MT	IE
3308762	Laconnell	54.76028	-8.49972	P	PPLL	IE
3308764	Crockuna	54.7386	-8.57829	T	MT	IE
3308765	Lergynasearhagh	54.72417	-8.56417	P	PPLL	IE
3308766	Lough Croaghballaghdown	54.76222	-8.57806	H	LK	IE
3308767	Mulnanaff	54.69134	-8.50163	T	MT	IE
3308769	Crove	54.70583	-8.53611	P	PPL	IE
3308774	Lough Nambraddan	54.67639	-8.58056	H	LK	IE
3308775	Crowkeeragh	54.66972	-8.56778	P	PPLL	IE
3308776	Meananeary	54.70194	-8.60917	P	PPLL	IE
3308777	Meenychannon	54.66194	-8.56333	P	PPLL	IE
3308778	Kilcasey	54.65278	-8.59472	P	PPLL	IE
3308779	Cashlings Bridge	54.64528	-8.59361	P	PPLL	IE
3308783	Shalwy	54.62417	-8.53139	P	PPL	IE
3308786	Croaghbeg	54.62333	-8.55167	P	PPLL	IE
3308787	Muckros	54.61306	-8.58111	P	PPLL	IE
3308788	Cashel	54.62833	-8.61111	P	PPLL	IE
3308789	Currs	54.63417	-8.62361	P	PPLL	IE
3308790	Derrylahan	54.64028	-8.62889	P	PPLL	IE
3308791	Drumveagh	54.64139	-8.59639	P	PPLL	IE
3308793	Carrick Lower Bridge	54.65028	-8.64583	P	PPLL	IE
3308796	One Man’s Pass	54.65167	-8.68861	T	PASS	IE
3308797	Lough Agh	54.65583	-8.68972	H	LK	IE
3308802	Lough Unna	54.67778	-8.66806	H	LK	IE
3308803	Bogagh	54.665	-8.61389	P	PPLL	IE
3308805	Straleel	54.68028	-8.62694	P	PPLL	IE
3308807	Straleel North	54.69028	-8.64028	P	PPLL	IE
3308810	Lough Divna	54.70056	-8.66389	H	LK	IE
3308811	Lough Auva	54.67667	-8.71722	H	LK	IE
3308812	Lough Unshagh	54.68361	-8.7	H	LK	IE
3308814	Leahan	54.6676	-8.74931	T	MT	IE
3308816	Crimlin Bridge	54.6725	-8.77972	P	PPLL	IE
3308818	Meenavean	54.67361	-8.68917	P	PPLL	IE
3308819	Doonalt	54.70639	-8.7525	P	PPLL	IE
3308821	Cashel	54.70806	-8.73778	P	PPLL	IE
3308822	Gannew Bridge	54.70944	-8.71667	L	LCTY	IE
3308823	Kilgoly	54.71111	-8.69556	P	PPLL	IE
3308824	Meenadreen	54.71944	-8.66389	P	PPLL	IE
3308825	Lough Geeta	54.715	-8.65	H	LK	IE
3308827	Kinnakillew	54.71778	-8.70111	P	PPLL	IE
3308828	Craigbeefan	54.72	-8.71778	P	PPLL	IE
3308831	Meenacross	54.72472	-8.65139	P	PPLL	IE
3308833	Croaghacullion	54.72826	-8.66816	T	MT	IE
3308834	Kiltyfanned Lough	54.74028	-8.65667	H	LK	IE
3308835	Lougheraherk	54.74389	-8.63778	P	PPLL	IE
3308836	Stranagartan	54.73361	-8.61056	P	PPLL	IE
3308837	Straboy	54.74556	-8.6225	P	PPLL	IE
3308838	Lough Anaffrin	54.75444	-8.64417	H	LK	IE
3308840	Toralaydan Island	54.75417	-8.70917	T	ISL	IE
3308841	Port	54.74778	-8.69833	P	PPL	IE
3308843	Lough Meenachrinna	54.72833	-8.68	H	LK	IE
3308844	Lough Adoochro	54.76667	-8.61583	H	LK	IE
3308845	Glendorragha	54.78083	-8.51556	P	PPL	IE
3308846	Cloghboy	54.775	-8.49278	P	PPLL	IE
3308848	Crannogeboy	54.77083	-8.46917	P	PPL	IE
3308849	Shanaghan	54.76806	-8.45	P	PPLL	IE
3308850	Crumlin	54.76056	-8.45556	P	PPLL	IE
3308853	Derryness	54.78667	-8.44306	P	PPLL	IE
3308854	Tully More	54.79194	-8.4	P	PPL	IE
3308855	Beagh Bridge	54.79528	-8.43667	P	PPLL	IE
3308856	Kilclooney Bridge	54.80722	-8.44139	L	LCTY	IE
3308858	Sandfield	54.80278	-8.4475	P	PPLL	IE
3308859	Tully Beg	54.80417	-8.38056	P	PPL	IE
3308860	Lough Free	54.79917	-8.37917	H	LK	IE
3308861	Loughfad Hill	54.81583	-8.40667	P	PPL	IE
3308862	Lough Derryduff	54.82056	-8.39583	H	LK	IE
3308864	Lough Namanlagh	54.82694	-8.37778	H	LK	IE
3308865	Lough Fad	54.82972	-8.425	H	LK	IE
3308866	Summy Lough	54.82139	-8.46	H	LK	IE
3308867	Sheskinmore Lough	54.80972	-8.4675	H	LK	IE
3308870	Rossbeg	54.81722	-8.51528	P	PPLL	IE
3308872	Inishbarnog	54.81389	-8.55972	T	ISL	IE
3308875	Doon Lough	54.83056	-8.46361	H	LK	IE
3308876	Inishkeel	54.84889	-8.45556	T	ISL	IE
3308877	Clooney Lough	54.83944	-8.43389	H	LK	IE
3308878	Clogher	54.83722	-8.42556	P	PPLL	IE
3308879	Clooney	54.83917	-8.40944	P	PPLL	IE
3308882	Lough Ananima	54.79722	-8.32167	H	LK	IE
3308883	Lough Lavagh	54.81889	-8.33	H	LK	IE
3308884	Lough Nagarnaman	54.82583	-8.32194	H	LK	IE
3308885	Lough Nacroaghy	54.8325	-8.27083	H	LK	IE
3308889	Mulnamin	54.83194	-8.32389	P	PPLL	IE
3308890	Derkmore Lough	54.83444	-8.29944	H	LK	IE
3308891	Derryloaghan	54.8475	-8.2575	L	LCTY	IE
3308894	Drumnalough	54.81028	-8.25056	H	LK	IE
3308897	Shallogan	54.83667	-8.22194	P	PPLL	IE
3308898	Stracashel	54.81778	-8.18528	P	PPLL	IE
3308899	Clogher North	54.81556	-8.08972	T	MT	IE
3308900	Croveenananta	54.80013	-8.09249	T	MT	IE
3308901	Croaghubbrid	54.78932	-8.13132	T	MT	IE
3308902	Tangaveane	54.79278	-8.17167	P	PPLL	IE
3308903	Graffy	54.81194	-8.16889	P	PPL	IE
3308906	Tievelough	54.80972	-8.15083	P	PPLL	IE
3308907	Knockletteragh	54.83639	-8.07139	P	PPLL	IE
3308908	Tieveragh	54.84167	-8.11083	L	LCTY	IE
3308909	Lough Errig	54.8625	-8.17639	H	LK	IE
3308910	Lough Nambraddan	54.87139	-8.13778	H	LK	IE
3308912	Scraigs	54.85941	-8.10352	T	MT	IE
3308913	Bellanamore	54.86917	-8.05556	P	PPL	IE
3308914	Lough Sluvnagh	54.87389	-8.06889	H	LK	IE
3308915	Glashagh	54.85417	-8.03083	P	PPL	IE
3308916	Cummirk Bridge	54.86556	-8.00861	P	PPLL	IE
3308917	Cavan	54.8225	-7.69833	P	PPLL	IE
3308919	Drumgumberland	54.85444	-7.68583	P	PPLL	IE
3308920	Corcam	54.80639	-7.7225	P	PPLL	IE
3308922	Lough Alaan	54.81167	-7.75833	H	LK	IE
3308923	Kilross	54.83472	-7.74528	P	PPLL	IE
3308924	Callan	54.85667	-7.76222	P	PPLL	IE
3308926	Lettermakenny	54.82833	-7.78722	P	PPLL	IE
3308927	Cloghroe	54.85139	-7.77778	P	PPLL	IE
3308931	Three Tops	54.86389	-7.89167	T	MT	IE
3308932	Gramvan	54.82056	-7.825	L	LCTY	IE
3308933	Burnside	54.81472	-7.82833	P	PPLL	IE
3308934	Aughkeely	54.8675	-7.81056	P	PPLL	IE
3308935	Drumnacross	54.86694	-7.7675	P	PPL	IE
3308936	Cronamuck	54.90889	-7.87139	T	MT	IE
3308937	Cronaglack	54.905	-7.92778	T	MT	IE
3308940	Meenasrona	54.87083	-7.9475	P	PPLL	IE
3308941	Arbatt	54.87833	-7.97972	P	PPLL	IE
3308944	Kingarrow	54.9	-8.03833	P	PPL	IE
3308949	Stralongford	54.88889	-7.75111	P	PPLL	IE
3308950	Legland	54.87278	-7.76806	P	PPLL	IE
3308953	Glenoughty	54.92139	-7.74194	P	PPLL	IE
3308954	Corranagh	54.92056	-7.69639	P	PPLL	IE
3308955	Listack	54.91056	-7.77056	P	PPLL	IE
3308956	Rareagh Upper	54.90722	-7.79194	P	PPLL	IE
3308957	Letterleague	54.92028	-7.78222	P	PPL	IE
3308959	Doon	54.93389	-7.80861	P	PPLL	IE
3308961	Bunnagee	54.94194	-7.69417	P	PPLL	IE
3308962	Lubber	54.97056	-7.70639	P	PPLL	IE
3308965	Killyclug	54.97556	-7.77389	P	PPLL	IE
3308969	Ward’s Town	54.95306	-7.84861	P	PPLL	IE
3308970	Rashadoge	54.93722	-7.83944	P	PPLL	IE
3308971	Sockar	54.98444	-7.83778	P	PPL	IE
3308976	Ballinlaght	54.92139	-7.92083	P	PPLL	IE
3308980	Brallanmore	54.95167	-8.00194	T	PK	IE
3308982	Seacor	54.93806	-7.90167	P	PPLL	IE
3308983	Corderry	54.975	-7.93778	P	PPLL	IE
3308985	Glendowan	54.96944	-7.95833	P	PPL	IE
3308987	Crockbarabrista	54.915	-8.07222	T	PK	IE
3308989	Lough Nanuroge	54.91778	-8.11667	H	LK	IE
3308992	Drumnaha	54.89056	-8.14667	P	PPLL	IE
3308993	Drumaneany Lough	54.89972	-8.16417	H	LK	IE
3308994	Cloghernagore	54.90472	-8.13444	L	LCTY	IE
3308995	Lough Nabrack	54.86056	-8.19056	H	LK	IE
3308996	Loughs Aneane	54.86611	-8.23667	H	LKS	IE
3308998	Ballynacarrick	54.86472	-8.27667	P	PPLL	IE
3309000	Croaghacullin	54.96306	-8.03667	T	MT	IE
3309001	Moylenanav	54.96722	-8.07101	T	MT	IE
3309002	Cnoc an Stualaire	54.94028	-8.0616	T	MT	IE
3309006	Commeen	54.94833	-8.12833	P	PPLL	IE
3309007	Lough Natangaduff	54.92528	-8.165	H	LK	IE
3309008	Nasnahida Lough	54.91833	-8.23056	H	LK	IE
3309009	Lough Crockatrillen	54.93417	-8.20972	H	LK	IE
3309010	Lough Anillar	54.95056	-8.20833	H	LK	IE
3309011	Loughinisland	54.9325	-8.21528	H	LK	IE
3309018	Lettermacaward	54.84806	-8.31639	P	PPL	IE
3309019	Toome Lough	54.85667	-8.31556	H	LK	IE
3309020	Ranny Lough	54.86361	-8.34056	H	LK	IE
3309021	Lough Machugh	54.87583	-8.29	H	LK	IE
3309022	Lough Garrive	54.8875	-8.29583	H	LK	IE
3309023	Lough Acloghbolie	54.89306	-8.27528	H	LK	IE
3309025	Ballincrick	54.86556	-8.36222	P	PPLL	IE
3309026	Derrylough	54.87333	-8.33611	P	PPL	IE
3309029	Dooey Point	54.87972	-8.38694	T	CAPE	IE
3309030	Lough Nanuarragh	54.90278	-8.27778	H	LK	IE
3309033	Lough Gannivegil	54.91472	-8.27667	H	LK	IE
3309034	Lough Nabrackmore	54.9175	-8.26111	H	LK	IE
3309035	Lough Namurrig	54.91167	-8.29528	H	LK	IE
3309036	Meenlecknalore Lough	54.92361	-8.31	H	LK	IE
3309037	Lough Anillanowennamarve	54.92278	-8.25222	H	LK	IE
3309041	Derrydruel	54.91083	-8.33833	P	PPL	IE
3309042	Crocknasharragh	54.96175	-8.16154	T	MT	IE
3309044	Crockfadda	54.97	-8.13917	T	PK	IE
3309045	Addernymore	54.98329	-8.17412	T	MT	IE
3309046	Crovehy	54.94988	-8.27074	T	MT	IE
3309047	Lough Agannive	54.98194	-8.14722	H	LK	IE
3309048	Lough Altmanus	54.96556	-8.1875	H	LK	IE
3309049	Lough Croangar	54.95583	-8.22694	H	LK	IE
3309050	Lough Nagilly	54.96417	-8.26139	H	LK	IE
3309051	Loughs Lack	54.9675	-8.24583	H	LKS	IE
3309052	Lough Adreen	54.93583	-8.25167	H	LK	IE
3309053	Lough Anoon	54.94194	-8.27833	H	LK	IE
3309054	Ballaghfill Lough	54.965	-8.28139	H	LK	IE
3309055	Ardmeen	54.97778	-8.26	P	PPLL	IE
3309056	Meencorwick	54.98444	-8.24194	P	PPLL	IE
3309057	Brockagh	54.94556	-8.24333	P	PPLL	IE
3309058	Meenatotan	54.93333	-8.29167	P	PPLL	IE
3309059	Lough Fad	54.94028	-8.31778	H	LK	IE
3309060	Lough Nageeragh	54.93667	-8.36583	H	LK	IE
3309062	Drummeen	54.94889	-8.34056	P	PPL	IE
3309063	Lough Craghy	54.95389	-8.32222	H	LK	IE
3309064	Dunglow Lough	54.95611	-8.34111	H	LK	IE
3309065	Loughs Leaghan	54.97083	-8.29778	H	LKS	IE
3309067	Parknatomogard	54.96972	-8.33889	P	PPLL	IE
3309068	Loughs Nabrack	54.98028	-8.35722	H	LKS	IE
3309069	Meenacross	54.90778	-8.38222	P	PPL	IE
3309070	Lough Pollrory	54.9	-8.39583	H	LK	IE
3309071	Aghnish Lough	54.91944	-8.425	H	LK	IE
3309072	Lough Salt	54.9125	-8.39444	H	LK	IE
3309073	Lough Ilian	54.93194	-8.39444	H	LK	IE
3309074	Crohy	54.91194	-8.44194	P	PPLL	IE
3309080	Toberkeen	54.93806	-8.38083	P	PPLL	IE
3309082	Inisheane	54.94778	-8.39639	T	ISL	IE
3309083	Inishal	54.95	-8.425	T	ISL	IE
3309084	Inishmeal	54.97167	-8.43389	T	ISL	IE
3309085	Meenmore	54.95889	-8.39111	P	PPL	IE
3309086	Meenanalbany	54.97861	-8.38056	P	PPLL	IE
3309087	Illancrone	54.94306	-8.48056	T	ISL	IE
3309088	Ballintra	54.97917	-8.50139	P	PPL	IE
3309089	Aphort	54.97639	-8.51944	P	PPLL	IE
3309092	Aillroe More	52.63806	-9.17778	L	LCTY	IE
3309093	Effernan	52.64444	-9.18306	P	PPL	IE
3309094	Effernan Lough	52.64722	-9.15083	H	LK	IE
3309095	Gortnahana	52.66306	-9.1875	L	LCTY	IE
3309096	Cloonsnagnta Lough	52.68056	-9.16139	H	LK	IE
3309097	Gortglass Lough	52.68444	-9.15111	H	LK	IE
3309098	Craghera	52.69722	-9.17556	L	LCTY	IE
3309099	Boulliagh	52.77917	-9.23	L	LCTY	IE
3309100	Tullaghaboy	52.79806	-9.24972	L	LCTY	IE
3309102	Lellesagle	52.78167	-9.18778	L	LCTY	IE
3309103	Doolough	52.7825	-9.27889	L	LCTY	IE
3309104	Drummin	52.7775	-9.34167	L	LCTY	IE
3309105	Sruhaunakit Bridge	52.80306	-9.33806	L	LCTY	IE
3309106	Knocknabolry	52.81056	-9.28917	L	LCTY	IE
3309107	Kinturk	52.81389	-9.24139	L	LCTY	IE
3309108	Glen Bridge	52.82111	-9.23083	P	PPL	IE
3309109	Caherogan	52.8375	-9.36194	L	LCTY	IE
3309111	Shanavogh	52.82694	-9.305	L	LCTY	IE
3309112	Lough Boolynagreana	52.83	-9.27306	H	LK	IE
3309113	Magherabaun	52.83389	-9.25778	L	LCTY	IE
3309114	Letterkelly	52.8525	-9.30389	L	LCTY	IE
3309115	Cloghannmore	52.85278	-9.33722	P	PPL	IE
3309118	Lough Akit	52.85694	-9.22361	H	LK	IE
3309119	Reanagishagh	52.81528	-9.20139	L	LCTY	IE
3309120	Crow’s Bridge	52.8475	-9.19361	P	PPL	IE
3309121	Farmoyle	52.85639	-9.19972	P	PPL	IE
3309123	Boolyduff	52.86694	-9.27083	L	LCTY	IE
3309124	Fahanlunaghta Bridge	52.88083	-9.28917	P	PPL	IE
3309125	White’s Bridge	52.8875	-9.30889	P	PPL	IE
3309126	Knockatullaghhaun	52.88972	-9.29111	L	LCTY	IE
3309127	Derrymore Bridge	52.88278	-9.24722	P	PPL	IE
3309128	Knockacullen	52.89333	-9.24194	L	LCTY	IE
3309129	Lough Caum	52.88	-9.215	H	LK	IE
3309130	Bauntlieve	52.86917	-9.23694	L	LCTY	IE
3309131	Cloonmackan Lough	52.86778	-9.19333	H	LK	IE
3309132	Regalnka Bridge	52.89417	-9.20361	P	PPL	IE
3309137	Ratheahill West	52.3975	-9.15167	L	LCTY	IE
3309138	Ratheahill East	52.40778	-9.12972	L	LCTY	IE
3309140	Ballymurragh	52.41111	-9.15806	L	LCTY	IE
3309141	Barnagh	52.41583	-9.14722	L	LCTY	IE
3309142	Arranagh	52.40306	-9.09556	L	LCTY	IE
3309143	Rahanagh	52.415	-9.11167	L	LCTY	IE
3309146	Ballygeel	52.41667	-9.06222	L	LCTY	IE
3309147	Crean	52.42222	-9.11111	L	LCTY	IE
3309148	Ballyconway	52.42889	-9.10972	L	LCTY	IE
3309149	Killaghteen	52.44139	-9.10917	L	LCTY	IE
3309154	Lisheemine Bridge	52.43083	-9.0325	P	PPL	IE
3309156	Shaneath	52.41556	-9.01361	L	LCTY	IE
3309157	Ashgrove Bridge	52.46667	-9.09917	P	PPL	IE
3309158	Dromin	52.45667	-9.12306	L	LCTY	IE
3309159	Ballyfraley Bridge	52.46333	-9.03028	P	PPL	IE
3309161	Daar Bridge	52.47139	-9.06722	P	PPL	IE
3309164	Ballynabearna	52.48306	-9.12639	L	LCTY	IE
3309165	Oldmill Bridge	52.47833	-9.10222	P	PPL	IE
3309166	Danganville Bridge	52.48528	-9.08944	P	PPL	IE
3309167	Killard	52.47861	-9.06	L	LCTY	IE
3309168	Glensharrold	52.50417	-9.15222	P	PPL	IE
3309169	Raws Lower	54.76056	-7.60111	P	PPLL	IE
3309172	Dartan	54.75194	-7.64944	P	PPLL	IE
3309174	Graffy	54.77278	-7.56444	P	PPLL	IE
3309175	Moanroe	52.39583	-9.01361	L	LCTY	IE
3309176	Curragh Bridge	52.42139	-8.98111	P	PPL	IE
3309177	Cormakilly	54.77917	-7.58861	P	PPL	IE
3309178	Dunnaloo	54.78611	-7.55833	P	PPLL	IE
3309179	Cloghfin	54.79417	-7.55194	P	PPL	IE
3309181	Ballybun	54.78111	-7.61028	P	PPLL	IE
3309182	Ringsend	54.79472	-7.59139	P	PPLL	IE
3309183	Tirinisk	54.79667	-7.61139	P	PPLL	IE
3309184	Liscooly Bridge	54.79667	-7.64222	P	PPLL	IE
3309185	Drummurphy	54.78556	-7.63083	P	PPLL	IE
3309186	Ballyarrell	54.79083	-7.6575	P	PPLL	IE
3309187	Drumfergus	54.77972	-7.6725	P	PPLL	IE
3309188	Magheraboy	54.77444	-7.65389	P	PPLL	IE
3309189	Harpers Town	54.76889	-7.66028	P	PPLL	IE
3309191	Carrickcolman	54.80139	-7.62417	P	PPLL	IE
3309192	Liscooly	54.79944	-7.64278	P	PPLL	IE
3309193	High Town	54.805	-7.64333	P	PPL	IE
3309194	Mullingar	54.80528	-7.67639	P	PPLL	IE
3309195	Leaght	54.81611	-7.6475	P	PPLL	IE
3309198	Killindarragh	54.81861	-7.5125	P	PPLL	IE
3309200	Ardnaglass	54.81528	-7.54972	P	PPLL	IE
3309202	Kilmonaster	54.82333	-7.57722	P	PPLL	IE
3309205	Holmes’s Town	54.82306	-7.63111	P	PPL	IE
3309206	Roosky Upper	54.82639	-7.66361	P	PPL	IE
3309208	Carrickbrack	54.84972	-7.64333	P	PPL	IE
3309209	Milltown	54.84806	-7.61972	P	PPL	IE
3309211	Cloghfin	54.84389	-7.57611	P	PPL	IE
3309212	Tops	54.85028	-7.59806	P	PPLL	IE
3309213	Figart	54.85722	-7.6325	P	PPLL	IE
3309215	Mallaghanny	54.85889	-7.56361	L	LCTY	IE
3309216	Rossgeir	54.84917	-7.50028	P	PPL	IE
3309217	Gortin	54.85806	-7.52389	P	PPLL	IE
3309219	Balliniska	52.40583	-8.99528	L	LCTY	IE
3309220	Island More	54.85583	-7.45833	T	ISL	IE
3309222	Chesterfield	52.46639	-9.01778	L	LCTY	IE
3309224	Grange Bridge	52.46194	-9.02111	P	PPL	IE
3309225	Brownfield	54.86889	-7.51667	P	PPLL	IE
3309226	Loghill	52.47972	-8.99111	P	PPL	IE
3309227	Reens Bridge	52.49056	-9.00333	P	PPL	IE
3309228	Creaghadoos	54.88806	-7.49444	P	PPLL	IE
3309230	Ballylennan	54.88861	-7.5175	P	PPLL	IE
3309231	Ballyallinan	52.48917	-8.97472	L	LCTY	IE
3309232	Tullyrap	54.85722	-7.6325	P	PPLL	IE
3309234	Drumbeg	54.88278	-7.55028	P	PPL	IE
3309236	Lettergull	54.89583	-7.5275	P	PPLL	IE
3309240	Flemings Town	54.88222	-7.67083	P	PPLL	IE
3309241	Cooleappagh	52.52333	-9.03139	L	LCTY	IE
3309242	Cornagillah	54.88694	-7.67528	P	PPL	IE
3309243	Waterville	52.53333	-9.02861	P	PPL	IE
3309249	Sheskinapoll	54.91028	-7.57472	P	PPL	IE
3309250	Glenmaquin	54.90556	-7.66611	P	PPLL	IE
3309252	Whitehill	54.91306	-7.46444	P	PPLL	IE
3309253	Tullyonven	54.9225	-7.47111	P	PPLL	IE
3309256	Heatheryhill	54.91556	-7.55306	P	PPLL	IE
3309257	Castledowey	54.91972	-7.56278	P	PPLL	IE
3309258	Ardagh	54.93694	-7.53472	P	PPLL	IE
3309259	Lismoghry	54.93778	-7.55111	P	PPL	IE
3309260	Galdonagh	54.94306	-7.57194	P	PPLL	IE
3309261	Rocktown	54.91444	-7.61111	P	PPLL	IE
3309262	Drumoghill	54.93694	-7.59361	P	PPLL	IE
3309263	Lisclamer	54.925	-7.60972	P	PPLL	IE
3309264	Drumadowan	54.91472	-7.65667	P	PPLL	IE
3309265	Tullybegly	54.94583	-7.59194	P	PPLL	IE
3309266	Raymoghy	54.94611	-7.62028	P	PPLL	IE
3309267	Leslie Hill	54.93583	-7.62639	P	PPLL	IE
3309268	Blind Town	54.93806	-7.6675	P	PPLL	IE
3309269	Dromore	54.94611	-7.66944	P	PPLL	IE
3309270	Irineragh	54.95111	-7.66361	P	PPLL	IE
3309271	Rossbrackan	54.95167	-7.63722	P	PPLL	IE
3309273	Sallybrook	54.95889	-7.56917	P	PPLL	IE
3309274	Drumbarnet Upper	54.96361	-7.57611	P	PPLL	IE
3309275	Magherabeg	54.96944	-7.6125	P	PPLL	IE
3309276	Moneyhaughly	54.97417	-7.58972	P	PPL	IE
3309278	Drumbarnet	54.98139	-7.56111	P	PPLL	IE
3309279	Mill Town	54.98028	-7.53389	P	PPLL	IE
3309280	Gortree	54.97667	-7.52694	P	PPL	IE
3309281	Glensmill	54.96944	-7.53028	P	PPLL	IE
3309283	Plaster	54.98389	-7.52722	P	PPLL	IE
3309285	Monglass	54.97889	-7.44444	P	PPLL	IE
3309286	Listicall	54.96806	-7.47528	P	PPLL	IE
3309287	Cloon	54.96889	-7.44139	P	PPLL	IE
3309288	Cross	54.95528	-7.48694	P	PPLL	IE
3309289	Tober	54.95639	-7.50139	P	PPLL	IE
3309290	Dernacally	54.94889	-7.46667	P	PPLL	IE
3309292	Killea	54.97944	-7.4125	P	PPL	IE
3309293	Imlick	54.97139	-7.41639	P	PPLL	IE
3309295	Marsh South	53.99611	-6.35278	P	PPLL	IE
3309296	Ballymascanlan	54.02833	-6.35083	P	PPL	IE
3309299	Jenkinstown Cross	54.02083	-6.30694	P	PPLL	IE
3309302	Slievenaglogh	54.01684	-6.2631	T	MT	IE
3309304	Rampark	53.99972	-6.26278	P	PPL	IE
3309307	Giles Quay	53.9875	-6.245	L	LCTY	IE
3309313	The Bush	53.99806	-6.19556	P	PPL	IE
3309314	Ardtully	53.99472	-6.175	P	PPLL	IE
3309315	Rogans Cross Roads	54.00444	-6.17722	P	PPLL	IE
3309316	Ballagan	54.00528	-6.12333	P	PPLL	IE
3309317	Boharboy	54.01167	-6.13861	P	PPL	IE
3309320	Grange Cross	54.01333	-6.1875	P	PPLL	IE
3309321	Rourkes Town	54.01833	-6.22167	P	PPLL	IE
3309322	Barnavave	54.02694	-6.205	T	MT	IE
3309324	Slieve Foye	54.04443	-6.21625	T	MT	IE
3309325	Knocknamona	54.03917	-6.23972	P	PPLL	IE
3309326	Cloughmore	54.04583	-6.25306	P	PPLL	IE
3309327	Spellickanee	54.03889	-6.26778	P	PPLL	IE
3309328	The Castle	54.04417	-6.28889	T	MT	IE
3309333	Carnavaddy	54.06141	-6.30095	T	MT	IE
3309335	Ballymakellelt	54.04167	-6.33278	P	PPLL	IE
3309337	Currathir Bridge	54.06722	-6.34861	P	PPLL	IE
3309338	The Ben Rock	54.07139	-6.33111	T	PK	IE
3309339	Tullaghomeath	54.07472	-6.28389	P	PPLL	IE
3309340	Ardaghy	54.08389	-6.28389	P	PPLL	IE
3309341	Two Mile River Bridge	54.06444	-6.21861	P	PPLL	IE
3309342	Ballyonen	54.06438	-6.24259	P	PPLL	IE
3309343	Ballinteskin	54.06861	-6.26753	P	PPLL	IE
3309346	Drummullagh	54.09278	-6.26472	L	LCTY	IE
3309347	Cornamucklagh	54.10417	-6.29306	P	PPLL	IE
3309348	Anglesey Mountain	54.0975	-6.3117	T	MT	IE
3309349	Clermont	54.09222	-6.32528	T	MT	IE
3309350	Edentober	54.10833	-6.3475	P	PPLL	IE
3309352	Glan Cross Roads	53.95194	-7.65667	P	PPLL	IE
3309353	Gulladoo Lough	53.95139	-7.62194	H	LK	IE
3309354	Cullies Lough	53.96222	-7.60361	H	LK	IE
3309356	Rockfield Lough	53.98111	-7.58333	H	LK	IE
3309358	Mullanadarragh	53.96861	-7.67389	P	PPLL	IE
3309359	Caltoughs Lough	53.9925	-7.65417	H	LK	IE
3309361	Kilnamar Lough	54.00222	-7.60444	H	LK	IE
3309363	Drumbrick	54.01222	-7.64944	P	PPL	IE
3309364	Clooncose	54.02583	-7.67472	P	PPLL	IE
3309365	Raleagh	54.03111	-7.62639	P	PPLL	IE
3309366	Doogary	54.03778	-7.62917	P	PPL	IE
3309367	Drummany	54.0275	-7.58889	P	PPLL	IE
3309368	Eylagh	54.04472	-7.6025	P	PPLL	IE
3309369	Woodford	54.05833	-7.68194	P	PPLL	IE
3309370	Ballymagauran Lough	54.06306	-7.67528	H	LK	IE
3309371	Ballymagauran	54.07083	-7.67972	P	PPLL	IE
3309372	Toberlyan	54.07444	-7.63694	P	PPLL	IE
3309373	Coologe Lough	54.06583	-7.63972	H	LK	IE
3309374	Derrycassan Lough	54.05694	-7.65722	H	LK	IE
3309375	Gortnaleck Lough	54.08944	-7.66028	H	LK	IE
3309376	Camagh Lough	54.08	-7.65056	H	LK	IE
3309377	Templeport Lough	54.09694	-7.67361	H	LK	IE
3309378	Killycluggin	54.09333	-7.63611	P	PPLL	IE
3309379	Corville	54.10472	-7.64639	P	PPLL	IE
3309381	Drumane	54.10722	-7.61806	P	PPLL	IE
3309383	Fartrin Cross Roads	54.07972	-7.595	P	PPLL	IE
3309384	Fartrin	54.0875	-7.58972	P	PPLL	IE
3309385	Callaghs	54.07056	-7.60028	P	PPLL	IE
3309386	Clonty Lough	54.06167	-7.58222	H	LK	IE
3309387	Greenville	54.06972	-7.58444	P	PPLL	IE
3309388	Carn Cross Roads	54.07528	-7.55278	P	PPLL	IE
3309389	Togher Lough	54.08306	-7.57778	H	LK	IE
3309390	Aghavoher Lough	54.09083	-7.55278	H	LK	IE
3309391	Lough Rud	54.09167	-7.56472	H	LK	IE
3309394	Moher	54.11889	-7.63111	P	PPLL	IE
3309395	Annagh Lough	54.11833	-7.55333	H	LK	IE
3309399	Kilsob	54.1175	-7.66361	P	PPLL	IE
3309400	Sralahan	54.12972	-7.63528	P	PPLL	IE
3309401	Gortnavreghan	54.13556	-7.65833	L	LCTY	IE
3309402	Finaghoo	54.15306	-7.66639	L	LCTY	IE
3309403	Aghakinnigh	54.16417	-7.67361	L	LCTY	IE
3309404	Drumbar	54.17889	-7.66611	P	PPLL	IE
3309406	Cuillaghan Lough	54.11222	-7.53361	H	LK	IE
3309407	Killywilly Lough	54.10417	-7.54139	H	LK	IE
3309408	Holy Lough	54.10111	-7.51583	H	LK	IE
3309409	Drummany Lough	54.10472	-7.49167	H	LK	IE
3309410	Long Lough	54.09889	-7.49389	H	LK	IE
3309411	Barn Lough	54.09444	-7.51028	H	LK	IE
3309412	Clonamullig Lough	54.09361	-7.5225	H	LK	IE
3309413	Greaghrahan	54.09278	-7.5375	P	PPLL	IE
3309416	Glen	54.10972	-7.50139	P	PPLL	IE
3309418	Dungummin Lough	54.08333	-7.54444	H	LK	IE
3309421	Derrygeeraghan Lough	54.07639	-7.46306	H	LK	IE
3309423	Drumasladdy	54.08917	-7.49778	P	PPL	IE
3309424	Kilconny Lough	54.10889	-7.45361	H	LK	IE
3309425	Raheelan	54.12083	-7.45028	P	PPLL	IE
3309426	Lagan	54.12103	-7.48157	P	PPL	IE
3309427	Straheglin	54.09111	-7.435	P	PPLL	IE
3309428	Putiaghan	54.08278	-7.4425	P	PPLL	IE
3309429	Black Lough	54.07306	-7.44667	H	LK	IE
3309430	Corraback Lough	54.12806	-7.46111	H	LK	IE
3309431	Drumard Lough	54.13389	-7.45	H	LK	IE
3309432	Lough Amoneen	54.13833	-7.45806	H	LK	IE
3309434	Derryvony	54.15028	-7.42028	P	PPLL	IE
3309435	Edenterriff Lough	54.13083	-7.41944	H	LK	IE
3309436	Killylea Lough	54.13083	-7.40167	H	LK	IE
3309437	Faharlagh Lough	54.125	-7.41583	H	LK	IE
3309438	Killylea	54.12167	-7.41028	P	PPLL	IE
3309439	Grilly Lough	54.11278	-7.41306	H	LK	IE
3309440	Shancorry Lough	54.11861	-7.43194	H	LK	IE
3309443	Kinagha	54.10139	-7.3925	P	PPLL	IE
3309447	Derryhoo Lough	54.10639	-7.38111	H	LK	IE
3309448	Corrarod Lough	54.09556	-7.37472	H	LK	IE
3309449	Parisee Lough	54.09333	-7.39306	H	LK	IE
3309450	Round Lough	54.08583	-7.40278	H	LK	IE
3309451	Bun Lough	54.08194	-7.42333	H	LK	IE
3309452	Gannons Cross	54.09944	-7.365	P	PPLL	IE
3309453	Drumgorry Lough	54.09583	-7.36333	H	LK	IE
3309454	Drumellis Lough	54.08889	-7.38417	H	LK	IE
3309455	Commons Gate	54.09139	-7.42278	P	PPLL	IE
3309456	Tullyroane Lough	54.07889	-7.39917	H	LK	IE
3309459	Plush	54.05944	-7.36917	P	PPLL	IE
3309460	Annagh Lough	54.06028	-7.39611	H	LK	IE
3309462	Bakers Bridge	54.06167	-7.42	P	PPLL	IE
3309464	Drummany Lough	54.06222	-7.44556	H	LK	IE
3309465	Ardan Lough	54.05833	-7.4575	H	LK	IE
3309466	Derrybrick Lough	54.05167	-7.47083	H	LK	IE
3309467	Inishmuck Lough	54.04194	-7.44222	H	LK	IE
3309468	Inishmuck	54.04611	-7.44528	T	ISL	IE
3309469	Rivory	54.04889	-7.42222	P	PPLL	IE
3309470	Carrafin Lough	54.04361	-7.42056	H	LK	IE
3309471	Derrygoss	54.04806	-7.405	P	PPL	IE
3309472	Garfiny Lough	54.04111	-7.46611	H	LK	IE
3309473	Drumlane Lough	54.04694	-7.48	H	LK	IE
3309474	Corglass Lough	54.0275	-7.4675	H	LK	IE
3309475	Inishmore	54.0375	-7.42028	T	ISL	IE
3309476	Carratraw Lough	54.02639	-7.41861	H	LK	IE
3309477	Derrygid Lough	54.02833	-7.39333	H	LK	IE
3309478	Coalpit Lough	54.02194	-7.38917	H	LK	IE
3309479	Lough Inchin	54.02194	-7.41	H	LK	IE
3309480	Farnham Lough	54.01528	-7.4	H	LK	IE
3309481	Daggan	54.02833	-7.36639	P	PPL	IE
3309482	Derryna	54.02194	-7.4425	L	LCTY	IE
3309483	Rinn	54.02056	-7.46167	L	LCTY	IE
3309484	Eonish	54.02028	-7.48167	T	ISL	IE
3309485	Tully Lough	54.03583	-7.47056	H	LK	IE
3309486	Deralk Lough	54.03417	-7.48389	H	LK	IE
3309487	Drummullagh	54.05306	-7.50722	P	PPL	IE
3309488	Glasstown	54.04222	-7.51333	P	PPLL	IE
3309491	Snakeel	54.02833	-7.50944	P	PPLL	IE
3309492	Aubawn	54.02222	-7.54306	P	PPL	IE
3309493	Tullyguide Lough	54.02278	-7.51	H	LK	IE
3309494	Town Lough	54.01833	-7.53111	H	LK	IE
3309495	Bawn Lough	54.01194	-7.53972	H	LK	IE
3309496	Derreskit Lough	54.00694	-7.56417	H	LK	IE
3309497	Dumb Lough	54.00583	-7.54083	H	LK	IE
3309498	Glasshouse Lake	54.00333	-7.58333	H	LK	IE
3309499	Derry	53.99222	-7.54583	P	PPLL	IE
3309500	Derry Lough	53.98833	-7.54528	H	LK	IE
3309503	Derrylane	53.96694	-7.54167	P	PPL	IE
3309505	Drumcrow South	53.95611	-7.57833	P	PPLL	IE
3309506	Dernaweel Lough	53.94889	-7.56889	H	LK	IE
3309507	Ardra Lough	53.95194	-7.54639	H	LK	IE
3309508	Drumroe	53.94694	-7.5175	P	PPLL	IE
3309509	Cornafean	53.94639	-7.48556	P	PPLL	IE
3309512	Carr’s Lough	53.97611	-7.47944	H	LK	IE
3309513	Tawlaght Lough	53.98222	-7.48722	H	LK	IE
3309514	Trinity Island	53.98833	-7.46778	T	ISL	IE
3309515	Drumgor	53.98167	-7.43806	P	PPLL	IE
3309516	Killyvally	53.98778	-7.44222	P	PPLL	IE
3309517	Inch Island	54.00222	-7.48278	T	ISL	IE
3309518	Lough Atrain	53.99417	-7.44417	H	LK	IE
3309521	Killykeen	53.99722	-7.45694	P	PPLL	IE
3309522	Gartbrattan	54.00111	-7.43889	P	PPL	IE
3309523	Killykeen Forest Park	54.005	-7.46444	L	PRK	IE
3309524	Inishconnell	54.01444	-7.44917	L	LCTY	IE
3309525	Bellville	53.94444	-7.41222	P	PPLL	IE
3309528	Lisnamandra	53.96778	-7.41944	P	PPLL	IE
3309529	Bellahillan Bridge	53.96167	-7.45556	P	PPLL	IE
3309530	Lisduff	53.96639	-7.38333	P	PPLL	IE
3309531	Danesfort	53.98889	-7.4275	P	PPLL	IE
3309533	Drumconnick	53.98806	-7.38667	P	PPLL	IE
3309534	Green Lough	53.98083	-7.35083	H	LK	IE
3309535	Swellan Lough	53.98583	-7.37028	H	LK	IE
3309536	Beaghy Lough	53.99944	-7.32389	H	LK	IE
3309540	Lisreagh	53.95167	-7.3325	P	PPL	IE
3309541	Corraweelis	53.96427	-7.30608	P	PPLL	IE
3309542	Killyconnan	53.96472	-7.26889	P	PPL	IE
3309543	Cargagh	53.94556	-7.25528	P	PPLL	IE
3309544	Aghalackan	53.97278	-7.30028	P	PPLL	IE
3309545	Beaghy Lough	53.95278	-7.23028	H	LK	IE
3309546	Lisnananagh Lough	53.97833	-7.24472	H	LK	IE
3309547	Poles	53.98778	-7.27972	P	PPLL	IE
3309548	Stragelliff	53.99667	-7.29556	P	PPLL	IE
3309549	Shantemon Lough	54.00611	-7.30222	H	LK	IE
3309550	Cross Forts	54.02806	-7.33167	P	PPLL	IE
3309551	Cullentragh	54.02361	-7.30528	P	PPLL	IE
3309552	Ouley	54.0375	-7.315	P	PPLL	IE
3309553	Killyvanny	54.03694	-7.35306	P	PPLL	IE
3309555	Coleman Lough	54.1625	-7.29389	H	LK	IE
3309556	Clonoula	54.15556	-7.31667	P	PPLL	IE
3309557	Drumsloe	54.13917	-7.31444	P	PPL	IE
3309558	Drumaveale	54.11417	-7.28778	P	PPLL	IE
3309559	Lislea	54.11278	-7.25306	P	PPLL	IE
3309560	Drumcor	54.09861	-7.29056	P	PPL	IE
3309561	Drumlaney Lough	54.10778	-7.35278	H	LK	IE
3309563	Killybandrick Lough	54.09333	-7.34889	H	LK	IE
3309564	Aghadreenagh	54.07833	-7.30944	P	PPLL	IE
3309565	Drumliff	54.06417	-7.33056	P	PPLL	IE
3309566	Treehog Cross Roads	54.07917	-7.26139	P	PPLL	IE
3309567	Claragh	54.085	-7.27806	P	PPLL	IE
3309568	Coppony Lough	54.06667	-7.28389	H	LK	IE
3309569	Knocks	54.09806	-7.25222	P	PPLL	IE
3309571	Ballynallon Bridge	54.05028	-7.23528	P	PPLL	IE
3309573	Drumhillagh	54.03333	-7.22667	P	PPLL	IE
3309574	Drumlane	54.01917	-7.22944	P	PPLL	IE
3309575	McShane’s Bridge	54.00667	-7.22361	P	PPLL	IE
3309576	Tullycoe	54.00917	-7.20083	P	PPL	IE
3309577	Cordingin	53.97972	-7.19111	P	PPLL	IE
3309578	Drung	54.035	-7.23861	P	PPL	IE
3309579	Corgreagh	54.02972	-7.14694	P	PPL	IE
3309581	Black Lough	54.04167	-7.11556	H	LK	IE
3309582	Drumbrollisk	54.0675	-7.19083	P	PPLL	IE
3309584	Killycreeny	54.06389	-7.14861	P	PPL	IE
3309586	Black Lough	54.08222	-7.14611	H	LK	IE
3309587	Barragh Lough	54.08306	-7.16417	H	LK	IE
3309589	Coppanagh Mills	54.0875	-7.19556	P	PPLL	IE
3309590	Magherintemple	54.09556	-7.21972	P	PPLL	IE
3309591	Killynenagh Lough	54.09056	-7.18583	H	LK	IE
3309592	Long Lough	54.09556	-7.14056	H	LK	IE
3309593	Corragarry Cross Roads	54.11444	-7.16389	P	PPLL	IE
3309594	Drum Lough	54.10611	-7.14167	H	LK	IE
3309597	Drumhay Lough	54.11306	-7.11306	H	LK	IE
3309598	Quarry Lough	54.10111	-7.15306	H	LK	IE
3309599	Magherashaghry	54.10111	-7.17583	P	PPLL	IE
3309601	Town Lough	54.08139	-7.07139	H	LK	IE
3309602	Coragh Lough	54.08	-7.0575	H	LK	IE
3309603	Wood Lough	54.0875	-7.05472	H	LK	IE
3309604	Dromore Lough	54.09139	-7.06611	H	LK	IE
3309605	Drumlona Lough	54.1025	-7.02583	H	LK	IE
3309606	Killyvaghan Lough	54.09111	-7.01944	H	LK	IE
3309607	Corravoo Lough	54.1075	-7.00056	H	LK	IE
3309608	Moylemuck	54.08028	-7.00833	P	PPL	IE
3309609	Clossagh Lough	54.09611	-7.00083	H	LK	IE
3309610	Ballynahaia	54.07083	-7.04056	P	PPLL	IE
3309611	Corick Bridge	54.05528	-7.125	P	PPLL	IE
3309613	Scarvy Bridge	54.05083	-7.07167	P	PPLL	IE
3309614	Rakane	54.04361	-7.10806	P	PPLL	IE
3309615	White Lough	54.04167	-7.09972	H	LK	IE
3309616	Drumgill Lough	54.0375	-7.06694	H	LK	IE
3309618	Killyvahan	54.01806	-7.08639	P	PPL	IE
3309619	Dernakesh	54.02139	-7.04361	P	PPL	IE
3309621	Drumgoon	54.03694	-7.0575	P	PPL	IE
3309622	Annaghard Lough	54.04917	-7.0475	H	LK	IE
3309623	Binbane	54.01306	-7.12	P	PPLL	IE
3309624	Drumnatread	54.00694	-7.12583	P	PPL	IE
3309626	Carrickallen	53.98583	-7.13889	P	PPL	IE
3309627	Carricknashoke	53.98028	-7.15917	P	PPLL	IE
3309628	Drutamon	53.99139	-7.07944	P	PPLL	IE
3309629	Lough Acanon	53.96944	-7.12917	H	LK	IE
3309630	Kilnacreevy	53.96111	-7.21222	P	PPLL	IE
3309631	Clifferna	53.95778	-7.17472	P	PPL	IE
3309632	Tirlahode Lower	53.94611	-7.18639	P	PPL	IE
3309633	Carfad Lough	53.95056	-7.21	H	LK	IE
3309634	Lough Asturrall	53.94944	-7.13028	H	LK	IE
3309635	Lough Naglare	53.965	-7.10694	H	LK	IE
3309636	Greaghagibney	53.94278	-7.13028	P	PPLL	IE
3309637	Ledonigan	53.94306	-7.075	P	PPLL	IE
3309638	Tonyduff	53.95722	-7.05889	P	PPL	IE
3309639	Fartagh Lough	53.96361	-7.08222	H	LK	IE
3309640	Lough Mushlin	53.95361	-7.04833	H	LK	IE
3309642	Derrydamph	53.98028	-7.15917	P	PPLL	IE
3309643	Latsey	53.98722	-7.05	P	PPLL	IE
3309644	Roosky Lough	53.98389	-7.015	H	LK	IE
3309645	Tullylorcan Lough	53.97806	-7.03139	H	LK	IE
3309646	Drumkeery Lough	53.94472	-6.99278	H	LK	IE
3309647	Duneena	53.94306	-7.01417	P	PPLL	IE
3309648	Beglieve	53.9425	-7.03556	P	PPLL	IE
3309651	Knockbride	53.98639	-6.99556	P	PPL	IE
3309652	Corraneary Lough	53.99222	-7.0075	H	LK	IE
3309653	Corraneary	53.99306	-7.02472	P	PPLL	IE
3309654	Kilnacrew	54.005	-7.0375	P	PPLL	IE
3309655	Cullies Cross Roads	53.99528	-6.96611	P	PPL	IE
3309656	Barnagrow Lough	54.00778	-6.97556	H	LK	IE
3309657	Kehernaghkilly Lough	54.01583	-6.99167	H	LK	IE
3309658	Coskemduff Lough	54.02694	-7.0025	H	LK	IE
3309659	Killyrue Lough	54.03722	-7.02611	H	LK	IE
3309660	Drumcondra	54.02083	-7.01389	P	PPLL	IE
3309661	Madabawn Bridge	54.02972	-7.0225	P	PPL	IE
3309662	Knappagh House	54.02056	-6.96444	P	PPL	IE
3309663	Boagh	54.045	-7.0125	P	PPLL	IE
3309665	Pottlereagh	54.0575	-7.02556	P	PPL	IE
3309666	Baraghy Lough	54.05583	-6.98361	H	LK	IE
3309669	Lisnalong	54.08861	-7	P	PPLL	IE
3309670	Black Lough	54.04583	-6.93806	H	LK	IE
3309671	Garrybane	54.06694	-6.93194	P	PPL	IE
3309672	Aghnamullen	54.09306	-6.96	P	PPL	IE
3309673	Moyle	54.0825	-6.95611	P	PPLL	IE
3309674	Moyduff Lough	54.02694	-6.93917	H	LK	IE
3309675	Corgreagh	54.01861	-6.92889	P	PPLL	IE
3309676	Lisnadarragh	54.01583	-6.88667	P	PPLL	IE
3309677	Cargaghoge	54.00389	-6.89361	P	PPLL	IE
3309678	Kilmacaran	54.00028	-6.95667	P	PPLL	IE
3309680	Shinan Lough	53.98917	-6.92	H	LK	IE
3309681	Corraghy Lough	53.98722	-6.95167	H	LK	IE
3309682	White Lough	53.9825	-6.98056	H	LK	IE
3309683	Annaghierin Lough	53.97611	-6.93472	H	LK	IE
3309684	Milltown Lough	53.97667	-6.91694	H	LK	IE
3309685	Steepletons Lough	53.98861	-6.89389	H	LK	IE
3309686	Glasleck	53.97417	-6.92667	P	PPLL	IE
3309687	Corravilla	53.97306	-6.95361	P	PPLL	IE
3309688	Drumad Lough	53.96111	-6.92333	H	LK	IE
3309689	Nolagh	53.94861	-6.92139	P	PPLL	IE
3309690	Crossmakeelan	53.93944	-6.90778	P	PPLL	IE
3309691	Lisagoan	53.94944	-6.87306	P	PPLL	IE
3309692	Kilcrossduff	53.965	-6.90389	P	PPLL	IE
3309693	Cornalara Lough	53.96944	-6.86444	H	LK	IE
3309694	Greaghlone Lough	53.96556	-6.84722	H	LK	IE
3309695	Raferagh	53.97833	-6.83889	P	PPLL	IE
3309696	Ballaghnageam	53.95417	-6.8225	P	PPL	IE
3309697	Magheracloone	53.93889	-6.78556	P	PPL	IE
3309698	Tullylougherny	53.95111	-6.77722	P	PPL	IE
3309700	Carrickmaclim	53.98139	-6.78111	P	PPL	IE
3309701	Corvally	53.99472	-6.85222	P	PPLL	IE
3309702	Aghlattacru	53.94417	-6.7175	P	PPLL	IE
3309703	Tullyallen Lough	53.93611	-6.69333	H	LK	IE
3309704	Monalty Lough	53.96472	-6.68028	H	LK	IE
3309705	Lough Naglack	53.96333	-6.69917	H	LK	IE
3309707	Spring Lough	53.975	-6.68667	H	LK	IE
3309708	Capragh Lough	53.99222	-6.6775	H	LK	IE
3309711	Drumbroagh	53.99833	-6.735	H	LK	IE
3309713	Drumnagrella	53.99	-6.60528	P	PPL	IE
3309715	Kiltybegs	53.9975	-6.64167	P	PPL	IE
3309716	Rahans	53.99278	-6.655	P	PPLL	IE
3309718	Moyles	54.00778	-6.60111	P	PPL	IE
3309719	Drumcattan	54.01083	-6.63306	P	PPL	IE
3309722	Tattyboy	54.02306	-6.62111	P	PPLL	IE
3309723	Magoney Bridge	54.02611	-6.61444	P	PPLL	IE
3309724	Ballyrush	54.01222	-6.58833	P	PPLL	IE
3309726	Cargaghlisnanarney	54.02944	-6.64556	P	PPLL	IE
3309727	Drumaconvern Lough	54.04389	-6.67944	H	LK	IE
3309728	Feegavla	54.00861	-6.65639	P	PPLL	IE
3309729	Tullyvaragh Lower	54.02444	-6.70611	P	PPLL	IE
3309731	Moylan Lough	54.01944	-6.69583	H	LK	IE
3309732	Lisgall	54.00639	-6.72639	P	PPLL	IE
3309734	Creevy Lough	54.00444	-6.73583	H	LK	IE
3309735	Cashlan	54.01611	-6.74278	P	PPLL	IE
3309736	Lisdoonan	54.02639	-6.75111	P	PPL	IE
3309737	Monalia	54.02861	-6.7275	P	PPLL	IE
3309738	Drummanreagh	54.0475	-6.73	P	PPLL	IE
3309739	Culloville	54.05222	-6.66611	P	PPLL	IE
3309740	Lough Nagarnaman	54.03889	-6.7475	H	LK	IE
3309741	Drumillard Lough	54.04389	-6.68806	H	LK	IE
3309742	Carrickartagh	54.00083	-6.79778	P	PPLL	IE
3309743	Greaghlatacapple	54.01028	-6.82028	P	PPL	IE
3309744	Ballybay Cross Roads	54.02111	-6.78306	P	PPL	IE
3309745	Ouvry Cross Roads	54.01444	-6.84361	P	PPLL	IE
3309746	Shanco	53.99611	-6.83694	P	PPLL	IE
3309747	Laragh	54.04528	-6.77361	P	PPL	IE
3309749	Bocks Lough	54.03889	-6.81472	H	LK	IE
3309750	Shantonagh Lough	54.03722	-6.84389	H	LK	IE
3309753	Tullynamalra Cross Roads	54.05722	-6.81833	P	PPLL	IE
3309754	Lough Namachree	54.03083	-6.86528	H	LK	IE
3309755	Lisnakillewbane Lough	54.04111	-6.88556	H	LK	IE
3309756	Lough Morne	54.06361	-6.83806	H	LK	IE
3309757	Tievaleny Lough	54.05972	-6.87	H	LK	IE
3309758	Lattacrom	54.06694	-6.84278	P	PPLL	IE
3309759	Lough Bawn	54.04083	-6.90306	H	LK	IE
3309760	Black Lough	54.03889	-6.91556	H	LK	IE
3309762	Derrygoony Lough	54.03944	-6.93722	H	LK	IE
3309763	Cortober	54.03917	-6.92556	P	PPLL	IE
3309764	Lough Bane	54.02778	-6.91167	H	LK	IE
3309765	Cortaghart	54.06139	-6.89306	P	PPLL	IE
3309766	Bananimma	54.07444	-6.8975	P	PPLL	IE
3309767	Tossy	54.07972	-6.84917	P	PPL	IE
3309769	Creeve Lakes	54.08611	-6.88556	H	LKS	IE
3309771	Boraghy Lough	54.07139	-6.82778	H	LK	IE
3309776	Tullanacrunat	54.07139	-6.67417	P	PPLL	IE
3309777	Thornford	54.07722	-6.69583	P	PPL	IE
3309778	Annalittin	54.08917	-6.69611	P	PPL	IE
3309780	Aghnafarcan	54.06333	-6.74833	P	PPL	IE
3309781	Tullyvin	54.10583	-6.73333	P	PPL	IE
3309783	Concra	54.10417	-6.70611	L	LCTY	IE
3309786	Dromore	54.11444	-6.675	P	PPLL	IE
3309787	White Island	54.11639	-6.72167	T	ISL	IE
3309789	Drumakill	54.12	-6.67222	P	PPLL	IE
3309790	Tullychattina	54.13056	-6.66139	P	PPLL	IE
3309791	Black Island	54.12139	-6.72306	T	ISL	IE
3309792	Drumillard Lough	54.13222	-6.75333	H	LK	IE
3309793	Killygola Lough	54.13611	-6.73778	H	LK	IE
3309794	Laragh Lough	54.14361	-6.77806	H	LK	IE
3309795	Annagleve	54.09028	-6.76111	P	PPLL	IE
3309797	Sheetrim	54.09611	-6.78611	P	PPL	IE
3309798	Tullycarragh	54.10361	-6.80306	P	PPL	IE
3309799	Killycrom	54.12778	-6.78806	P	PPL	IE
3309800	Crinkill Lough	54.11778	-6.82611	H	LK	IE
3309801	Tonyglassan	54.11917	-6.86	P	PPL	IE
3309802	McNally’s Cross Roads	54.14861	-6.845	P	PPLL	IE
3309803	Coolmannan	54.13639	-6.82972	P	PPLL	IE
3309804	Dunmaurice	54.13528	-6.86944	P	PPLL	IE
3309805	Corlealackagh	54.14556	-6.81889	P	PPLL	IE
3309806	Carrickaslane	54.14944	-6.75639	P	PPLL	IE
3309807	Creevelands	54.10278	-6.895	P	PPLL	IE
3309808	Creeve	54.09556	-6.91167	P	PPLL	IE
3309809	Lough Minor	54.12611	-6.89167	H	LK	IE
3309810	Balladian	54.12	-6.93083	P	PPLL	IE
3309812	Edenancane	54.12667	-6.94194	P	PPLL	IE
3309813	Corfad	54.13583	-6.91111	P	PPLL	IE
3309814	Corkeeran Lough	54.10583	-6.95306	H	LK	IE
3309815	White Lough	54.1125	-6.97194	H	LK	IE
3309816	Lisgillan	54.12111	-6.97528	P	PPLL	IE
3309818	Mullanary Lough	54.10306	-6.96806	H	LK	IE
3309822	Drumacrib	54.14694	-6.66333	P	PPLL	IE
3309823	Lurganearly	54.15833	-6.63889	P	PPL	IE
3309824	Mullyash Mountain	54.17748	-6.67143	T	MT	IE
3309825	Tullynageer	54.1825	-6.70028	P	PPLL	IE
3309827	Muckno Mill Lough	54.14417	-6.71083	H	LK	IE
3309828	Lisnagreeve	54.16972	-6.75028	P	PPLL	IE
3309829	Lemgare Rocks	54.19194	-6.76972	P	PPLL	IE
3309830	Lemgare	54.2025	-6.79111	P	PPL	IE
3309834	Annyalla	54.15917	-6.79028	P	PPL	IE
3309835	Creevagh	54.14861	-6.92528	P	PPL	IE
3309836	Corvoy	54.16389	-6.89833	P	PPL	IE
3309838	Cordoo Lough	54.15889	-6.87833	H	LK	IE
3309839	Six Mile Lough	54.17028	-6.855	H	LK	IE
3309840	Scotch Corner	54.17889	-6.86722	P	PPLL	IE
3309841	Creeve	54.18611	-6.84528	P	PPLL	IE
3309842	Shanmullagh	54.18556	-6.90361	P	PPLL	IE
3309843	Dunraymond	54.17389	-6.91278	P	PPLL	IE
3309845	Radrum	54.18139	-6.95472	P	PPLL	IE
3309847	Feragh	54.20556	-6.9375	P	PPLL	IE
3309848	Dromore	54.15667	-6.95972	P	PPLL	IE
3309849	Monneill	54.12472	-7.00333	P	PPL	IE
3309850	Glencorick	54.12306	-7.03056	P	PPLL	IE
3309851	Edergole	54.12083	-7.05889	P	PPLL	IE
3309852	Coolkill Lough	54.11667	-7.04944	H	LK	IE
3309853	Drumsaul Lough	54.13	-7.02528	H	LK	IE
3309854	Drumacreeve	54.13722	-7.02667	P	PPL	IE
3309855	Swans Cross Roads	54.14639	-7.00972	P	PPLL	IE
3309856	Dundrannan Cross Roads	54.14528	-6.99194	P	PPLL	IE
3309857	Cremoyle	54.15778	-6.98333	P	PPLL	IE
3309858	Slieveroe	54.17528	-6.99528	P	PPL	IE
3309859	Tonagh	54.15861	-7.03167	P	PPLL	IE
3309861	Glen	54.11667	-7.12389	P	PPLL	IE
3309862	Doohat	54.12417	-7.13194	P	PPL	IE
3309863	Drumgole Lough	54.12222	-7.095	H	LK	IE
3309864	Annaghmakerig Lough	54.12917	-7.10611	H	LK	IE
3309865	Kilmore	54.1325	-7.07583	P	PPLL	IE
3309866	Drumacreeve	54.12722	-7.14694	P	PPLL	IE
3309867	Creeran	54.12083	-7.16111	P	PPLL	IE
3309868	Killyleg	54.13583	-7.18278	P	PPLL	IE
3309869	Crossbane	54.14194	-7.19361	P	PPL	IE
3309870	Drumate Lough	54.15694	-7.08472	H	LK	IE
3309871	Feagh Lough	54.15028	-7.09667	H	LK	IE
3309872	Corlougharoe	54.14583	-7.10917	P	PPL	IE
3309875	Ballinageeragh	54.10528	-7.20861	P	PPLL	IE
3309876	Rockfield	54.11139	-7.21722	P	PPLL	IE
3309877	Lurganboy	54.12167	-7.19417	P	PPLL	IE
3309878	Lisnalee	54.12083	-7.23333	P	PPL	IE
3309879	Dorothys Cross Roads	54.14333	-7.21278	P	PPLL	IE
3309880	Radeerpark	54.15194	-7.18833	P	PPLL	IE
3309881	Lisabuck Lough	54.15278	-7.23028	H	LK	IE
3309882	Carraskea	54.14611	-7.25056	P	PPLL	IE
3309887	Clonkeen Lough	54.16694	-7.225	H	LK	IE
3309888	Clonkirk	54.19139	-7.22472	P	PPLL	IE
3309891	Creevelea	54.18556	-7.16417	P	PPLL	IE
3309892	Bessbrook	54.18417	-7.14222	P	PPLL	IE
3309893	Kilnamaddy	54.1925	-7.14278	P	PPLL	IE
3309895	Gortnawinny Lough	54.20333	-7.215	H	LK	IE
3309898	Cavan	54.21167	-7.21028	P	PPLL	IE
3309900	Broken Bridge	52.39056	-8.94306	P	PPLL	IE
3309901	Bellville	52.39639	-8.92694	P	PPL	IE
3309902	Gorfaaguggin Bridge	52.39278	-8.89806	P	PPLL	IE
3309903	Ahadagh	52.3825	-8.89611	L	LCTY	IE
3309904	Kilmurry	52.38528	-8.85583	L	LCTY	IE
3309905	Gorteen	52.40389	-8.86611	L	LCTY	IE
3309918	Killacolla	52.40639	-8.76028	L	LCTY	IE
3309919	Fort Middle	52.39111	-8.75583	P	PPLL	IE
3309922	Garroose Bridge	52.39667	-8.66444	L	LCTY	IE
3309923	Fort East	52.40028	-8.72417	L	LCTY	IE
3309927	Kilbreedy	52.39333	-8.64806	L	LCTY	IE
3309928	Mountblakeney	52.38333	-8.65111	L	LCTY	IE
3309929	Tankardstown	52.40778	-8.65083	L	LCTY	IE
3309930	Ballyfookeen	52.42583	-8.72083	L	LCTY	IE
3309931	Ballyleige Lower	52.43194	-8.72722	L	LCTY	IE
3309967	Emmet’s Cross Roads	52.38722	-8.58528	P	PPL	IE
3309968	Graiganster	52.385	-8.58583	P	PPL	IE
3309970	North Bridge	52.40556	-8.58083	P	PPL	IE
3309971	Ballycullane	52.415	-8.58056	P	PPL	IE
3309972	Ballygubba	52.41861	-8.61528	L	LCTY	IE
3309973	Shearins Cross	52.43889	-8.5675	P	PPL	IE
3309976	Clogher Bridge	52.44278	-8.63167	P	PPL	IE
3309977	Dromacummer	52.44111	-8.66444	L	LCTY	IE
3309978	Clogher	52.43278	-8.64361	L	LCTY	IE
3309979	Cappananty	52.41667	-8.78472	L	LCTY	IE
3309980	Derraulin	52.42306	-8.75972	L	LCTY	IE
3309981	Howardstown	52.44333	-8.70056	L	LCTY	IE
3309990	Ballinlaw	52.4925	-8.65111	L	LCTY	IE
3309991	Rosstemple	52.47917	-8.67833	L	LCTY	IE
3309992	Belview	52.46639	-8.70667	L	LCTY	IE
3309995	Ballynabanoge Bridge	52.47556	-8.70167	P	PPL	IE
3309997	Graigacurragh	52.46472	-8.78056	L	LCTY	IE
3309998	Morenane	52.48	-8.77444	L	LCTY	IE
3310000	Ballygreennan	52.45639	-8.81444	L	LCTY	IE
3310001	Knockfeerina	52.46722	-8.82333	L	LCTY	IE
3310004	Saint Oswald’s	52.46278	-8.885	L	LCTY	IE
3310005	Ballynarooga	52.45944	-8.8975	L	LCTY	IE
3310006	Odell Ville	52.45639	-8.89139	L	LCTY	IE
3310008	Ballynoe Bridge	52.43861	-8.93556	P	PPL	IE
3310009	Teernahilla	52.445	-8.92889	L	LCTY	IE
3310010	Gorteen	52.46639	-8.92556	P	PPL	IE
3310011	Kilcolman	52.47556	-8.95194	L	LCTY	IE
3310012	Ballyea	52.47861	-8.90694	L	LCTY	IE
3310014	Wilton	52.50639	-8.92694	L	LCTY	IE
3310020	Ballygrennan	52.49389	-8.75917	L	LCTY	IE
3310021	Clogghanduff Bridge	52.50556	-8.70333	P	PPL	IE
3310026	Glenogra Bridge	52.53	-8.60333	P	PPL	IE
3310027	Ballycullane	52.53139	-8.58417	L	LCTY	IE
3310028	Ballymartin	52.53778	-8.65194	L	LCTY	IE
3310031	Gorbgarralt	52.55639	-8.60194	L	LCTY	IE
3310032	Mary Ville	52.55194	-8.65417	L	LCTY	IE
3310033	Ballyregan	52.55833	-8.65806	L	LCTY	IE
3310034	Fort Elizabeth	52.52917	-8.68194	L	LCTY	IE
3310035	Lough Nagirra	52.54194	-8.6825	H	LK	IE
3310036	Fanningstown	52.57528	-8.62056	L	LCTY	IE
3310041	Cloghane Bridge	52.58861	-8.60139	P	PPL	IE
3310042	Friarstown	52.59722	-8.62778	L	LCTY	IE
3310045	Betty Ville	52.56028	-8.70139	L	LCTY	IE
3310046	Killonahan	52.55778	-8.71972	L	LCTY	IE
3310048	Crecora	52.57694	-8.67778	L	LCTY	IE
3310052	Green Mountain	52.5975	-8.69333	L	LCTY	IE
3310055	Dooneen Bridge	52.59833	-8.67167	P	PPL	IE
3310057	Islandmore	52.51028	-8.71278	P	PPL	IE
3310059	Castleroberts	52.545	-8.76417	L	LCTY	IE
3310061	Finniterstown	52.52278	-8.80944	L	LCTY	IE
3310063	Dunnaman	52.5275	-8.79139	L	LCTY	IE
3310064	Drehidnaman Bridge	52.54389	-8.85056	P	PPL	IE
3310065	Milltown Bridge	52.525	-8.85306	P	PPL	IE
3310068	Ballyea	52.51972	-8.86417	L	LCTY	IE
3310069	Aghduff Bridge	52.51556	-8.89667	P	PPL	IE
3310073	Kilgrogan	52.57361	-8.84833	L	LCTY	IE
3310074	Ballincurra	52.56583	-8.88778	L	LCTY	IE
3310083	Kilbreedy	52.59222	-8.85667	L	LCTY	IE
3310084	Kilbreedy Loughs	52.60694	-8.84111	H	LKS	IE
3310085	Ballywilliam	52.51333	-8.92361	L	LCTY	IE
3310087	Doohyle Lough	52.53972	-8.92611	H	LK	IE
3310096	Curraheen	52.57639	-8.95222	L	LCTY	IE
3310099	Milltown	52.57194	-8.98361	L	LCTY	IE
3310103	Ballyallinan	52.59306	-9.01889	L	LCTY	IE
3310105	Bartholomews Bridge	52.57583	-9.07944	P	PPL	IE
3310109	Kilbradran	52.54806	-9.03917	L	LCTY	IE
3310110	Saint Joseph’s	52.54222	-9.07667	P	PPL	IE
3310115	Knocknorha	52.565	-9.13139	L	LCTY	IE
3310116	Dooncaha	52.53944	-9.12667	L	LCTY	IE
3310117	Cahernagh	52.53111	-9.14167	L	LCTY	IE
3310118	Kerrikyle	52.50778	-9.11194	L	LCTY	IE
3310119	Knocknabooly	52.58139	-9.16222	P	PPL	IE
3310120	Ballynash	52.59222	-9.15583	L	LCTY	IE
3310126	Routagh Bridge	52.62083	-8.61556	P	PPL	IE
3310127	Ballysheedy	52.62861	-8.635	P	PPL	IE
3310128	Bohereen	52.63694	-8.60389	L	LCTY	IE
3310129	Cahernarry	52.62417	-8.57472	L	LCTY	IE
3310135	Ballysimon	52.64694	-8.56778	L	LCTY	IE
3310140	Bunlicky	52.64583	-8.685	L	LCTY	IE
3310142	Gilloge Bridge	52.68583	-8.57444	P	PPL	IE
3310144	Athlunkard Bridge	52.68111	-8.60972	P	PPL	IE
3310146	Meelick Bridge	52.68639	-8.66861	P	PPL	IE
3310150	Vermont	52.63667	-8.74083	P	PPL	IE
3310151	Landsdowne Bridge	52.67806	-8.68972	P	PPL	IE
3310154	Cratloe Woods	52.68306	-8.73361	V	FRST	IE
3310157	Parteen	52.69611	-8.61	L	LCTY	IE
3310158	Barnakyle Bridge	52.60833	-8.69694	P	PPL	IE
3310161	Coramore	52.63944	-8.76056	L	LCTY	IE
3310162	Massy’s Bridge	52.6275	-8.75111	P	PPL	IE
3310163	Churchfield	52.66806	-8.76972	L	LCTY	IE
3310164	Kilcornan	52.60389	-8.75306	L	LCTY	IE
3310165	Old Kildimo	52.6125	-8.80611	P	PPL	IE
3310166	New Kildimo	52.62333	-8.81222	P	PPL	IE
3310167	Ballyculhane	52.63806	-8.8	L	LCTY	IE
3310168	Bleach Lough	52.63972	-8.82111	H	LK	IE
3310169	Dromore Lough	52.63583	-8.83222	H	LK	IE
3310170	Ballyashea	52.61111	-8.84389	L	LCTY	IE
3310178	Ballyshonickbane	52.62583	-8.88167	L	LCTY	IE
3310179	Hollypark	52.60944	-8.89167	L	LCTY	IE
3310182	Milltown Lake	52.63389	-8.92278	H	LK	IE
3310183	Mornane	52.61917	-8.92528	L	LCTY	IE
3310184	Ballyvogue	52.60861	-8.91194	L	LCTY	IE
3310185	Ballyengland	52.60528	-8.96083	P	PPL	IE
3310186	Hogane’s Bridge	52.62194	-8.9675	P	PPL	IE
3310187	Tomdrely	52.6075	-9.01694	L	LCTY	IE
3310188	Mantlehill	52.62722	-8.98889	P	PPL	IE
3310190	Greenish Island	52.63111	-9.00778	T	ISL	IE
3310192	Fawnamore	52.61389	-9.04944	L	LCTY	IE
3310201	Battle Island	52.67111	-8.79833	T	ISL	IE
3310202	Bush Island	52.67639	-8.79528	T	ISL	IE
3310203	Green Island	52.68056	-8.80444	T	ISL	IE
3310204	Quay Island	52.68361	-8.81194	T	ISL	IE
3310206	Sod Island	52.68056	-8.8475	T	ISL	IE
3310208	Saint’s Island	52.68806	-8.85083	T	ISL	IE
3310213	Waller’s Island	52.66278	-8.91194	T	ISL	IE
3310218	Blackthorn Islands	52.67639	-9.00389	T	ISLS	IE
3310219	Sand Island	52.66556	-9.00528	T	ISL	IE
3310221	Inishmarry	52.65111	-9.10611	T	ISL	IE
3310222	Inishtubbrid	52.66778	-9.06639	T	ISL	IE
3310224	Sturamus Island	52.62944	-9.10028	T	ISL	IE
3310227	Shannakea	52.62806	-9.16472	L	LCTY	IE
3310228	Cappanavarnoge	52.65722	-9.15444	P	PPL	IE
3310229	Glenconaun	52.69333	-9.14917	L	LCTY	IE
3310230	Ballyleaan	52.68667	-9.11778	L	LCTY	IE
3310231	Lisnafana	52.70583	-9.16889	L	LCTY	IE
3310233	Shore Island	52.69278	-9.05583	T	ISL	IE
3310234	Illaunbeg	52.68861	-9.06528	T	ISL	IE
3310235	Inishdadroum	52.70333	-9.02389	T	ISL	IE
3310236	Rat Island	52.71583	-8.98694	T	ISL	IE
3310238	Trummer	52.70528	-9.0325	T	ISL	IE
3310239	Feenish	52.70583	-8.97306	T	ISL	IE
3310242	Burren	52.72139	-9.11417	L	LCTY	IE
3310243	Ballycally	52.70639	-8.93333	L	LCTY	IE
3310245	Clenagh	52.72667	-8.95056	L	LCTY	IE
3310247	Shannon	52.70389	-8.86417	P	PPL	IE
3310248	D’Esterre’s Bridge	52.71417	-8.78083	P	PPL	IE
3310249	Culleen	52.73278	-8.87694	L	LCTY	IE
3310250	Drumline	52.72861	-8.85306	L	LCTY	IE
3310252	Feenagh	52.73917	-8.82972	L	LCTY	IE
3310254	Brickhill Bridge	52.70667	-8.77278	P	PPL	IE
3310256	Oil Mill Bridge	52.72861	-8.7675	P	PPL	IE
3310258	Ballybroughan	52.72611	-8.75389	L	LCTY	IE
3310260	Mount Catherine	52.70778	-8.57528	P	PPL	IE
3310266	Cappateemore	52.71361	-8.66889	L	LCTY	IE
3310269	Cloghera	52.74667	-8.61444	L	LCTY	IE
3310270	Kilmore	52.75722	-8.60167	L	LCTY	IE
3310271	Callaghan’s Bridge	52.74917	-8.64278	P	PPL	IE
3310273	Oatfield	52.7575	-8.67583	L	LCTY	IE
3310276	Drumsillagh	52.7675	-8.62444	P	PPLL	IE
3310277	Glenomera Wood	52.76	-8.57194	V	FRST	IE
3310278	Leitrim	52.76472	-8.57028	L	LCTY	IE
3310279	Knockbrack Upper	52.73639	-8.57611	P	PPL	IE
3310280	Glenomera	52.775	-8.57333	L	LCTY	IE
3310284	Lough Coolmeen	52.75	-8.695	H	LK	IE
3310285	Kilnacreagh	52.73861	-8.70944	L	LCTY	IE
3310286	Mount Levers	52.74694	-8.76111	L	LCTY	IE
3310289	Castle Lough	52.76917	-8.76333	H	LK	IE
3310290	Glennagross	52.72583	-8.71528	L	LCTY	IE
3310291	Woodcock Hill	52.71972	-8.70778	T	MT	IE
3310293	Annagore Bridge	52.75694	-8.77611	P	PPL	IE
3310295	Ballycar Lough	52.76722	-8.87028	H	LK	IE
3310296	Lough Gash	52.7575	-8.89972	H	LK	IE
3310336	Clareen Bridge	52.77444	-9.01667	P	PPL	IE
3310337	Islandovanna	52.77111	-9.00583	L	LCTY	IE
3310338	Breckinish	52.74583	-8.96194	T	ISL	IE
3310341	Horse Island	52.74583	-9.03028	T	ISL	IE
3310342	Lisheen	52.755	-9.03972	L	LCTY	IE
3310343	Carhameere	52.75194	-9.06417	P	PPL	IE
3310344	Inishdea	52.72667	-8.95056	L	LCTY	IE
3310345	Ballycarick Bridge	52.73639	-9.06083	P	PPL	IE
3310346	Cloonmore	52.76	-9.08611	P	PPL	IE
3310347	Cahenea	52.77222	-9.10889	L	LCTY	IE
3310348	Beaghfa	52.77306	-9.07722	P	PPL	IE
3310349	Lavally	52.73167	-9.07694	P	PPL	IE
3310350	Breaghva	52.72778	-9.16111	L	LCTY	IE
3310352	Scott’s Bridge	52.7975	-8.57861	P	PPL	IE
3310353	Cloongaheen East	52.80861	-8.58806	P	PPL	IE
3310354	Grean Mountain	52.79361	-8.61444	P	PPL	IE
3310365	Woodfield Bridge	52.80667	-8.6975	P	PPL	IE
3310366	Doorns	52.82306	-8.68333	L	LCTY	IE
3310367	Lough Avaher	52.81694	-8.70639	H	LK	IE
3310368	Clonlea Lough	52.81111	-8.72778	H	LK	IE
3310369	Clonbrick Lough	52.79611	-8.74417	H	LK	IE
3310370	Cappalaheen	52.81528	-8.72944	L	LCTY	IE
3310371	Enagh	52.78806	-8.74889	L	LCTY	IE
3310373	Knockacunog Lough	52.78444	-8.78861	H	LK	IE
3310374	Teereen Lough	52.79167	-8.79944	H	LK	IE
3310375	Shandangan Lough	52.79611	-8.77722	H	LK	IE
3310377	Rathluby Lough	52.80417	-8.785	H	LK	IE
3310378	Gortnacorragh Lough	52.80944	-8.76417	H	LK	IE
3310381	Ballyroughan	52.79889	-8.82306	L	LCTY	IE
3310382	Caherkine Lough	52.78694	-8.85417	H	LK	IE
3310384	Craghwee	52.82444	-8.815	L	LCTY	IE
3310385	Cullane	52.82139	-8.80083	L	LCTY	IE
3310386	Ballyhickey	52.83556	-8.87639	L	LCTY	IE
3310387	Keevagh	52.83028	-8.88194	L	LCTY	IE
3310389	Rineville	52.81194	-8.86111	L	LCTY	IE
3310392	Latoon Bridge	52.795	-8.92167	P	PPL	IE
3310397	Killene Lough	52.80222	-9.00194	H	LK	IE
3310398	Newhall Cross Roads	52.79861	-9.01389	P	PPL	IE
3310399	Teermaclane	52.78861	-9.03472	L	LCTY	IE
3310402	Darragh	52.79306	-9.05556	L	LCTY	IE
3310403	Drumadrohid	52.80167	-9.0575	P	PPL	IE
3310404	Bansha	52.78139	-9.075	L	LCTY	IE
3310405	Ballymacooda Lough	52.79861	-9.08333	H	LK	IE
3310407	Gortagannis Lough	52.82861	-9.09472	H	LK	IE
3310408	Knockatunna	52.785	-9.14583	L	LCTY	IE
3310409	Kyleatunna	52.78639	-9.10917	L	LCTY	IE
3310410	Balleen Bridge	52.81194	-9.14306	P	PPL	IE
3310411	Rathcrony	52.80139	-9.13306	L	LCTY	IE
3310412	Balleen Lough	52.82278	-9.13333	H	LK	IE
3310425	Cloghaun Bridge	52.89472	-8.63056	P	PPL	IE
3310426	Annaghneal Bridges	52.89333	-8.6575	P	PPL	IE
3310427	Loughanilloon	52.88556	-8.65444	H	LK	IE
3310428	Dromore Lough	52.90028	-8.66194	H	LK	IE
3310429	Annagh Neal	52.88778	-8.68806	L	LCTY	IE
3310442	Garrauncam Bridge	52.89972	-8.69667	P	PPL	IE
3310443	Drumcharley	52.89667	-8.73333	L	LCTY	IE
3310444	Rosslara Lough	52.88833	-8.705	H	LK	IE
3310445	Cloondanagh Lough	52.89333	-8.74194	H	LK	IE
3310446	Cloondoorney Lough	52.88806	-8.7625	H	LK	IE
3310447	Cragroe	52.885	-8.74056	L	LCTY	IE
3310448	Drumocaum	52.87583	-8.74028	L	LCTY	IE
3310449	Kilboggoon	52.85972	-8.74139	L	LCTY	IE
3310450	Liscullaun	52.85111	-8.72722	P	PPL	IE
3310451	Wyndham’s Bridge	52.84611	-8.75556	P	PPL	IE
3310452	Liskenny	52.84056	-8.75444	L	LCTY	IE
3310453	Derrybeg	52.835	-8.77833	L	LCTY	IE
3310454	Nester’s Bridge	52.89389	-8.82194	P	PPL	IE
3310455	Ardbooly	52.89528	-8.79222	L	LCTY	IE
3310456	Dangan Ville	52.84722	-8.80111	L	LCTY	IE
3310457	Fomerla Lough	52.85944	-8.82944	H	LK	IE
3310459	Moymore	52.85722	-8.79833	L	LCTY	IE
3310460	Derrynaskeagh	52.89944	-8.85222	L	LCTY	IE
3310461	Maghera Cross	52.88722	-8.84444	P	PPL	IE
3310462	Hell Bridge	52.84028	-8.82889	P	PPL	IE
3310467	O’Briens Big Lough	52.88861	-8.87861	H	LK	IE
3310468	Holaun Lough	52.86194	-8.90194	H	LK	IE
3310470	Castletown Lough	52.8475	-8.90861	H	LK	IE
3310471	Kilvoydan	52.88417	-8.91028	P	PPL	IE
3310472	Cappagh Beg	52.88333	-8.93944	L	LCTY	IE
3310474	Ballymacahill Lough	52.86833	-8.93333	H	LK	IE
3310477	Ballycarey	52.86778	-8.97861	L	LCTY	IE
3310478	Lough Girroga	52.86361	-8.97222	H	LK	IE
3310481	Ballyvonnavaun	52.81722	-8.92917	L	LCTY	IE
3310482	Noughaval	52.83194	-8.91611	P	PPL	IE
3310485	Barefield	52.887	-8.948	L	LCTY	IE
3310486	Fair Green	52.87139	-8.90861	P	PPL	IE
3310488	Cloonleen Lough	52.88917	-8.9775	H	LK	IE
3310489	Dromconora	52.89778	-8.96556	L	LCTY	IE
3310490	Lough Cleggan	52.87333	-9.01333	H	LK	IE
3310493	Drumcliff	52.86556	-9.01694	L	LCTY	IE
3310506	Drehidnagower Bridge	52.85583	-8.99389	P	PPL	IE
3310507	Carranahingan Bridge	52.87639	-9.01028	P	PPL	IE
3310508	Fountain Cross	52.87222	-9.02917	P	PPL	IE
3310509	Claureen Bridge	52.85	-8.99833	P	PPL	IE
3310510	Lifford	52.8525	-8.9975	L	LCTY	IE
3310517	Magowha	52.8875	-9.0525	P	PPL	IE
3310518	Bushypark House	52.85222	-9.0475	P	PPL	IE
3310519	Tooreen	52.88028	-9.06917	L	LCTY	IE
3310520	Knockacaurkin	52.87528	-9.10583	L	LCTY	IE
3310530	Cloonfeagh	52.84083	-9.08222	L	LCTY	IE
3310531	Tullassa	52.84861	-9.08	L	LCTY	IE
3310532	Islandgar Lough	52.85361	-9.09611	H	LK	IE
3310533	Kilnamona	52.86778	-9.08056	P	PPL	IE
3310534	Lough Ecnagh	52.88722	-9.09861	H	LK	IE
3310535	Garyillaun Lough	52.89139	-9.11611	H	LK	IE
3310537	Garyoghil	52.88833	-9.15694	L	LCTY	IE
3310538	Maghera	52.87806	-9.15806	L	LCTY	IE
3310539	Lough Aconnaun	52.85861	-9.15389	H	LK	IE
3310540	Lough Burke	52.84917	-9.14417	H	LK	IE
3310541	Raheen	52.85444	-9.13222	L	LCTY	IE
3310542	Ballyillaun	52.8475	-9.12667	L	LCTY	IE
3310543	Drunanure	52.84361	-9.16833	L	LCTY	IE
3310546	Aughaglanna Bridge	52.82778	-9.16778	P	PPL	IE
3310547	Strasburgh	52.82139	-9.05194	L	LCTY	IE
3310548	Ashline	52.82639	-8.99917	L	LCTY	IE
3310549	Doora	52.8425	-8.96278	L	LCTY	IE
3310550	Ballybog Lough	52.80944	-8.99389	H	LK	IE
3310551	Cabergarrann	52.89389	-9.05278	L	LCTY	IE
3310553	Boolynagleragh	52.7775	-9.1675	L	LCTY	IE
3310554	Lissycaset	52.73944	-9.16111	L	LCTY	IE
3310557	Rinnamryall	52.75164	-9.54779	T	CAPE	IE
3310558	Glenbrook	54.17972	-7.12583	P	PPL	IE
3310559	Annagose Lough	54.17528	-7.10389	H	LK	IE
3310560	Cashlan Lough	54.18611	-7.08917	H	LK	IE
3310561	Rafinny Lough	54.18222	-7.05167	H	LK	IE
3310562	Garran Cross Roads	54.17167	-7.06722	P	PPLL	IE
3310563	Latnamard	54.17417	-7.05806	P	PPLL	IE
3310564	Greenan’s Cross Roads	54.1925	-7.07694	P	PPL	IE
3310565	Corlat	54.19667	-7.09667	P	PPLL	IE
3310566	Cloghernagh	54.20222	-7.10194	P	PPLL	IE
3310567	Killina	54.20667	-7.08389	P	PPLL	IE
3310568	Magherarny Cross Roads	54.21556	-7.11222	P	PPLL	IE
3310569	Lough Oony	54.21444	-7.14083	H	LK	IE
3310570	Billary Lough	54.22194	-7.1125	H	LK	IE
3310571	Magherarny Lough	54.22444	-7.10583	H	LK	IE
3310573	Bulloghbrean	54.21472	-7.15944	P	PPL	IE
3310574	Clen Lough	54.23444	-7.10056	H	LK	IE
3310575	Mullaglassan Lough	54.24028	-7.12056	H	LK	IE
3310576	Kilcorran Lough	54.24556	-7.14	H	LK	IE
3310577	Nart	54.23583	-7.13917	P	PPLL	IE
3310581	Selloo	54.25333	-7.12528	P	PPLL	IE
3310582	Allagesh	54.2625	-7.11333	P	PPLL	IE
3310583	Derrylea	54.27583	-7.13167	P	PPLL	IE
3310584	Drumloo Lough	54.27083	-7.11028	H	LK	IE
3310585	Kilmore Lake	54.2825	-7.14667	H	LK	IE
3310586	Sheskin	54.29167	-7.11667	P	PPLL	IE
3310587	The Rock	54.29278	-7.09583	P	PPLL	IE
3310588	Drumcoo	54.30833	-7.11361	P	PPLL	IE
3310589	Shee Lough	54.30528	-7.04472	H	LK	IE
3310590	Mullaghinshigo Loughs	54.29556	-7.03167	H	LKS	IE
3310591	Mullaghmore Lough	54.28694	-7.0425	H	LK	IE
3310593	Lough Duff	54.27944	-7.05222	H	LK	IE
3310594	Quig Lough Reservoir	54.26333	-7.02806	H	RSV	IE
3310595	Clontoe	54.27333	-7.02583	P	PPLL	IE
3310596	Raconnell	54.26694	-7.01889	P	PPL	IE
3310598	Calliagh	54.18056	-7.02361	P	PPL	IE
3310600	Blackraw	54.19361	-7.0325	P	PPLL	IE
3310601	Coolcorragh	54.20583	-7.05694	P	PPL	IE
3310602	Ballagh Lough	54.20389	-7.01278	H	LK	IE
3310603	Cornaglare Lough	54.21528	-7.0025	H	LK	IE
3310604	Knockaturly Lough	54.20361	-6.97361	H	LK	IE
3310606	Drumsmat Bridge	54.22278	-7.05278	P	PPLL	IE
3310607	Darraghlan	54.18389	-6.96028	P	PPLL	IE
3310609	Rossmore Forest Park	54.22972	-6.98222	V	FRST	IE
3310613	Carsons Bridge	54.23778	-7.02806	P	PPLL	IE
3310614	Rossmore	54.23583	-6.98778	P	PPLL	IE
3310615	Cortolym Bridge	54.24028	-6.98694	P	PPLL	IE
3310618	Drumreask	54.25917	-7.00833	P	PPLL	IE
3310619	Lambs Lough	54.2675	-6.96806	H	LK	IE
3310621	Ardaghy	54.21222	-6.90528	P	PPL	IE
3310622	Aghnagap	54.22194	-6.89	P	PPLL	IE
3310623	Aghlaverty	54.24556	-6.89917	P	PPLL	IE
3310624	Moyles	54.23083	-6.91444	P	PPLL	IE
3310625	Castleshane	54.23806	-6.88389	P	PPL	IE
3310626	Bryanhiller	54.21889	-6.83806	P	PPLL	IE
3310627	Annaseeragh	54.22806	-6.82472	P	PPLL	IE
3310628	Drumgolat	54.24472	-6.84306	P	PPLL	IE
3310629	Alkill	54.25056	-6.86083	P	PPLL	IE
3310630	Drumneill	54.25111	-6.83639	P	PPLL	IE
3310631	Kildoagh	54.25861	-6.89333	P	PPLL	IE
3310632	Tamlat	54.27	-6.87194	P	PPLL	IE
3310633	Killyneill Cross Roads	54.26333	-6.87556	P	PPLL	IE
3310634	Leitrim	54.27028	-6.88972	P	PPL	IE
3310635	Drumgoole	54.27722	-6.90861	P	PPLL	IE
3310637	Faulkland	54.28333	-6.92	P	PPLL	IE
3310638	Tirnaneill Cross Roads	54.28667	-6.96639	P	PPLL	IE
3310639	Mullaloughan	54.28917	-6.93472	P	PPLL	IE
3310640	Corraghbrack	54.30417	-6.98694	P	PPL	IE
3310641	Tallyvogy	54.28139	-7.00111	P	PPLL	IE
3310642	Billis	54.29444	-6.93111	P	PPL	IE
3310644	Bellanaman	54.30389	-6.88167	P	PPL	IE
3310645	Killyboley Lough	54.29917	-6.88639	H	LK	IE
3310646	Rossarrell	54.3125	-6.92417	P	PPL	IE
3310648	Kilvey Lough	54.31611	-6.875	H	LK	IE
3310649	Monmurry Lough	54.34389	-6.90111	H	LK	IE
3310650	Tully Lough	54.32667	-6.95556	H	LK	IE
3310651	Emy Lough	54.33917	-6.93556	H	LK	IE
3310653	Annaghroe Bridge	54.33853	-6.87681	P	PPLL	IE
3310654	Carrigans	54.32056	-6.96111	P	PPL	IE
3310655	Lennaght	54.285	-7.16278	P	PPLL	IE
3310657	Lough Antrawer	54.3225	-7.15944	H	LK	IE
3310658	Lough Aportan	54.32917	-7.15417	H	LK	IE
3310661	Lough Bradan	54.33333	-7.12056	H	LK	IE
3310662	Lough Meenish	54.32056	-7.12528	H	LK	IE
3310665	Caldavnet	54.32556	-7.03861	P	PPLL	IE
3310666	Killy Lough	54.32278	-7.03083	H	LK	IE
3310667	Knockcor	54.3225	-7.00722	P	PPLL	IE
3310668	Derrygola	54.33917	-7.00917	P	PPLL	IE
3310669	Corryarbeg	54.35556	-7.06083	P	PPLL	IE
3310670	Carrickroe	54.35694	-7.02778	P	PPL	IE
3310671	Dundian Cross Roads	54.35556	-7.00556	P	PPL	IE
3310672	Derrylea	54.37389	-7.02361	P	PPLL	IE
3310674	Killybern Lough	54.36778	-7.07583	H	LK	IE
3310676	Mullan	54.36306	-6.92028	P	PPL	IE
3310677	Burns Bridge	54.36944	-6.90806	P	PPLL	IE
3310678	Shanco	54.35917	-6.96694	P	PPL	IE
3310680	Lough Astrish	54.3775	-6.95167	H	LK	IE
3310681	Mullanacross	54.38806	-6.98417	P	PPLL	IE
3310683	Dernagola	54.38639	-7.03639	P	PPLL	IE
3310684	Cavan	54.39944	-7.03944	P	PPLL	IE
3310685	Aghamackalinn	54.39167	-7.04972	P	PPLL	IE
3310686	Derrygorry	54.40889	-7.05	P	PPLL	IE
3310687	Tullygowan	53.94194	-6.63556	P	PPLL	IE
3310688	Drumgowna	53.95111	-6.60167	P	PPLL	IE
3310689	Tullycahan	53.95278	-6.5775	P	PPL	IE
3310690	Ballakelly Cross Roads	53.96694	-6.57167	P	PPLL	IE
3310692	The White Cross	53.95278	-6.52444	P	PPLL	IE
3310695	Chanonrock	53.97	-6.55111	P	PPL	IE
3310696	Little Ash	53.97611	-6.52389	P	PPLL	IE
3310697	Mullabohy Cross Roads	53.98333	-6.49722	P	PPLL	IE
3310699	Killincoole	53.93444	-6.47778	P	PPLL	IE
3310700	Rathneety	53.94611	-6.48417	P	PPLL	IE
3310702	Drumcah Lough	53.99306	-6.54167	H	LK	IE
3310703	Walterstown	53.94278	-6.45167	P	PPL	IE
3310705	Fane Valley	53.95222	-6.46583	L	LCTY	IE
3310709	Gibstown	53.9782	-6.42305	P	PPLL	IE
3310710	Littlemill	53.98417	-6.43944	P	PPLL	IE
3310712	Ricescross Bridge	53.98694	-6.47694	L	LCTY	IE
3310714	Kilcurly	54.00444	-6.46778	P	PPL	IE
3310715	Saint John’s Bridge	54.02417	-6.42861	P	PPLL	IE
3310717	Bridgeacrin	54.03028	-6.45583	P	PPL	IE
3310721	Dowdallshill	54.02139	-6.39472	P	PPL	IE
3310722	Carnbeg	54.02833	-6.40194	P	PPLL	IE
3310724	Aghnaskeagh	54.04611	-6.36806	P	PPLL	IE
3310725	Dungooly Cross Roads	54.0675	-6.46361	P	PPLL	IE
3310727	Ballybinaby	54.05028	-6.53139	P	PPLL	IE
3310728	Annaghvacky	54.03333	-6.54722	P	PPLL	IE
3310731	Slieve	54.03194	-6.49028	P	PPLL	IE
3310732	Rossenmore	54.03639	-6.56944	P	PPLL	IE
3310733	Maghereagh Cross	54.01306	-6.51889	P	PPL	IE
3310734	Cortial Lough	54.00083	-6.50194	H	LK	IE
3310735	Killycroney Bridge	53.99417	-6.50417	P	PPLL	IE
3310738	Cloonfinnaun	53.94948	-8.99177	P	PPLL	IE
3310739	Cloongullaun	53.95861	-8.99083	P	PPL	IE
3310740	Lough Creggaballagh	53.97259	-8.98668	H	LK	IE
3310743	Dromada	53.98601	-8.93764	P	PPL	IE
3310744	Carroweeny	53.99656	-8.94359	P	PPL	IE
3310746	Carrowmore	53.99861	-8.97917	P	PPL	IE
3310748	Cloonarannana Bridge	53.96806	-8.93028	P	PPLL	IE
3310749	Cloonlara	53.95139	-8.91972	P	PPLL	IE
3310750	Cloonaghboy	53.94961	-8.89808	P	PPL	IE
3310751	Drumslinnagh	53.95917	-8.89528	P	PPLL	IE
3310752	Bellanacarra	53.98833	-8.90667	P	PPLL	IE
3310753	Creggaun	54.01167	-8.96139	P	PPLL	IE
3310754	Knockfadda	54.01517	-8.98725	P	PPLL	IE
3310757	Cloonfinish	53.98343	-8.87491	P	PPL	IE
3310759	Lislaughna	53.9695	-8.84612	P	PPLL	IE
3310760	Sonnagh	53.96332	-8.835	P	PPLL	IE
3310761	Tomboholla	53.94096	-8.82523	P	PPLL	IE
3310762	Bracklagh	53.9433	-8.78152	P	PPLL	IE
3310763	Fauleens	53.94611	-8.72306	P	PPL	IE
3310764	Barroe	53.96361	-8.71111	P	PPL	IE
3310765	Cloonmeen West	53.95282	-8.75126	P	PPLL	IE
3310766	Brackloonagh South	53.96667	-8.75167	P	PPLL	IE
3310768	Botinny	53.98583	-8.735	P	PPLL	IE
3310769	Srah Upper	53.97861	-8.6875	P	PPLL	IE
3310770	Srah Lower	53.98722	-8.68944	P	PPLL	IE
3310771	Brackloonagh North	53.98833	-8.70028	P	PPLL	IE
3310774	Tromra	52.80667	-9.46556	P	PPL	IE
3310775	Spanish Point	52.84972	-9.43806	P	PPL	IE
3310776	Clogh	52.54028	-8.90722	P	PPLL	IE
3310777	Cummeen	52.55056	-8.81306	P	PPLL	IE
3310778	Skool	52.54833	-8.57194	P	PPLL	IE
3310779	Cloontia	53.97806	-8.6175	P	PPL	IE
3310780	Tawnaghbeg	53.98556	-8.61389	P	PPLL	IE
3310781	Cloonlarhan	54.01056	-8.66028	P	PPLL	IE
3310783	Flughany	54.01222	-8.60778	P	PPL	IE
3310788	Lough Alone	54.08889	-8.96639	H	LK	IE
3310789	Bunnyconnellan East	54.09139	-9.00028	L	LCTY	IE
3310790	Drumsheen	54.11	-8.99528	P	PPL	IE
3310792	Carrownaglogh	54.12139	-8.97944	P	PPLL	IE
3310795	Cloonlumney	53.96086	-8.65309	P	PPLL	IE
3310796	Islandmore	53.95528	-8.59444	P	PPLL	IE
3310797	Largan	53.94806	-8.54694	P	PPLL	IE
3310798	Cuppanagh Bridge	53.95833	-8.40333	P	PPLL	IE
3310799	Breandrum	53.9625	-8.33778	P	PPLL	IE
3310800	Tinacarra	53.96861	-8.37389	P	PPLL	IE
3310801	Cornaglia	53.98833	-8.35	P	PPLL	IE
3310802	Grange Beg	53.94833	-8.31139	P	PPLL	IE
3310803	Ballytrasna	53.95889	-8.28778	P	PPLL	IE
3310808	Lough Key Forest Park	53.98056	-8.2425	L	PRK	IE
3310810	Lough Keel	53.97944	-8.21611	H	LK	IE
3310811	Fin Lough	53.98528	-8.20639	H	LK	IE
3310813	Riversdale	54.00361	-8.19583	P	PPLL	IE
3310814	Drumman’s Island	53.99444	-8.23556	T	ISL	IE
3310815	Hogs Island	53.99944	-8.25944	T	ISL	IE
3310816	Bullock Island	54.00306	-8.23306	T	ISL	IE
3310817	Stag Island	54.01083	-8.26639	T	ISL	IE
3310818	Corrigeenroe	54.02861	-8.27889	P	PPL	IE
3310819	Cornacarta Lough	54.03361	-8.25528	H	LK	IE
3310820	Derrynasallagh Lough	54.03889	-8.23806	H	LK	IE
3310821	Smutternagh	54.01472	-8.22444	P	PPLL	IE
3310822	Clerragh	54.02694	-8.22861	P	PPLL	IE
3310823	Aghoo	54.03833	-8.22361	P	PPL	IE
3310825	Tullytawen	54.07722	-8.17556	P	PPLL	IE
3310826	Corglass	54.04361	-8.10722	P	PPLL	IE
3310827	Carrickadraan	54.05583	-8.10472	P	PPLL	IE
3310828	Mullaun	54.06306	-8.09444	P	PPLL	IE
3310829	Cuilbalkeen Lough	54.05028	-8.0975	H	LK	IE
3310830	Nagalliagh Lough	54.05306	-8.085	H	LK	IE
3310831	Altagowlan	54.10833	-8.15278	P	PPL	IE
3310832	Greaghnafarna	54.10167	-8.095	P	PPLL	IE
3310833	Greagh	54.08944	-8.09444	P	PPLL	IE
3310835	Mountallen	54.07194	-8.09806	P	PPL	IE
3310836	O’Reilly’s Island	54.07222	-8.0525	T	ISL	IE
3310837	Bellantra Bridge	54.06194	-8.05861	L	LCTY	IE
3310838	Galley Bridge	54.05556	-8.06778	L	LCTY	IE
3310839	Derreenargan	54.02833	-8.11833	P	PPLL	IE
3310840	Rehy Lough	54.01806	-8.16083	H	LK	IE
3310841	Drumcunny Lough	54.01389	-8.13333	H	LK	IE
3310842	Shanballybaun Lough	53.99417	-8.11028	H	LK	IE
3310843	Lough Naseer	53.98139	-8.08694	H	LK	IE
3310844	Moyoran	54.01694	-8.10889	P	PPLL	IE
3310845	Drumbrick	54.00611	-8.12528	P	PPLL	IE
3310846	Drumboylan	54.00833	-8.09722	P	PPL	IE
3310847	Clooncoose	53.98861	-8.12111	P	PPLL	IE
3310848	Derreenannagh	53.97917	-8.09806	P	PPLL	IE
3310849	Cleaheen	53.96778	-8.09833	P	PPLL	IE
3310852	Tumna	53.95361	-8.1225	P	PPLL	IE
3310853	Falleens	53.955	-8.4675	P	PPL	IE
3310854	Inch Island	53.94949	-8.43274	T	ISL	IE
3310855	Derrymore Island	53.9454	-8.42998	T	ISL	IE
3310856	Ardlona	53.9475	-8.39194	P	PPLL	IE
3310857	Cuppanagh	53.95946	-8.43342	P	PPL	IE
3310858	Cloonloogh	53.97389	-8.41361	P	PPL	IE
3310859	Mullaghroe	53.98028	-8.46111	P	PPL	IE
3310860	Mahanagh	53.97694	-8.45167	P	PPLL	IE
3310861	Clooneagh	54.00222	-8.46833	P	PPLL	IE
3310862	Sroove	53.95669	-8.49252	P	PPLL	IE
3310863	Cloonlaheen	53.99025	-8.54155	P	PPLL	IE
3310864	Annaghmore	53.97534	-8.58024	P	PPL	IE
3310866	Greyfield	54.00534	-8.51099	P	PPLL	IE
3310867	Liskeagh	54.00556	-8.43167	P	PPLL	IE
3310868	Culfadda	54.0275	-8.47667	P	PPLL	IE
3310869	Kilshalvy	54.01634	-8.52838	P	PPL	IE
3310870	Tunnagh	54.02045	-8.51415	P	PPLL	IE
3310871	Killavil	54.03301	-8.54615	P	PPL	IE
3310872	Coagh Lough	54.03778	-8.52944	H	LK	IE
3310873	Ardkeeran	54.05333	-8.52556	P	PPLL	IE
3310874	Feenagh Lough	54.05778	-8.46917	H	LK	IE
3310875	Templevanny Lough	54.03556	-8.40556	H	LK	IE
3310876	Carrowcrory	54.02417	-8.40056	P	PPL	IE
3310878	Ballaghboy	54.01278	-8.32306	P	PPLL	IE
3310879	Carricknahorna	54.03833	-8.37083	T	PK	IE
3310880	Bricklieve Mountains	54.05395	-8.37788	T	MTS	IE
3310882	Lough Labe	54.06083	-8.41833	H	LK	IE
3310884	Castlebaldwin	54.07917	-8.37611	P	PPL	IE
3310885	Drumcormick	54.07889	-8.41389	P	PPL	IE
3310886	Graniamore	54.08417	-8.4475	P	PPLL	IE
3310887	Carrownacreevy	54.07472	-8.45056	P	PPL	IE
3310888	Loughymeenaghan	54.09433	-8.39433	H	LK	IE
3310889	Ardloy	54.10056	-8.405	P	PPLL	IE
3310891	Kilmorgan	54.10333	-8.4575	P	PPL	IE
3310892	Lough Daven	54.03556	-8.40556	H	LK	IE
3310894	Emlagh	54.06722	-8.49417	P	PPLL	IE
3310895	Ballyfahy	54.04306	-8.58444	P	PPLL	IE
3310898	Roadstown	54.05472	-8.61639	P	PPLL	IE
3310901	Cloonahinshin	54.075	-8.59222	P	PPLL	IE
3310902	Achonry	54.08278	-8.66694	P	PPL	IE
3310903	Bellanascarrow Lough	54.08972	-8.48889	H	LK	IE
3310904	Ardrea Lough	54.09833	-8.48417	H	LK	IE
3310905	Carrigans	54.1075	-8.48972	P	PPLL	IE
3310907	Rathdoony More	54.09861	-8.54972	P	PPLL	IE
3310908	Knockadalteen	54.11745	-8.51855	P	PPL	IE
3310909	Carrigans Lower	54.1155	-8.50306	P	PPLL	IE
3310910	Clooneen	54.12472	-8.46611	P	PPLL	IE
3310912	Lough Corran	54.13778	-8.46167	H	LK	IE
3310913	Illaunnacogha	52.43173	-9.88034	T	ISL	IE
3310914	Dirtane	52.395	-9.83361	P	PPL	IE
3310916	Toberscanavan Loughs	54.16237	-8.4853	H	LKS	IE
3310919	Cluid	54.1075	-8.54472	P	PPLL	IE
3310920	Cooney	54.20194	-8.545	P	PPLL	IE
3310921	Glen	54.18944	-8.55361	P	PPLL	IE
3310922	Billa	54.17556	-8.55694	P	PPLL	IE
3310923	Streamstown	54.21361	-8.56472	P	PPLL	IE
3310925	Illanbaun	54.20556	-8.56639	P	PPLL	IE
3310926	Carrownacarrick	54.15722	-8.605	P	PPL	IE
3310927	Killoran	54.14	-8.64167	P	PPLL	IE
3310928	Rockfield	54.16778	-8.62083	P	PPL	IE
3310929	Carrownabanny Lough	54.15832	-8.678	H	LK	IE
3310930	Leyny	54.17	-8.60333	P	PPLL	IE
3310931	Killoran North Lough	54.1415	-8.63315	H	LK	IE
3310932	Cartron Lough	54.12968	-8.6429	H	LK	IE
3310933	Drumdivnagh Lough	54.14278	-8.61361	H	LK	IE
3310934	Fin Lough	54.13444	-8.61472	H	LK	IE
3310935	Carrowntawy	54.1282	-8.57915	P	PPLL	IE
3310936	Falnasoogaun	54.12556	-8.59111	P	PPL	IE
3310937	Claragh Scotch	54.12117	-8.62841	P	PPLL	IE
3310938	Carrowreilly	54.10573	-8.64293	P	PPLL	IE
3310939	Portinch	54.09944	-8.575	P	PPLL	IE
3310943	Lavagh	54.10639	-8.68417	P	PPL	IE
3310944	Fodry	52.57967	-9.87645	P	PPLL	IE
3310945	Moneen	52.58136	-9.85947	L	LCTY	IE
3310947	Bridge of Ross	52.59045	-9.86955	P	PPLL	IE
3310948	Drumraine	54.08917	-8.58944	P	PPLL	IE
3310950	Killawee Lough	54.09806	-8.63667	H	LK	IE
3310951	Doogloon Lough	54.08778	-8.64917	H	LK	IE
3310952	Tawnavoultry	54.0925	-8.67472	P	PPLL	IE
3310953	Toberscardan	54.07833	-8.69972	P	PPLL	IE
3310954	Cloonkeevy	54.08361	-8.56417	P	PPL	IE
3310955	Carrowreagh	54.03261	-8.72235	P	PPLL	IE
3310956	Moylough	54.0277	-8.71002	P	PPL	IE
3310957	Largan	54.02028	-8.7125	P	PPLL	IE
3310958	Eskragh	54.0295	-8.77988	P	PPL	IE
3310959	Rue Cross Roads	54.03966	-8.76015	P	PPLL	IE
3310960	Tullanaglug	54.04459	-8.78257	P	PPLL	IE
3310961	Drimina	54.05861	-8.80333	P	PPLL	IE
3310962	Carrowreagh	54.07278	-8.755	P	PPLL	IE
3310963	Farranduff	54.00441	-8.71624	P	PPLL	IE
3310964	Fule	53.99624	-8.72498	P	PPLL	IE
3310965	Broher	53.98194	-8.77889	P	PPLL	IE
3310966	Ballyglass	53.99139	-8.78972	P	PPL	IE
3310967	Sandyhill	53.97639	-8.79139	P	PPLL	IE
3310968	Cloonlaughil	53.97569	-8.81855	P	PPLL	IE
3310969	Cully Cross Roads	53.98833	-8.835	P	PPLL	IE
3310970	Curraghbonaun	54.00702	-8.82563	P	PPLL	IE
3310972	Cloongoonagh	54.01418	-8.87482	P	PPLL	IE
3310973	Cooleen	54.02162	-8.85647	P	PPLL	IE
3310974	Corray	54.03389	-8.87552	P	PPLL	IE
3310975	Toorlestraun	54.03972	-8.8425	P	PPL	IE
3310976	Gortermone	54.04944	-8.82472	P	PPLL	IE
3310977	Annagh	54.05944	-8.82	P	PPLL	IE
3310978	Kincuillew	54.05583	-8.90306	P	PPLL	IE
3310979	Claddagh	54.02278	-8.90806	P	PPLL	IE
3310982	Kilmacteige	54.04083	-8.925	P	PPL	IE
3310983	Lough Naskea	54.02861	-8.98389	H	LK	IE
3310984	Culdaly	54.03583	-8.985	P	PPLL	IE
3310985	Lough Doo	54.03972	-8.99472	H	LK	IE
3310986	Lough Arubble	54.045	-8.97333	H	LK	IE
3310987	Lough Anooran	54.04722	-8.98194	H	LK	IE
3310990	Lough Wattywee	54.06028	-8.97639	H	LK	IE
3310991	Lough Nalackagh	54.07056	-8.95056	H	LK	IE
3310992	Lough Hoe	54.07528	-8.96139	H	LK	IE
3310994	Lough Nabrickkeagh	54.08639	-8.88111	H	LK	IE
3310995	Gleneask	54.09111	-8.92	P	PPLL	IE
3310996	Largan	54.09083	-8.93417	P	PPL	IE
3310997	Tawnyany	54.08694	-8.93972	P	PPLL	IE
3310999	Loughannagally	54.10417	-8.89833	H	LK	IE
3311000	Zion Hill	54.10583	-8.87972	P	PPLL	IE
3311001	Meenaglagh	54.11361	-8.90028	L	LCTY	IE
3311002	Tawnaneilleen	54.13056	-8.88667	L	LCTY	IE
3311003	Masshill	54.10472	-8.85556	P	PPLL	IE
3311005	Bellanograugh Bridge	54.0725	-8.85083	P	PPLL	IE
3311006	Mullany’s Cross	54.06917	-8.86556	P	PPLL	IE
3311007	Metal Bridge	54.07194	-8.81972	P	PPLL	IE
3311009	Sessuecommon	54.08417	-8.815	P	PPLL	IE
3311010	Corsallagh	54.08167	-8.78611	P	PPLL	IE
3311011	Mullaghanarry	54.09111	-8.72111	P	PPLL	IE
3311012	Doomore	54.0925	-8.76444	P	PPLL	IE
3311013	Ballyglass	54.10778	-8.73556	P	PPLL	IE
3311014	Cornaleck	54.12222	-8.72556	P	PPLL	IE
3311015	Branchfield	54.13389	-8.71639	P	PPLL	IE
3311016	Belra	54.13167	-8.68	P	PPLL	IE
3311017	Carrowneden	54.1365	-8.6988	P	PPLL	IE
3311018	Loughanaboll	54.13556	-8.85333	H	LK	IE
3311019	Lough Gal	54.14389	-8.85444	H	LK	IE
3311020	Lough Rumduff	54.14611	-8.84806	H	LK	IE
3311021	Cloonacool Loughs	54.13611	-8.82056	H	LKS	IE
3311022	Glendarragh Lough	54.13167	-8.82444	H	LK	IE
3311023	Tullyvellin Loughs	54.10972	-8.83111	H	LKS	IE
3311025	Kilcummin	54.12722	-8.76528	L	LCTY	IE
3311027	Carrownacreevy	54.1475	-8.72444	L	LCTY	IE
3311028	Carho	54.15928	-8.70351	L	LCTY	IE
3311029	Knockacappul	54.18125	-8.77152	T	PK	IE
3311030	Lough Minnaun	54.19113	-8.73241	H	LK	IE
3311031	Knockachree	54.20333	-8.73944	T	MT	IE
3311032	Lough Achree	54.21172	-8.7395	H	LK	IE
3311033	Belcloghogy Loughs	54.19417	-8.81028	H	LKS	IE
3311034	Kingsmountain	54.21278	-8.805	L	LCTY	IE
3311038	Rathosey	54.18687	-8.60901	P	PPLL	IE
3311039	Gortakeeran	54.17722	-8.65889	P	PPLL	IE
3311040	Mullagh Lough	54.18472	-8.64806	H	LK	IE
3311041	Lough Keola	54.19329	-8.66713	H	LK	IE
3311043	Lough Bree	54.20295	-8.66883	H	LK	IE
3311044	Chapel Street	54.21583	-8.66056	P	PPL	IE
3311045	Lough Doo	54.21583	-8.625	H	LK	IE
3311049	Brockagh	54.24861	-8.65944	P	PPLL	IE
3311051	Carrowloughan Lough	54.27333	-8.67139	H	LK	IE
3311053	Lecarrow	54.22962	-8.72376	P	PPLL	IE
3311055	Doonflin Lower	54.24186	-8.76313	P	PPL	IE
3311056	Toberawnaun	54.25778	-8.72222	P	PPLL	IE
3311057	Dunmoran	54.26417	-8.72222	P	PPLL	IE
3311058	Ardogelly	54.25333	-8.77667	P	PPLL	IE
3311059	Carrowcaslan	54.25944	-8.76306	P	PPLL	IE
3311060	Kilrusheighter	54.26194	-8.77833	P	PPL	IE
3311061	Belturlin	54.26861	-8.78306	P	PPLL	IE
3311062	Lugdoon	54.23083	-8.79972	P	PPL	IE
3311063	Doonbeakin	54.23194	-8.83333	P	PPLL	IE
3311064	Altans	54.24417	-8.84694	P	PPLL	IE
3311065	Charlesfort	54.24917	-8.86167	P	PPL	IE
3311067	Lough Nafullow	54.19833	-8.84194	H	LK	IE
3311068	Lough Anlaba	54.18139	-8.82944	H	LK	IE
3311069	Lough Croane	54.18083	-8.83333	H	LK	IE
3311074	Cannaghanally	54.23528	-8.91306	P	PPL	IE
3311076	Carrowmably	54.2625	-8.88111	P	PPLL	IE
3311077	Ballymeeny	54.26806	-8.90361	P	PPL	IE
3311078	Clooneen	54.26167	-8.925	P	PPL	IE
3311079	Killeenduff	54.28028	-8.93056	P	PPL	IE
3311082	Patch	54.24389	-8.91417	P	PPLL	IE
3311084	Owenbeg	54.23361	-8.94667	P	PPLL	IE
3311085	Lough Nacreeva	54.22389	-8.95111	H	LK	IE
3311086	Bellafarney	54.215	-8.93167	P	PPLL	IE
3311088	Finned Bridge	54.28917	-8.99833	P	PPLL	IE
3311089	Carrowpadeen	54.2825	-8.98389	P	PPLL	IE
3311093	Cloonycarney	54.24222	-9.00056	P	PPLL	IE
3311094	Cuffs Town	54.23583	-8.99611	P	PPL	IE
3311095	Lough Scorrew	54.21389	-8.97389	H	LK	IE
3311096	Owenykeevan	54.20444	-8.95472	L	LCTY	IE
3311097	Lough Ioe	54.19722	-8.93944	H	LK	IE
3311099	Letterunshin	54.18333	-8.92833	L	LCTY	IE
3311102	Carns	54.18167	-8.9975	P	PPLL	IE
3311103	Tawnalghta	54.17889	-8.97333	P	PPLL	IE
3311104	Clonnkeelaun	54.16083	-8.99444	P	PPLL	IE
3311111	Muck Island	54.05167	-8.31528	T	ISL	IE
3311112	Inishbeg	54.06139	-8.32167	T	ISL	IE
3311113	Inishmore	54.07111	-8.32806	T	ISL	IE
3311114	Annaghgowla Island	54.075	-8.34083	T	ISL	IE
3311115	Barroe	54.08056	-8.30722	P	PPLL	IE
3311116	Highwood	54.07222	-8.27861	P	PPLL	IE
3311117	Kilmactranny	54.06361	-8.25583	P	PPL	IE
3311118	Coolmeen	54.07278	-8.24722	P	PPLL	IE
3311120	Rover	54.09167	-8.20889	P	PPLL	IE
3311121	Glen	54.10389	-8.17667	P	PPLL	IE
3311122	Cabragh	54.105	-8.26472	P	PPLL	IE
3311123	Straduff	54.11852	-8.21218	L	LCTY	IE
3311124	Tap	54.12333	-8.24778	P	PPLL	IE
3311125	Moytirra	54.08306	-8.275	P	PPLL	IE
3311128	Aghoo	54.14967	-8.30836	P	PPLL	IE
3311129	Boleymount	54.16361	-8.31056	P	PPLL	IE
3311130	Drumdoney	54.11917	-8.33028	P	PPLL	IE
3311132	Lough Meharth	54.12694	-8.38472	H	LK	IE
3311133	Tunnagh Lough	54.16556	-8.36139	H	LK	IE
3311135	Srananagh	54.16861	-8.39333	P	PPLL	IE
3311136	Knocknacross	54.11393	-8.36258	P	PPLL	IE
3311137	Lough Bo	54.11306	-8.31333	H	LK	IE
3311138	Lough Nasool	54.10611	-8.315	H	LK	IE
3311139	Ballinphull	54.10917	-8.31611	P	PPLL	IE
3311140	Lahardan	54.09203	-8.31993	P	PPLL	IE
3311141	Derry	54.08886	-8.33873	P	PPLL	IE
3311142	Bellarush Bridge	54.09139	-8.35278	P	PPLL	IE
3311146	Lissaneeny	54.16333	-8.39806	P	PPLL	IE
3311148	Cloghfin Lough	54.16639	-8.44306	H	LK	IE
3311149	Lisconny Bridge	54.1542	-8.46325	L	LCTY	IE
3311150	Dargan Lough	54.20333	-8.42333	H	LK	IE
3311151	Doonally	54.18306	-8.41944	P	PPLL	IE
3311152	Ballygawley	54.19222	-8.44639	P	PPL	IE
3311153	Union Wood	54.20583	-8.48083	V	FRST	IE
3311154	Castletown	54.19083	-8.48056	P	PPL	IE
3311155	Ballydawley Lough	54.20833	-8.46778	H	LK	IE
3311157	Lough Lumman	54.22222	-8.43083	H	LK	IE
3311158	Lahanagh	54.23714	-8.41238	P	PPL	IE
3311159	Aghamore	54.23944	-8.44889	P	PPLL	IE
3311160	Killerry	54.23083	-8.35667	P	PPLL	IE
3311161	Innisfree	54.24833	-8.35778	T	ISL	IE
3311163	Cottage Island	54.24373	-8.42553	T	ISL	IE
3311164	Church Island	54.25194	-8.39145	T	ISL	IE
3311166	Belladrihid	54.22139	-8.49972	P	PPL	IE
3311167	Kilmacowen	54.22861	-8.51611	P	PPLL	IE
3311168	Breeoge	54.23639	-8.5425	P	PPLL	IE
3311170	Knocknahur	54.245	-8.53861	P	PPL	IE
3311171	Carrowmore	54.2493	-8.51009	P	PPL	IE
3311177	Culleenduff	54.25278	-8.58417	P	PPLL	IE
3311178	Carrowbunnauna	54.26639	-8.59833	P	PPLL	IE
3311184	Maguins Island	54.28889	-8.60583	T	ISL	IE
3311186	Oyster Island	54.30132	-8.56767	T	ISL	IE
3311191	Ballybeg	54.31806	-8.54167	P	PPLL	IE
3311192	Doonweelin Lough	54.315	-8.54444	H	LK	IE
3311194	Cregg	54.30389	-8.51278	P	PPL	IE
3311197	Magheraboy	54.26889	-8.49444	P	PPL	IE
3311201	Colgagh Lough	54.27453	-8.39833	H	LK	IE
3311202	Ballure	54.26746	-8.40333	P	PPLL	IE
3311203	Ballynamona	54.27167	-8.3675	P	PPLL	IE
3311204	Formoyle	54.29389	-8.37111	P	PPLL	IE
3311205	Glackbaun	54.30833	-8.38917	P	PPLL	IE
3311206	Willsborough	54.29417	-8.44083	P	PPL	IE
3311207	Lisgorey	54.29	-8.42806	P	PPLL	IE
3311209	Castlegal	54.31583	-8.42417	P	PPLL	IE
3311210	Lugnagall	54.32889	-8.4225	P	PPLL	IE
3311211	Drum	54.31389	-8.45167	P	PPLL	IE
3311213	Rathcormack	54.31833	-8.47667	P	PPL	IE
3311214	Keelogyboy Mountain	54.29929	-8.35248	T	MT	IE
3311215	Tormore	54.35194	-8.40472	T	PK	IE
3311216	Keelty	54.34944	-8.48083	P	PPL	IE
3311217	Milltown	54.33944	-8.50111	P	PPL	IE
3311220	Clogh	54.39167	-8.40083	L	LCTY	IE
3311221	Ardnaglass Upper	54.37917	-8.48111	P	PPLL	IE
3311222	Carrownamaddoo	54.39056	-8.47	P	PPLL	IE
3311223	Moneylahan	54.39806	-8.45167	P	PPL	IE
3311224	Ballaghnatrillick Bridge	54.40333	-8.40417	P	PPL	IE
3311225	Ballaghnatrillick	54.41667	-8.39028	P	PPL	IE
3311228	Cloonty Lough	54.42722	-8.4225	H	LK	IE
3311229	Cartronplank	54.42472	-8.45278	P	PPLL	IE
3311230	Creevykeel Cross Roads	54.44167	-8.43444	P	PPLL	IE
3311231	Castlegal	54.45806	-8.40639	P	PPL	IE
3311232	Skerrydoo	54.46583	-8.40056	T	CAPE	IE
3311233	Bunduff Lough	54.44944	-8.43972	H	LK	IE
3311238	Drumfad	54.41389	-8.46611	P	PPLL	IE
3311239	Milk Haven	54.41806	-8.5	P	PPLL	IE
3311242	Moneygold	54.40611	-8.50944	P	PPL	IE
3311243	Grogagh	54.38722	-8.50306	P	PPLL	IE
3311244	Mullaghnaneane	54.37556	-8.53167	P	PPL	IE
3311245	Breaghwy	54.37667	-8.57694	P	PPLL	IE
3311250	Ballinphull	54.36639	-8.58528	P	PPLL	IE
3311251	Doonowney	54.36722	-8.56806	P	PPLL	IE
3311252	Cloghboley	54.34972	-8.60583	P	PPL	IE
3311253	Ballintemple	54.34944	-8.63944	L	LCTY	IE
3311255	Cloonagh	54.36972	-8.63194	P	PPLL	IE
3311256	Raghly	54.33222	-8.64667	P	PPL	IE
3311258	Ardboline	54.34917	-8.69222	T	ISL	IE
3311261	Ballygugan	54.35028	-8.55806	L	LCTY	IE
3311262	Cashelgarran	54.36333	-8.52306	P	PPL	IE
3311264	Corryolus	53.95472	-8.09167	P	PPLL	IE
3311266	Castlecarra	53.95417	-8.06056	P	PPLL	IE
3311267	Killavanowl	53.95944	-8.0175	P	PPLL	IE
3311268	Drumlumman	53.96444	-8.05028	P	PPLL	IE
3311269	Bran Lough	53.97444	-8.05778	H	LK	IE
3311270	Carrickevy Lough	53.98222	-8.06111	H	LK	IE
3311271	Ballinwing	53.99417	-8.03194	P	PPLL	IE
3311272	Kilmaddaroe Lough	53.96639	-8.03528	H	LK	IE
3311273	Costre Lough	53.9725	-8.01389	H	LK	IE
3311274	Effrinagh Lough	53.97778	-7.9975	H	LK	IE
3311275	Annaghearly Lough	53.98694	-7.99528	H	LK	IE
3311276	Gowel	53.98556	-8.00389	P	PPL	IE
3311277	Corlisheen	53.96528	-7.99	P	PPLL	IE
3311278	Lismoyle	53.94472	-8.005	P	PPLL	IE
3311283	Kilclare	54.00778	-8.01556	P	PPLL	IE
3311284	Mullaghboy	54.00889	-7.96667	P	PPLL	IE
3311285	Lisconor	54.01222	-8.01778	P	PPLL	IE
3311286	Lough Conway	54.01611	-7.99583	H	LK	IE
3311287	Aghakilmore	54.02333	-7.99694	P	PPLL	IE
3311288	Annaghkeenly	53.99278	-7.96778	P	PPLL	IE
3311289	Aghakilconnell Lough	53.99083	-7.97333	H	LK	IE
3311290	Carrickaport Lough	54.03028	-7.985	H	LK	IE
3311291	Drumcong	54.02806	-7.97222	P	PPL	IE
3311292	Drumkeelan Lough	54.02611	-8.04	H	LK	IE
3311293	Lustia Lough	54.02972	-8.03639	H	LK	IE
3311294	Drumgorman Lough	54.02139	-8.05806	H	LK	IE
3311295	Derrynahoo Lough	54.03167	-8.04861	H	LK	IE
3311296	Defner	54.02528	-8.07472	P	PPLL	IE
3311297	Shancurry	54.03778	-8.07722	P	PPLL	IE
3311299	Aghnagollop	54.03778	-8.02667	P	PPLL	IE
3311300	Acres Lough	54.03889	-8.05194	H	LK	IE
3311301	Dorrusawillin	54.05889	-8.00556	P	PPL	IE
3311302	Murhaun	54.06417	-8.02861	P	PPLL	IE
3311303	Aghagrania	54.06861	-8.01694	P	PPLL	IE
3311304	Derrintober	54.07417	-8.03667	P	PPLL	IE
3311305	Lavaur	54.0775	-8.02528	P	PPLL	IE
3311306	Moher	54.06694	-7.97389	P	PPLL	IE
3311307	Liscarban	54.05583	-7.96889	P	PPLL	IE
3311311	Greaghnaguillaun	54.10639	-8.02389	P	PPLL	IE
3311314	Cornamucklagh South	54.12389	-8.0175	P	PPLL	IE
3311315	Drumristin	54.13917	-8.00667	P	PPLL	IE
3311317	Fahy	54.14722	-8.02028	P	PPLL	IE
3311318	Lough Yugan	54.15222	-8.02222	H	LK	IE
3311320	Kilgarriff	54.16	-8.01444	P	PPLL	IE
3311321	Greaghnafarna	54.17139	-8.01194	P	PPLL	IE
3311322	Cortober	54.16528	-7.96833	L	LCTY	IE
3311324	Lough Nambrack	54.16306	-7.92444	H	LK	IE
3311325	Manter Eolus Lough	54.15472	-7.90639	H	LK	IE
3311327	Knockgorm Lough	54.1625	-7.9175	H	LK	IE
3311328	Lough Nabellbeg	54.1025	-7.95167	H	LK	IE
3311329	Seltanahunshin	54.12	-7.87694	L	LCTY	IE
3311330	Altakeeran	54.11639	-7.905	P	PPLL	IE
3311331	Tullylackan Beg	54.10861	-7.8875	P	PPLL	IE
3311332	Curraghnabania	54.10194	-7.85722	P	PPLL	IE
3311333	Pottore	54.095	-7.87694	P	PPLL	IE
3311334	Boggaun	54.08306	-7.89444	P	PPLL	IE
3311335	Kilnamaddyroe	54.08972	-7.83333	P	PPLL	IE
3311337	Cromlin	54.08389	-7.83472	P	PPL	IE
3311338	Cornageeragh	54.07694	-7.81139	P	PPLL	IE
3311339	Callowhill Lough	54.07056	-7.83722	H	LK	IE
3311340	Camagh Lough	54.07194	-7.81444	H	LK	IE
3311341	Drumeanan	54.05556	-7.92	P	PPL	IE
3311343	Annadale	54.03722	-7.94389	P	PPLL	IE
3311345	Corrachoosaun Lough	54.04583	-7.90556	H	LK	IE
3311346	Lough Nacarriga	54.04194	-7.89167	H	LK	IE
3311347	Boneill	54.03417	-7.9125	P	PPLL	IE
3311348	Kiltybardan	54.05583	-7.87194	P	PPLL	IE
3311349	Turf Island	54.05111	-7.8725	T	ISL	IE
3311350	Mayo	54.05139	-7.85361	P	PPLL	IE
3311351	Keshcarrigan Lough	54.01361	-7.94111	H	LK	IE
3311352	Castlefore Lough	54.02361	-7.91056	H	LK	IE
3311353	Drumlaheen Lough	54.01389	-7.86472	H	LK	IE
3311354	Scardaun Lough	53.99833	-7.90833	H	LK	IE
3311355	Drumcollop Lough	53.99722	-7.8925	H	LK	IE
3311356	Rowan Lough	54.00167	-7.87167	H	LK	IE
3311357	Seltan Lough	53.98917	-7.85944	H	LK	IE
3311358	Derrinkip	54.02667	-7.88472	P	PPLL	IE
3311359	Foxfield	54.02417	-7.86028	P	PPLL	IE
3311360	Drumaragh	54.00528	-7.93306	P	PPLL	IE
3311362	Corderry Cross Roads	53.99278	-7.94694	P	PPLL	IE
3311364	Loughtown Lough	53.97472	-7.97861	H	LK	IE
3311365	Loughtown	53.96917	-7.96194	P	PPLL	IE
3311366	Corlea	53.96139	-7.93667	P	PPLL	IE
3311369	Stuck Cross Roads	53.95472	-7.91972	P	PPLL	IE
3311370	Attimanus	53.97472	-7.93778	P	PPLL	IE
3311371	Kilnagross	53.98583	-7.95361	P	PPL	IE
3311372	Funshinagh Cross Roads	53.98417	-7.91167	P	PPLL	IE
3311373	Oghill Cross Roads	53.96583	-7.89444	P	PPLL	IE
3311374	Drumhany North	53.9475	-7.90083	P	PPLL	IE
3311376	Lisomadaun	53.96194	-7.86972	P	PPLL	IE
3311377	Garvagh	53.98028	-7.85722	P	PPL	IE
3311378	Adoon Lough	53.97361	-7.82833	H	LK	IE
3311379	Edergole	53.96417	-7.81417	P	PPLL	IE
3311380	Curraun	53.94806	-7.84417	P	PPLL	IE
3311381	Drumboher	53.95	-7.83194	P	PPLL	IE
3311382	Drumna	53.97694	-7.78611	P	PPLL	IE
3311383	Halls	53.98667	-7.80806	P	PPLL	IE
3311384	Greagh Cross Roads	53.99111	-7.78778	P	PPLL	IE
3311385	Annaghmaconway Lough	53.94639	-7.8	H	LK	IE
3311387	Dunavinally	53.99111	-7.83056	P	PPLL	IE
3311388	Black Lough	53.99	-7.76167	H	LK	IE
3311389	Lough Cam	53.98306	-7.75389	H	LK	IE
3311390	Drumroosk Lough	53.99944	-7.82972	H	LK	IE
3311391	Lough Donogher	53.99	-7.74667	H	LK	IE
3311393	Sunnaghconnor Mill	53.97139	-7.7525	P	PPLL	IE
3311394	Killyfea Lough	53.95861	-7.78861	H	LK	IE
3311395	Gradoge	53.95167	-7.70361	P	PPL	IE
3311396	Corraneary	53.96028	-7.72444	P	PPLL	IE
3311397	Aghadruminsh	53.98056	-7.69806	P	PPL	IE
3311398	Fort Lough	53.98583	-7.71639	H	LK	IE
3311399	Killameen Lough	53.99389	-7.7125	H	LK	IE
3311400	Black Lough	53.99167	-7.69806	H	LK	IE
3311401	Corrala Lough	54.00111	-7.70278	H	LK	IE
3311402	Arderry	54.00444	-7.7325	P	PPLL	IE
3311403	Sranadarragh	54.0025	-7.77472	P	PPLL	IE
3311404	Gubs	54.01139	-7.79278	P	PPLL	IE
3311405	Drumcoura	54.02139	-7.75778	P	PPL	IE
3311406	Drumlea	54.01778	-7.72833	P	PPL	IE
3311407	Cloonboygher	54.02694	-7.69556	P	PPLL	IE
3311408	Drumlea Lough	54.01333	-7.73472	H	LK	IE
3311409	Keenheen Lough	54.01611	-7.74778	H	LK	IE
3311410	Drumcoura Lough	54.02667	-7.75806	H	LK	IE
3311411	Mullaghboy Lough	54.03167	-7.725	H	LK	IE
3311412	Lough Awaddy	54.03333	-7.75306	H	LK	IE
3311413	Ardmeenan Lough	54.03722	-7.77389	H	LK	IE
3311415	Cuilmore	54.04	-7.74917	P	PPLL	IE
3311417	Aghoo	54.02806	-7.79583	P	PPL	IE
3311418	Edentinny	54.03917	-7.83389	P	PPLL	IE
3311419	Lough Reane	54.03139	-7.84917	H	LK	IE
3311420	Fenagh Lough	54.01194	-7.83694	H	LK	IE
3311421	Georges Lough	54.06389	-7.815	H	LK	IE
3311422	Bolganard Lough	54.06194	-7.77028	H	LK	IE
3311423	Drumlonan Lough	54.06222	-7.74972	H	LK	IE
3311424	Coryer Lough	54.05944	-7.76306	H	LK	IE
3311426	Cleenaghoo	54.05583	-7.77861	P	PPLL	IE
3311428	Corraleehan	54.10833	-7.79667	P	PPL	IE
3311429	Derradda	54.0975	-7.78194	P	PPLL	IE
3311430	Drumgownagh	54.08944	-7.79806	P	PPLL	IE
3311431	Lough Adorn	54.08028	-7.77139	H	LK	IE
3311432	Lisroughly	54.08028	-7.74306	P	PPL	IE
3311433	Dromore Lough	54.07222	-7.78889	H	LK	IE
3311434	Glennan	54.06861	-7.76222	P	PPLL	IE
3311435	Drumreilly	54.06206	-7.70193	P	PPLL	IE
3311436	Glebe Lough	54.07722	-7.70139	H	LK	IE
3311437	Knocks	54.08	-7.71667	P	PPLL	IE
3311438	Cherry Island	54.04944	-7.70028	T	ISL	IE
3311439	Church Island	54.05	-7.71583	T	ISL	IE
3311440	Annagh Upper	54.18333	-8.04556	P	PPL	IE
3311441	Inishmagrath Island	54.15528	-8.04306	T	ISL	IE
3311442	Drummans Island	54.15806	-8.09694	T	ISL	IE
3311444	Corry	54.17028	-8.06194	P	PPL	IE
3311446	Mahanagh Lough	54.17778	-8.055	H	LK	IE
3311448	Fingreagh	54.18611	-8.09972	P	PPLL	IE
3311449	Killadiskert	54.17722	-8.09944	P	PPL	IE
3311450	Annaghgerry	54.1675	-8.1175	P	PPLL	IE
3311451	Corry Island	54.14111	-8.09278	T	ISL	IE
3311452	Curraghs North	54.14167	-8.11556	P	PPLL	IE
3311453	Tullycorka	54.13278	-8.11833	P	PPLL	IE
3311454	Tarmon	54.12556	-8.08472	P	PPL	IE
3311455	Seltannasaggart	54.12972	-8.15306	T	MT	IE
3311458	Letter	54.16417	-8.16972	P	PPLL	IE
3311459	Boleybaun	54.16824	-8.194	L	LCTY	IE
3311460	Lugmeeltan	54.18528	-8.19167	P	PPLL	IE
3311461	Killavoggy	54.18271	-8.22876	P	PPLL	IE
3311462	Corratimore	54.19127	-8.2201	P	PPLL	IE
3311464	Corchuill	54.18861	-8.11889	P	PPLL	IE
3311465	Liscoghil	54.19694	-8.13472	P	PPLL	IE
3311466	Tullintowell	54.20472	-8.13667	P	PPLL	IE
3311467	Tawnylea	54.20639	-8.15556	P	PPL	IE
3311468	Knockacullion	54.21333	-8.16389	P	PPLL	IE
3311470	Beagh	54.17579	-8.24156	P	PPL	IE
3311472	Five Cross Roads	54.20194	-8.28583	P	PPLL	IE
3311473	Killanummery	54.20972	-8.28694	P	PPL	IE
3311478	Drummury	54.22552	-8.23822	P	PPL	IE
3311480	Drumduff	54.19972	-8.32556	P	PPLL	IE
3311484	Fawn	54.24028	-8.2725	P	PPL	IE
3311486	Lough Anarry	54.25598	-8.27741	H	LK	IE
3311487	Carrigeencor Lough	54.25444	-8.26	H	LK	IE
3311488	Banagher	54.26639	-8.3225	P	PPLL	IE
3311491	Doon Lough	54.27806	-8.31389	H	LK	IE
3311492	Leckaun	54.27558	-8.28552	P	PPLL	IE
3311493	The Doons	54.28861	-8.32861	L	LCTY	IE
3311494	Morerah	54.28225	-8.26918	P	PPLL	IE
3311495	Killenna	54.29639	-8.25222	P	PPLL	IE
3311496	Leean Mountain	54.29763	-8.30024	T	MT	IE
3311498	Crockauns	54.31714	-8.37009	T	MT	IE
3311499	Gurteen	54.32583	-8.31389	P	PPL	IE
3311500	Rocktown	54.32694	-8.27444	P	PPLL	IE
3311504	Cloonaquin	54.27827	-8.22116	P	PPLL	IE
3311505	Shanvaus	54.31111	-8.2275	P	PPLL	IE
3311508	Boggaun	54.26472	-8.2	P	PPLL	IE
3311509	Gortgarrigan	54.25639	-8.23417	P	PPLL	IE
3311510	Lisgorman	54.25209	-8.19861	P	PPLL	IE
3311514	Meenymore	54.26222	-8.14222	P	PPLL	IE
3311515	Tullyskeherny	54.28639	-8.15444	P	PPLL	IE
3311518	Tullinloughan Lough	54.23861	-8.15556	H	LK	IE
3311519	Ummera	54.19361	-8.07639	P	PPLL	IE
3311520	Shass	54.19889	-8.05194	P	PPLL	IE
3311521	Ross	54.20667	-8.04444	P	PPLL	IE
3311522	Aughrim	54.22056	-8.04722	P	PPLL	IE
3311523	Dawn of Hope Bridge	54.20306	-8.08444	P	PPLL	IE
3311524	Killooman Lough	54.2275	-8.07194	H	LK	IE
3311525	Gowlaun	54.22028	-8.12139	L	LCTY	IE
3311526	Dergvone	54.23306	-8.06583	P	PPLL	IE
3311527	Lackagh Lough	54.23778	-8.12361	H	LK	IE
3311529	Lough Kip	54.25361	-8.10389	H	LK	IE
3311530	Lough Avanny	54.26167	-8.09306	H	LK	IE
3311531	Doo Lough	54.26	-8.07306	H	LK	IE
3311532	Lough Natire	54.25639	-8.05139	H	LK	IE
3311534	Lough Nagloghderg	54.25167	-8.0075	H	LK	IE
3311535	Lough Naweeloge	54.255	-8.00917	H	LK	IE
3311536	Tullinwillin	54.22417	-8.16917	P	PPLL	IE
3311538	Brockagh	54.27556	-7.98167	P	PPLL	IE
3311539	Meenkeeragh	54.27306	-8.0025	P	PPLL	IE
3311540	Bronagh	54.26778	-8.02722	L	LCTY	IE
3311541	Sravrannies	54.28	-8.01833	P	PPLL	IE
3311542	Sradrine	54.295	-8.02056	P	PPLL	IE
3311543	Thur Mountain	54.31238	-8.03148	T	MT	IE
3311544	Cullentragh Lough	54.30611	-8.03528	H	LK	IE
3311545	Lough Aderreen	54.30861	-7.99472	H	LK	IE
3311547	Corractoona	54.3375	-7.99083	P	PPLL	IE
3311551	Killea	54.34833	-8.08722	P	PPL	IE
3311552	Dough Mountain	54.32941	-8.09143	T	MT	IE
3311553	Lissinagroagh	54.31722	-8.10667	P	PPL	IE
3311555	Briscloonagh	54.28861	-8.08194	P	PPLL	IE
3311558	Munakill Loughs	54.2975	-8.10417	H	LKS	IE
3311559	Gortnalibbert	54.27528	-8.10667	L	LCTY	IE
3311560	Munnagashel	54.28333	-8.13083	P	PPLL	IE
3311561	Glenboy	54.28972	-8.12	P	PPL	IE
3311563	Crocknagapple	54.34729	-8.17451	T	MT	IE
3311564	Faughary	54.33556	-8.14833	P	PPLL	IE
3311566	Lough Adunny	54.36278	-8.16028	H	LK	IE
3311568	Sandy Lough	54.35556	-8.17083	H	LK	IE
3311569	Cloghmeen	54.36667	-8.18667	L	LCTY	IE
3311571	Mullanyduffy	54.33083	-8.17028	P	PPLL	IE
3311572	Lisnabrack	54.32778	-8.19556	P	PPLL	IE
3311573	New Bridge	54.3225	-8.20028	P	PPLL	IE
3311574	Gortinar	54.33778	-8.22667	P	PPLL	IE
3311575	Tully	54.34917	-8.25139	P	PPL	IE
3311576	Leckanarainey	54.35722	-8.24472	P	PPL	IE
3311580	Balinlig	54.37722	-8.32778	P	PPLL	IE
3311581	Cloontyprughlish	54.38472	-8.32333	P	PPLL	IE
3311582	Keeloges	54.40167	-8.30361	P	PPLL	IE
3311584	Aroo Lough	54.40611	-8.25083	H	LK	IE
3311585	Lough Aganny	54.39028	-8.24	H	LK	IE
3311586	Aghadunvane	54.42611	-8.26694	L	LCTY	IE
3311588	Unshinagh	54.43833	-8.31389	P	PPL	IE
3311589	Balloor	54.44	-8.38111	P	PPL	IE
3311590	Derreenavoggy Lough	54.43556	-8.3675	H	LK	IE
3311591	Liscally	54.43444	-8.39972	P	PPLL	IE
3311593	Agharroo	54.4575	-8.32944	P	PPLL	IE
3311594	Bunduff Bridge	54.46389	-8.37556	P	PPLL	IE
3311596	Gubacreeny	54.45944	-8.28222	P	PPLL	IE
3311599	Askill	54.45667	-8.17389	P	PPL	IE
3311601	Inisheher	54.4424	-8.21997	T	ISL	IE
3311602	Inishmean	54.44086	-8.20034	T	ISL	IE
3311603	Inishtemple	54.43701	-8.18914	T	ISL	IE
3311604	Inishkeen	54.43892	-8.16436	T	ISL	IE
3311605	Buckode	54.42861	-8.21	P	PPL	IE
3311607	Rooskey	53.82984	-7.88818	P	PPL	IE
3311609	Aghnahaha	54.38417	-8.13944	P	PPLL	IE
3311610	Lissiniska	54.39194	-8.16361	P	PPLL	IE
3311611	Tullyskeherny	54.37444	-8.11528	P	PPLL	IE
3311612	Tullyderrin	54.38583	-8.07667	P	PPLL	IE
3311614	Meenagraun Lough	54.385	-8.21667	H	LK	IE
3311615	Lough Nabrack	54.38056	-8.21583	H	LK	IE
3311616	Leck	54.29806	-7.93528	P	PPLL	IE
3311617	Tuam Island	54.30417	-7.92444	T	ISL	IE
3311618	Moy More	52.90306	-9.34306	P	PPL	IE
3311619	Tullygarvan	52.91528	-9.32278	P	PPL	IE
3311620	Mooghna Lough	52.90611	-9.28111	H	LK	IE
3311621	Knockpatrick	52.91778	-9.30639	L	LCTY	IE
3311622	O’Brien’s Bridge	52.95306	-9.34917	P	PPL	IE
3311625	Kilconnell	52.94694	-9.44889	P	PPL	IE
3311626	Derren	52.95306	-9.42222	P	PPL	IE
3311627	Lower Ballycotteen	52.96833	-9.40722	P	PPL	IE
3311628	Upper Ballycotteen	52.97917	-9.41306	P	PPL	IE
3311631	Cornagee	54.27361	-7.90278	P	PPLL	IE
3311633	Oggal	54.25972	-7.92667	P	PPLL	IE
3311634	Roo	54.27778	-7.95111	L	LCTY	IE
3311636	Cornahaw	54.24611	-7.92556	P	PPLL	IE
3311637	Gowlan	54.25083	-7.90028	P	PPL	IE
3311638	Tullygobban Lough	54.26611	-7.89444	H	LK	IE
3311639	Legalough	54.26024	-7.86518	H	LK	IE
3311640	Garvagh Lough	54.25056	-7.88611	H	LK	IE
3311642	Garvagh	54.23333	-7.87111	L	LCTY	IE
3311643	Carricknahurroo Lough	54.2275	-7.9175	H	LK	IE
3311644	Lattone Lough	54.22611	-7.92778	H	LK	IE
3311645	Lough Aglaur	54.23056	-7.94917	H	LK	IE
3311646	Carricknacrannoge Lough	54.235	-7.95139	H	LK	IE
3311647	Carrickacladdy Lough	54.22472	-7.96111	H	LK	IE
3311648	Corlea	54.23028	-7.97833	P	PPL	IE
3311649	Tents Lough	54.24667	-8.00194	H	LK	IE
3311650	Lough Naweelion	54.24611	-8.01556	H	LK	IE
3311651	Cornakeeldrum Lough	54.22111	-7.99806	H	LK	IE
3311652	Tullynamoyle	54.22472	-8.02194	P	PPLL	IE
3311653	Moneen Lough	54.20944	-8.01889	H	LK	IE
3311655	Ardlougher Lough	54.19972	-8.03861	H	LK	IE
3311656	Sruhanagh	54.18889	-7.98361	P	PPLL	IE
3311657	Corleckagh	54.2025	-7.95194	P	PPLL	IE
3311658	Coppanaghmore	54.19306	-7.93028	P	PPLL	IE
3311659	Legnagrow	54.2125	-7.90528	P	PPLL	IE
3311660	Mully	54.20306	-7.90222	P	PPLL	IE
3311661	Altshallan	54.17583	-7.92778	L	LCTY	IE
3311662	Bursan	54.19222	-7.85806	P	PPLL	IE
3311663	Corracleigh	54.18056	-7.86333	P	PPL	IE
3311664	Moneensauran	54.1725	-7.87833	P	PPLL	IE
3311665	Derrynananta	54.1625	-7.87111	P	PPLL	IE
3311666	Tully Lough	54.18333	-7.90667	H	LK	IE
3311670	Cloghoge	54.20306	-7.71333	P	PPLL	IE
3311671	Binkeeragh	54.18306	-7.74889	P	PPLL	IE
3311672	Drumcask	54.1725	-7.73472	P	PPL	IE
3311673	Gubrawnlly	54.16111	-7.74333	P	PPLL	IE
3311674	Blackrocks Cross	54.16389	-7.78306	P	PPLL	IE
3311675	Uragh	54.19306	-7.69722	P	PPLL	IE
3311676	Derrynacreve	54.155	-7.7175	P	PPLL	IE
3311677	Dunglave	54.16111	-7.70667	P	PPLL	IE
3311679	Altateskin	54.15111	-7.78472	P	PPLL	IE
3311680	Gowlan	54.13722	-7.795	P	PPLL	IE
3311681	Bartonny Lough	54.12556	-7.85139	H	LK	IE
3311682	Derrynananata Lough	54.15167	-7.84611	H	LK	IE
3311685	Moneynure	54.13	-7.7375	P	PPLL	IE
3311687	Cartronnagilta	54.11139	-7.77167	P	PPLL	IE
3311688	Cronery	54.10917	-7.75889	P	PPLL	IE
3311689	Erraran	54.125	-7.69778	P	PPLL	IE
3311691	Teeboy	54.11472	-7.72917	P	PPLL	IE
3311693	Ardmoneen	54.11056	-7.82361	P	PPLL	IE
3311694	Bunerky Lough	54.11667	-7.71556	H	LK	IE
3311695	Lakefield Lough	54.1125	-7.69833	H	LK	IE
3311696	Bellaboy Lough	54.10306	-7.68361	H	LK	IE
3311697	Blackwater Bridge	54.09417	-7.7075	P	PPLL	IE
3311698	Culliagh	54.10111	-7.7325	P	PPLL	IE
3311699	Cornagunleog	54.09083	-7.71083	P	PPLL	IE
3311700	Sraloaghan	54.09167	-7.73222	P	PPLL	IE
3311701	Killyran	54.08	-7.69361	P	PPL	IE
3311702	Killywillin Lough	54.08389	-7.68222	H	LK	IE
3311703	Doonnagare Lough	52.99639	-9.36722	H	LK	IE
3311704	Luagh	52.99889	-9.40722	L	LCTY	IE
3311705	Ballycullaun	53.005	-9.37389	L	LCTY	IE
3311709	Carrowauff	52.98583	-9.35167	P	PPLL	IE
3311710	Kilshanny	52.98472	-9.29417	P	PPLL	IE
3311712	Lough Coller	53.01194	-9.29833	H	LK	IE
3311713	Tooclae	53.01306	-9.35556	P	PPLL	IE
3311714	Spectacle Bridge	53.02806	-9.30444	P	PPLL	IE
3311718	Knockacutteen	52.98139	-9.21306	P	PPLL	IE
3311719	Tullagh	52.975	-9.20833	P	PPLL	IE
3311720	Ballygastell	53.03333	-9.2475	P	PPLL	IE
3311721	Ballagh	52.96111	-9.23583	P	PPLL	IE
3311723	Cahersherkin	52.94667	-9.22944	P	PPLL	IE
3311724	Cloony Smith	52.93778	-9.20361	P	PPLL	IE
3311725	Drinagh	52.92806	-9.20167	P	PPLL	IE
3311726	Ballyvramneen	52.91889	-9.25083	P	PPLL	IE
3311727	Ballyea	52.91111	-9.21389	P	PPLL	IE
3311728	Shanweela	52.915	-9.18972	P	PPLL	IE
3311729	Knockfin Cross Roads	53.02917	-9.36472	P	PPLL	IE
3311730	Toomaghera	53.04722	-9.24194	P	PPLL	IE
3311732	Sandhead	53.09944	-9.55889	T	CAPE	IE
3311734	Illaunanaur	53.09472	-9.63611	T	ISL	IE
3311736	Eararna	53.09887	-9.65162	P	PPL	IE
3311743	Ballynacragga	53.13861	-9.71056	L	LCTY	IE
3311744	Oatquarter	53.13833	-9.7375	L	LCTY	IE
3311745	Bungowla	53.14358	-9.8062	P	PPL	IE
3311747	Ballynahown	53.06583	-9.32833	P	PPL	IE
3311748	Knockaunsmountain	53.07556	-9.33111	T	MT	IE
3311749	Oughtdarra	53.05889	-9.34778	L	LCTY	IE
3311752	Lismorahaun	53.07472	-9.24889	P	PPL	IE
3311753	Ballyelly	53.09556	-9.27056	P	PPLL	IE
3311754	Balliny	53.08611	-9.28528	P	PPLL	IE
3311755	Poulacapple	53.08556	-9.21778	L	LCTY	IE
3311756	Formoyle	53.10972	-9.24722	L	LCTY	IE
3311757	Craggagh	53.09917	-9.29889	L	LCTY	IE
3311759	Caher Lower	53.12472	-9.24861	P	PPLL	IE
3311760	Caherbannagh	53.11694	-9.23556	P	PPLL	IE
3311761	Feenagh	53.11139	-9.20639	P	PPLL	IE
3311762	Carnsefin	53.14111	-9.24472	T	MT	IE
3311763	Aghaglinny North	53.13917	-9.21889	P	PPLL	IE
3311764	Martrybeg	52.92306	-9.18056	P	PPLL	IE
3311765	Lough Fergus	52.95528	-9.18167	H	LK	IE
3311768	Lough Raha	52.92306	-9.08972	H	LK	IE
3311776	Knockeighra	52.96194	-9.15389	P	PPLL	IE
3311781	Lough Aleenaun	53.00694	-9.11806	H	LK	IE
3311782	Deerpark	53.00028	-9.12611	P	PPLL	IE
3311783	Leana	52.98889	-9.08222	P	PPLL	IE
3311784	Caherconnell	53.04111	-9.1475	P	PPLL	IE
3311787	Ballycullinan Lough	52.92083	-9.05639	H	LK	IE
3311788	Scool	52.91833	-9.09167	L	LCTY	IE
3311791	Caherlough	52.95528	-9.01083	L	LCTY	IE
3311792	Lough Reagh	52.91667	-9.00639	H	LK	IE
3311793	Killeen	52.9625	-9.06444	P	PPLL	IE
3311794	Shandangan Lough	52.96667	-9.04	H	LK	IE
3311797	Clooncoose	53.00667	-9.08222	L	LCTY	IE
3311800	Coolreash Lough	52.99889	-8.9975	H	LK	IE
3311801	Knockaunroe	52.99472	-9.03972	L	LCTY	IE
3311802	Rinnamona	52.98889	-9.04611	P	PPLL	IE
3311803	Ballyeighter Loughs	52.98694	-8.96167	H	LKS	IE
3311804	Carran	53.03806	-9.07806	P	PPLL	IE
3311805	Fahee	53.03639	-9.04444	P	PPLL	IE
3311808	Knocknamucky	52.90556	-8.90972	P	PPLL	IE
3311809	Ballyteige Lough	52.94833	-8.96611	H	LK	IE
3311810	Ballyteige	52.95972	-8.95611	P	PPLL	IE
3311811	Ballyogan Lough	52.96694	-8.92972	H	LK	IE
3311812	Stranagalloon	52.95944	-8.91306	P	PPLL	IE
3311816	Coolbaun	52.98861	-8.91639	P	PPLL	IE
3311818	Rinecaha	52.99444	-8.94389	P	PPLL	IE
3311819	Lough Templebannagh	53.00278	-8.91306	H	LK	IE
3311820	Lough Attyslany	53.01194	-8.90889	H	LK	IE
3311822	Skaghard	53.02917	-8.965	P	PPLL	IE
3311823	Castle Lough	53.03222	-8.97361	H	LK	IE
3311825	Kilcorkan	53.04528	-8.90778	P	PPLL	IE
3311827	Travaun Lough	53.01722	-8.95972	H	LK	IE
3311828	Turloughmore	53.04583	-8.98889	L	LCTY	IE
3311829	Derrymore Lough	52.90333	-8.85417	H	LK	IE
3311830	Derryheena	52.9275	-8.83694	P	PPLL	IE
3311831	Derryvough	52.93583	-8.83611	P	PPLL	IE
3311832	Derrycalliff Lower	52.93139	-8.85389	P	PPLL	IE
3311833	Derrynagullion	52.91528	-8.845	L	LCTY	IE
3311834	Tyredagh Upper	52.90917	-8.79	P	PPLL	IE
3311835	Doon Lough	52.95972	-8.83889	H	LK	IE
3311836	Gortnamearacaun	52.94528	-8.81389	P	PPLL	IE
3311837	Caher	52.94139	-8.83417	L	LCTY	IE
3311838	Attyquin Lough	52.96194	-8.86278	H	LK	IE
3311839	Knockmael	52.95778	-8.86917	L	LCTY	IE
3311840	Scalpnagown	52.95972	-8.78833	L	LCTY	IE
3311841	Skehanagh Lough	52.97444	-8.85833	H	LK	IE
3311842	Derroogh Lough	52.97111	-8.85056	H	LK	IE
3311844	Cloggaghwood Loughs	52.97028	-8.825	H	LKS	IE
3311845	Derreen Lough	52.97667	-8.81556	H	LK	IE
3311846	Uggoon	52.91611	-8.73833	P	PPLL	IE
3311847	Gortnacummer	52.90556	-8.71056	P	PPLL	IE
3311848	Maghera Lough	52.95694	-8.73722	H	LK	IE
3311849	Cloomagro	52.95583	-8.68556	P	PPLL	IE
3311850	Glenbonniv	52.94444	-8.65778	P	PPLL	IE
3311851	Leaghort	52.95667	-8.67722	L	LCTY	IE
3311852	Feakle Lower	52.91556	-8.63361	P	PPLL	IE
3311853	Rossanure	52.91111	-8.61833	P	PPLL	IE
3311854	Keel Lough	52.90778	-8.58556	H	LK	IE
3311855	Capparoe	52.91722	-8.58056	P	PPLL	IE
3311856	Poulagower	52.92444	-8.58667	P	PPLL	IE
3311857	Coologory	52.93194	-8.60694	L	LCTY	IE
3311858	Lecarrow	52.92083	-8.62444	P	PPLL	IE
3311860	Kilclaran	52.95361	-8.64583	P	PPLL	IE
3311862	Corlea Bridge	53.01556	-8.58889	P	PPLL	IE
3311863	Derrycrow	52.99611	-8.59667	L	LCTY	IE
3311864	Knockbeha Mountain	52.98444	-8.60667	T	MT	IE
3311865	Corrakyle	52.97833	-8.59083	L	LCTY	IE
3311868	Derryfadda	53.01722	-8.68833	P	PPLL	IE
3311869	Doorus	52.98278	-8.68111	P	PPLL	IE
3311870	Slievemore	53.0275	-8.59833	L	LCTY	IE
3311871	Gortaveha	53.02889	-8.66167	L	LCTY	IE
3311872	Loughamiddaun	53.0375	-8.58306	L	LCTY	IE
3311873	Lannaght	53.01306	-8.71639	P	PPLL	IE
3311874	Maghera	52.96859	-8.71884	T	MT	IE
3311875	Killanena	52.98611	-8.70167	P	PPLL	IE
3311876	Dooglaun	52.97611	-8.68861	P	PPLL	IE
3311877	Poulasaggle	53.05944	-8.92083	L	LCTY	IE
3311878	Cloonselherry	53.05167	-8.93333	L	LCTY	IE
3311879	Tulla	53.07111	-8.94111	P	PPLL	IE
3311882	Gortaclare Mountain	53.08028	-9.03556	T	MT	IE
3311884	Aghawinnaun	53.09667	-9.0575	L	LCTY	IE
3311885	Bannagh	53.05472	-9.07972	L	LCTY	IE
3311886	Poulavallan	53.0675	-9.05667	L	LCTY	IE
3311887	Deelin Beg	53.07278	-9.0775	L	LCTY	IE
3311888	Ballyhehan	53.10306	-9.08806	P	PPLL	IE
3311890	Oughtmama	53.11889	-9.03611	P	PPLL	IE
3311891	Shanvally	53.12583	-9.04556	P	PPLL	IE
3311892	Lough Luick	53.1175	-9.0725	H	LK	IE
3311894	Caherloughlin	53.13417	-9.10806	P	PPLL	IE
3311897	Bishopsquarter	53.12583	-9.11944	P	PPLL	IE
3311898	Ballyconry	53.12167	-9.18194	P	PPLL	IE
3311899	Croagh	53.09306	-9.19028	L	LCTY	IE
3311902	Doonyvardan	53.06306	-9.19167	P	PPLL	IE
3311903	Cahermacnaghten	53.04944	-9.19333	P	PPLL	IE
3311905	Scanlan’s Island	53.14472	-9.11194	T	ISL	IE
3311909	Illaunloo	53.15111	-9.16167	T	ISL	IE
3311910	Lough Murra	53.155	-9.11583	H	LK	IE
3311914	Bunnahow Lough	52.98444	-8.83028	H	LK	IE
3311915	Carheany Lough	52.99222	-8.835	H	LK	IE
3311918	Shanaglish	53.00972	-8.8575	P	PPLL	IE
3311919	Colman’s Lough	53.0175	-8.82861	H	LK	IE
3311920	Lough Aslaun	53.00972	-8.875	H	LK	IE
3311923	Fiddaun	53.01861	-8.86472	P	PPLL	IE
3311927	Derry	53.01444	-8.85139	P	PPLL	IE
3311928	Knockatoo Mountain	52.98056	-8.78667	T	MT	IE
3311929	Nagilkagh Lough	53.00278	-8.75722	H	LK	IE
3311930	Ballynakill Lough	53.00889	-8.79611	H	LK	IE
3311931	Laghtyslaughnessy	53.04417	-8.85222	P	PPLL	IE
3311932	Irichaboy South	53.01528	-8.77278	P	PPLL	IE
3311933	Killafeen	53.02667	-8.76306	P	PPLL	IE
3311934	Kilcrimple	53.03972	-8.75806	P	PPLL	IE
3311935	Cannahawna	53.04833	-8.83056	P	PPLL	IE
3311936	Sheeaun	53.05	-8.85556	P	PPLL	IE
3311937	Beagh	53.05083	-8.78806	P	PPLL	IE
3311938	Derreen	53.0325	-8.72778	P	PPLL	IE
3311939	Lahardaun Lough	53.02667	-8.69306	H	LK	IE
3311940	Derrykeel	53.0425	-8.72056	P	PPLL	IE
3311942	Derrynacarana	53.05167	-8.72278	P	PPLL	IE
3311943	Gorteenboy	53.05611	-8.72806	P	PPLL	IE
3311944	Ballardiggan	53.05472	-8.75	P	PPLL	IE
3311945	Kinnageeragh	53.03944	-8.61333	L	LCTY	IE
3311946	Inchamore	53.04278	-8.64944	P	PPLL	IE
3311947	Bellanamallaght	53.06417	-8.58361	P	PPLL	IE
3311950	Cashlaundrumlahan	53.09158	-8.61867	T	MT	IE
3311951	Divney’s Lough	53.08083	-8.67611	H	LK	IE
3311952	Bunnaglass	53.05806	-8.70167	L	LCTY	IE
3311953	Reyrawer	53.06611	-8.68194	L	LCTY	IE
3311954	Hollymount	53.09194	-8.71306	P	PPLL	IE
3311956	Bohaboy	53.1075	-8.61417	L	LCTY	IE
3311960	Pollboy	53.10778	-8.65167	L	LCTY	IE
3311961	Punch Bowl	53.05139	-8.81361	P	PPLL	IE
3311962	Newtown	53.05667	-8.85917	L	LCTY	IE
3311964	Lough Briskeen	53.05472	-8.87167	H	LK	IE
3311965	Knockamatouk	53.07306	-8.88611	L	LCTY	IE
3311966	Garryland Wood	53.07972	-8.86556	V	FRST	IE
3311968	Roo	53.07	-8.89806	P	PPLL	IE
3311970	Ballaba	53.08972	-8.77861	P	PPLL	IE
3311971	Ballymeen	53.09278	-8.80194	P	PPLL	IE
3311972	Ballyloughaun	53.10528	-8.80389	P	PPLL	IE
3311973	Lough Coy	53.11417	-8.76167	H	LK	IE
3311974	Skehanagh	53.12111	-8.76694	P	PPLL	IE
3311975	Ballinduff	53.125	-8.80639	P	PPLL	IE
3311977	Ballymaquiff	53.13528	-8.84194	P	PPLL	IE
3311978	Killomoran	53.09889	-8.8875	P	PPLL	IE
3311979	Caherglassaun Lough	53.10389	-8.87417	H	LK	IE
3311980	Ballybuck	53.1075	-8.90306	P	PPLL	IE
3311981	Cahermore	53.12083	-8.85944	P	PPLL	IE
3311982	Caherawoneen	53.13667	-8.88583	P	PPLL	IE
3311983	Loughcurra	53.13056	-8.90528	P	PPLL	IE
3311985	Cappaghmore	53.10111	-8.96806	P	PPLL	IE
3311986	Cahererillan	53.105	-8.94806	P	PPLL	IE
3311987	Gortskeagh	53.11722	-8.95944	P	PPLL	IE
3311988	Cloonnasee	53.12778	-8.94667	P	PPLL	IE
3311989	Funshin More	53.11972	-8.99556	P	PPLL	IE
3311990	Lough Oona	53.03139	-8.88917	H	LK	IE
3311991	Walterstown	52.93389	-8.88611	P	PPLL	IE
3311994	Redflag Island	53.24333	-9.79333	T	ISL	IE
3311995	Freaghallaunmore	53.24139	-9.76639	T	ISL	IE
3311996	Freaghhillaun Beg	53.24611	-9.76278	T	ISL	IE
3311997	Inisherk	53.25389	-9.75222	T	ISL	IE
3311999	Dog Island	53.23278	-9.72694	T	ISL	IE
3312000	Dinish	53.26722	-9.755	T	ISL	IE
3312001	Loughcarrick Island	53.22528	-9.69389	T	ISL	IE
3312002	Illaunanownim	53.2275	-9.68917	T	ISL	IE
3312003	Trawbaun	53.24111	-9.66056	P	PPLL	IE
3312004	Ballynakill Lough	53.24528	-9.69611	H	LK	IE
3312005	Lough Hibbert	53.25139	-9.67139	H	LK	IE
3312006	Lough Awalha	53.25333	-9.68556	H	LK	IE
3312009	Lough Nagowan	53.26083	-9.69806	H	LK	IE
3312010	Lough Nafiddaun	53.26139	-9.65306	H	LK	IE
3312011	Lough Illauntrasna	53.27167	-9.66528	H	LK	IE
3312013	Farnace	53.25861	-9.74944	L	LCTY	IE
3312016	Lough Keenaun	53.32417	-9.83861	H	LK	IE
3312017	Lough Truskar	53.31667	-9.785	H	LK	IE
3312018	Lough Sheedagh	53.32361	-9.79278	H	LK	IE
3312019	Rushennamanagh	53.32028	-9.80833	L	LCTY	IE
3312021	Lough Keamnacally	53.33722	-9.81639	H	LK	IE
3312022	Ardmore	53.31528	-9.76917	P	PPLL	IE
3312024	Loughamore	53.33194	-9.75833	P	PPLL	IE
3312025	Lough Ierin	53.32917	-9.77111	H	LK	IE
3312026	Lough Pibrum	53.34611	-9.77861	H	LK	IE
3312027	Dooletter Lough	53.34917	-9.82083	H	LK	IE
3312028	Glenaruidmore Lough	53.34778	-9.74444	H	LK	IE
3312030	Saineaghmore Lough	53.36611	-9.81667	H	LK	IE
3312031	Lough Nagraigue	53.37417	-9.80917	H	LK	IE
3312032	Lough Knocknagapple	53.37278	-9.84806	H	LK	IE
3312033	Lough Apheebera	53.3775	-9.76778	H	LK	IE
3312034	Lough Maumeenmaunragh	53.37417	-9.75389	H	LK	IE
3312035	Lough Naneeve	53.38389	-9.79917	H	LK	IE
3312036	Cullaherick Lough	53.38861	-9.80083	H	LK	IE
3312038	Illaungorm	53.39861	-9.82306	T	ISL	IE
3312039	Croghnut	53.39583	-9.81111	T	ISL	IE
3312040	Canower	53.40917	-9.85833	P	PPLL	IE
3312041	Illaunarroghnut	53.40167	-9.80667	T	ISL	IE
3312044	Loughamillaun	53.40389	-9.72194	H	LK	IE
3312045	Gowlan East	53.40611	-9.71444	L	LCTY	IE
3312046	Lough Nabrocky	53.38389	-9.72333	H	LK	IE
3312047	Lough Aconeera	53.37361	-9.68833	H	LK	IE
3312048	Flannery Bridge	53.35944	-9.70167	P	PPL	IE
3312049	Loughaconeera	53.36972	-9.72222	L	LCTY	IE
3312050	Lough Alligan	53.40417	-9.66472	H	LK	IE
3312051	Lough Bunnahask	53.41417	-9.65472	H	LK	IE
3312052	Lough Avally	53.39556	-9.66278	H	LK	IE
3312053	Invermore Lough	53.39611	-9.65167	H	LK	IE
3312054	Lough Ailtdarra	53.40583	-9.64694	H	LK	IE
3312055	Inverbeg Lough	53.39639	-9.63389	H	LK	IE
3312056	Lough Nahavreygarriva	53.40833	-9.62833	H	LK	IE
3312057	Lough Invernagleragh	53.40306	-9.61111	H	LK	IE
3312058	Lough Adav	53.41056	-9.59722	H	LK	IE
3312060	Lough Aroolagh	53.38861	-9.61556	H	LK	IE
3312062	Glencoh	53.38694	-9.59944	L	LCTY	IE
3312063	Turlough	53.38444	-9.62972	L	LCTY	IE
3312064	Illaunnagappul	53.36278	-9.655	T	ISL	IE
3312065	Crow Island	53.35889	-9.67028	T	ISL	IE
3312066	Illaunmore	53.35667	-9.65444	T	ISL	IE
3312067	Illauneeragh West	53.35472	-9.67556	T	ISL	IE
3312068	Turloughbeg	53.3525	-9.62333	L	LCTY	IE
3312069	Garrivinnagh	53.34	-9.64083	L	LCTY	IE
3312070	Greeve Island	53.33972	-9.67472	T	ISL	IE
3312071	North Island	53.33361	-9.68944	T	ISL	IE
3312072	Illaunard	53.33111	-9.68361	T	ISL	IE
3312073	Beaghy Islands	53.32889	-9.66361	T	ISLS	IE
3312074	Leighon Island	53.32528	-9.63722	T	ISL	IE
3312075	Annaghvaan	53.32	-9.6475	P	PPLL	IE
3312077	Loughaunavneen	53.32694	-9.61694	L	LCTY	IE
3312078	Lough Nafatha	53.32139	-9.60056	H	LK	IE
3312079	Lough Atinnyadda	53.32	-9.58667	H	LK	IE
3312080	Lough Aughagaddy	53.31222	-9.59889	H	LK	IE
3312081	Lough Anoughlacka	53.305	-9.57389	H	LK	IE
3312082	Lough Altocreen	53.30111	-9.59	H	LK	IE
3312083	Nacrimina	53.31444	-9.585	P	PPLL	IE
3312084	Illaunroe	53.29139	-9.70889	T	ISL	IE
3312085	Lettermore	53.2925	-9.65417	H	LK	IE
3312086	Inchaghaun	53.29917	-9.715	T	ISL	IE
3312087	Lettercallow	53.29917	-9.69889	L	LCTY	IE
3312088	Terranea	53.27528	-9.65972	P	PPL	IE
3312090	Lough Natawnynore	53.26472	-9.61667	H	LK	IE
3312091	Inishlay	53.27528	-9.65972	P	PPL	IE
3312092	Rossroe Island	53.28944	-9.60556	T	ISL	IE
3312093	Inchamakinna	53.28417	-9.6175	T	ISL	IE
3312094	Lough Aleandillure	53.26083	-9.59306	H	LK	IE
3312095	Loughaunwillin	53.26972	-9.6225	T	ISL	IE
3312096	Loughauneala	53.25444	-9.62917	L	LCTY	IE
3312097	Keeraunbeg	53.24639	-9.61278	P	PPLL	IE
3312099	Pointa	53.24528	-9.58583	P	PPL	IE
3312100	Barraderry	53.25556	-9.58	P	PPL	IE
3312101	Keenanmore	53.26083	-9.58167	P	PPLL	IE
3312102	Glenmore	53.26806	-9.57972	L	LCTY	IE
3312103	Glashnacally	53.27861	-9.59694	P	PPL	IE
3312104	Drumalegaun	53.28472	-9.59528	P	PPL	IE
3312105	Foal Island	53.23889	-9.55083	T	ISL	IE
3312107	Garryroe	53.28111	-9.57278	L	LCTY	IE
3312108	Tooreengarve	53.29583	-9.59444	P	PPL	IE
3312109	Lough Nawnaghaneekyne	53.29972	-9.54944	H	LK	IE
3312111	Clogmore South	53.23111	-9.52417	P	PPL	IE
3312113	Ballynahown	53.23671	-9.49064	P	PPL	IE
3312114	Banraghbaun	53.24444	-9.535	P	PPL	IE
3312115	Keenaunnagark	53.25194	-9.54056	P	PPL	IE
3312116	Lough Naskanniva	53.25167	-9.49417	H	LK	IE
3312117	Loughaunevneen	53.25333	-9.5125	H	LK	IE
3312118	Lough Astickeen	53.25917	-9.53111	H	LK	IE
3312119	Lough Nahoga	53.265	-9.50389	H	LK	IE
3312121	Lough Adooraun	53.26722	-9.47528	H	LK	IE
3312122	Lough Oughteraglanna	53.27778	-9.48361	H	LK	IE
3312123	Derroogh	53.27667	-9.51806	P	PPL	IE
3312124	Knocknafaska	53.285	-9.525	P	PPL	IE
3312126	Lough Vauracruffaun	53.30417	-9.53667	H	LK	IE
3312127	Lough Carrafinla	53.30417	-9.55556	H	LK	IE
3312128	Lough Corraundahy	53.3125	-9.56472	H	LK	IE
3312129	Lough Namroughania	53.31639	-9.52667	H	LK	IE
3312130	Loughaunveeny	53.30917	-9.54	L	LCTY	IE
3312131	Derrykyle	53.29722	-9.51111	L	LCTY	IE
3312132	Lough Nacreeva	53.33028	-9.53972	H	LK	IE
3312133	Lough Naskeha	53.33306	-9.51611	H	LK	IE
3312134	Muckanagh Lough	53.34222	-9.50111	H	LK	IE
3312135	Kinvarra	53.33889	-9.55139	L	LCTY	IE
3312136	Evneenmore Island	53.33306	-9.57389	T	ISL	IE
3312137	Camus Eighter	53.3525	-9.56194	P	PPLL	IE
3312138	Muckareaghederdauhaulia	53.34417	-9.58389	L	LCTY	IE
3312139	Inisheltia	53.35528	-9.59361	T	ISL	IE
3312140	Loughaumultera	53.36583	-9.55444	H	LK	IE
3312141	Lough Knockaunawaddy	53.3975	-9.54	H	LK	IE
3312142	Glentrasna	53.40466	-9.51598	P	PPLL	IE
3312143	Lackadunna	53.39868	-9.48547	T	MT	IE
3312144	Lettermore	53.38389	-9.50056	P	PPLL	IE
3312145	Lough Nafurnace	53.375	-9.5375	P	PPLL	IE
3312146	Shanvally	53.37917	-9.49694	P	PPLL	IE
3312148	Shannawona Lough	53.40139	-9.44722	H	LK	IE
3312149	Shannadullaghaun Lough	53.39306	-9.46944	H	LK	IE
3312150	Loughaumerin	53.39	-9.47139	L	LCTY	IE
3312151	Lough Aclogher	53.37722	-9.44528	H	LK	IE
3312152	Lough Enoer	53.3725	-9.47194	H	LK	IE
3312153	Lough Carrickillawallia	53.35556	-9.45472	H	LK	IE
3312154	Muckanaghkillew	53.34306	-9.46306	P	PPL	IE
3312156	Bovroughaun Lough	53.31444	-9.44417	H	LK	IE
3312157	Lough Navreaghly	53.32139	-9.45111	H	LK	IE
3312158	Knockadoagh	53.30556	-9.49444	L	LCTY	IE
3312159	Loughaumnacrossy	53.29611	-9.48917	H	LK	IE
3312160	Lough Fadda	53.27917	-9.45556	H	LK	IE
3312161	Lough Bonramush	53.29861	-9.455	H	LK	IE
3312162	Lough Crockaillenalee	53.30472	-9.42444	H	LK	IE
3312163	Lough Ugga More	53.27194	-9.41889	H	LK	IE
3312164	Lough Nambrackmore	53.27833	-9.40306	H	LK	IE
3312165	Lough Ergooa	53.3	-9.41556	H	LK	IE
3312166	Lough Canagun	53.29694	-9.40667	H	LK	IE
3312169	Loughaunbeg	53.27056	-9.39028	H	LK	IE
3312171	Knocknalee	53.28944	-9.42194	L	LCTY	IE
3312172	Lough More	53.30444	-9.385	H	LK	IE
3312175	Cantronlahan	53.2475	-9.46083	L	LCTY	IE
3312176	Ballinteemore	53.23944	-9.42389	P	PPLL	IE
3312178	Ballinluggaun	53.24722	-9.41778	P	PPLL	IE
3312179	Loughaunbeg	53.24056	-9.39528	P	PPLL	IE
3312180	Kilroe	53.26056	-9.35778	L	LCTY	IE
3312181	Tievegarriff	53.24278	-9.35806	T	CAPE	IE
3312182	Dooletter	53.24583	-9.37917	L	LCTY	IE
3312184	Lough Natawneighter	53.29333	-9.35	H	LK	IE
3312185	Loughanillaunmore	53.3075	-9.34194	H	LK	IE
3312186	Lough Bealanambrack	53.32472	-9.36028	H	LK	IE
3312187	Loughaunayella	53.32194	-9.34556	H	LK	IE
3312188	Ardderroo Lough	53.33083	-9.30556	H	LK	IE
3312189	Lough Naweelan	53.34222	-9.30889	H	LK	IE
3312190	Lough Fadda	53.34667	-9.30278	H	LK	IE
3312191	Lough Seccon	53.36111	-9.36833	H	LK	IE
3312192	Lough Uggool	53.36083	-9.34306	H	LK	IE
3312193	Lough Namoreleen	53.39111	-9.39333	H	LK	IE
3312195	Derradda	53.40861	-9.39361	L	LCTY	IE
3312196	Rusheeny	53.41389	-9.35722	P	PPLL	IE
3312197	Shannaghree Lough	53.40222	-9.3425	H	LK	IE
3312198	Buffy Lough	53.39389	-9.30028	H	LK	IE
3312199	Bunnagippaun	53.39444	-9.33444	P	PPLL	IE
3312202	Magheramore	53.40917	-9.30194	P	PPLL	IE
3312204	Saliahoona	53.2475	-9.33139	P	PPL	IE
3312205	Bohoona	53.2525	-9.32778	L	LCTY	IE
3312206	Aille	53.25111	-9.38639	L	LCTY	IE
3312207	Shannagurraun	53.28028	-9.30444	L	LCTY	IE
3312211	Knock	53.28639	-9.25139	P	PPLL	IE
3312212	Knocka Lough	53.29806	-9.25972	H	LK	IE
3312213	Lough Cam	53.30417	-9.27306	H	LK	IE
3312214	Gortgar	53.28972	-9.23	P	PPLL	IE
3312215	Lettergunnet	53.28083	-9.22667	L	LCTY	IE
3312216	Poll	53.30556	-9.28972	L	LCTY	IE
3312218	Ballintleva	53.25861	-9.26611	L	LCTY	IE
3312219	Derryloughaun	53.25361	-9.24611	P	PPLL	IE
3312220	Derryoughter	53.26361	-9.2325	L	LCTY	IE
3312221	Allaphreaghaun	53.25944	-9.24278	L	LCTY	IE
3312222	Furbo	53.2494	-9.21495	P	PPL	IE
3312223	Knockatee	53.3225	-9.27028	P	PPLL	IE
3312224	Slieveaneena Lough	53.31778	-9.26389	H	LK	IE
3312225	Finisklin	53.31444	-9.23861	P	PPLL	IE
3312226	Keaigh	53.32056	-9.21972	P	PPLL	IE
3312227	Laughil	53.30639	-9.21278	P	PPLL	IE
3312228	Tullaghnanoon	53.33222	-9.28417	P	PPLL	IE
3312229	Knockranny	53.34417	-9.27417	L	LCTY	IE
3312230	Lough Atavamore	53.33583	-9.22806	H	LK	IE
3312231	Tawnybeg	53.33417	-9.24194	L	LCTY	IE
3312232	Pollena	53.34083	-9.23944	L	LCTY	IE
3312233	Knockaunranny	53.36611	-9.23028	P	PPLL	IE
3312234	Shanballyoghery	53.35917	-9.22472	P	PPLL	IE
3312236	Drimmavohaun	53.34444	-9.20583	P	PPLL	IE
3312237	Newtown	53.35722	-9.21667	P	PPLL	IE
3312241	Killarone	53.41444	-9.28278	P	PPLL	IE
3312242	Porridgetown	53.41083	-9.26139	P	PPLL	IE
3312243	Laghtgannon	53.40417	-9.27111	P	PPLL	IE
3312244	Gortnagroagh	53.39944	-9.25306	P	PPLL	IE
3312245	Lough Naneerin	53.39361	-9.25611	H	LK	IE
3312247	Gortnandarragh	53.405	-9.24056	P	PPLL	IE
3312248	Garrynagry	53.39444	-9.22611	P	PPLL	IE
3312249	Coolagh	53.36861	-9.22083	P	PPLL	IE
3312250	Doon	53.3775	-9.2525	P	PPLL	IE
3312251	Corranellistrum	53.41611	-9.20389	P	PPLL	IE
3312252	Srue	53.41167	-9.23028	L	LCTY	IE
3312253	Kylemare	53.40278	-9.2125	L	LCTY	IE
3312256	Killannin	53.38111	-9.21083	P	PPLL	IE
3312261	Geehy	53.16444	-9.03944	L	LCTY	IE
3312262	Cloosh	53.16	-9.01278	L	LCTY	IE
3312263	Knockakilleen	53.16667	-9.0025	P	PPL	IE
3312264	Knockgarra	53.15861	-9.0075	L	LCTY	IE
3312265	Tawnagh	53.15528	-8.98861	L	LCTY	IE
3312266	Carrownamaddra	53.13806	-8.97722	P	PPL	IE
3312267	Crossooha	53.14667	-8.96778	L	LCTY	IE
3312269	Parkmore	53.17	-8.96972	P	PPLL	IE
3312270	Tarrea	53.16444	-8.93139	P	PPLL	IE
3312271	Pollagh	53.17222	-8.92389	P	PPLL	IE
3312272	Mulroog	53.18167	-8.93778	P	PPLL	IE
3312273	Cartrongarv	53.14611	-8.91528	P	PPLL	IE
3312274	Gortaboy	53.15222	-8.89611	P	PPLL	IE
3312275	Carrowgarriff	53.14806	-8.88167	P	PPLL	IE
3312276	Owenbristy	53.15139	-8.84528	P	PPLL	IE
3312277	Killeenavarra	53.1625	-8.89833	L	LCTY	IE
3312278	Brackloon	53.16278	-8.83917	L	LCTY	IE
3312279	Tooreen	53.17028	-8.91194	L	LCTY	IE
3312281	Lough Fingall	53.18194	-8.87056	H	LK	IE
3312282	Tullaghnafrankagh Lough	53.18472	-8.84778	H	LK	IE
3312283	Caherpeak	53.18806	-8.84694	P	PPL	IE
3312285	Mweenisharan	53.20028	-8.93917	T	ISL	IE
3312287	Druinacoo	53.20028	-8.90333	L	LCTY	IE
3312288	Mweenish Island	53.20944	-8.98583	T	ISL	IE
3312289	Corraduff	53.21472	-8.95	L	LCTY	IE
3312290	Ballynacourty	53.22139	-8.94083	P	PPLL	IE
3312291	Ballynamanagh	53.2225	-8.92833	P	PPLL	IE
3312292	Ballynacloghy	53.2225	-8.96722	P	PPLL	IE
3312293	Garraun	53.23028	-8.94583	P	PPLL	IE
3312294	Parkmore	53.22722	-8.98139	P	PPLL	IE
3312295	Inishcorra	53.2175	-9.00361	T	ISL	IE
3312297	Saint Brendan’s Island	53.23556	-9.01194	T	ISL	IE
3312300	Caranavoodaun	53.18528	-8.82583	P	PPLL	IE
3312301	Newtown	53.20278	-8.87111	P	PPLL	IE
3312302	Kilcolgan	53.20987	-8.8663	P	PPLL	IE
3312303	Ballynabucky	53.20361	-8.83028	P	PPLL	IE
3312305	Killeelybeg	53.21	-8.85472	L	LCTY	IE
3312306	Roevehagh	53.21722	-8.83611	P	PPL	IE
3312307	Killeeneenmore	53.22306	-8.8	P	PPL	IE
3312308	Shanbally	53.22583	-8.77111	P	PPL	IE
3312309	Grannagh	53.15028	-8.76389	L	LCTY	IE
3312310	Rathbaun	53.15778	-8.76194	P	PPL	IE
3312311	Fiddaun	53.16944	-8.73583	P	PPL	IE
3312312	Moneen East	53.16056	-8.745	P	PPL	IE
3312313	Ballyglass	53.17361	-8.75778	L	LCTY	IE
3312314	Manninard	53.19389	-8.76278	L	LCTY	IE
3312315	Emlagh Cross Roads	53.18361	-8.71972	P	PPL	IE
3312318	Shanelogh	53.20833	-8.71583	P	PPL	IE
3312320	Ballylin	53.20833	-8.7075	L	LCTY	IE
3312321	Toberelatan	53.13722	-8.69639	P	PPL	IE
3312322	The Fishpond Cross Roads	53.16444	-8.67333	P	PPL	IE
3312323	Calluragh	53.14806	-8.64111	P	PPL	IE
3312326	Boggaun	53.16333	-8.63806	L	LCTY	IE
3312327	Kylegarriff	53.15111	-8.61306	L	LCTY	IE
3312330	Cartron	53.19556	-8.66722	L	LCTY	IE
3312333	Killeenadeema East	53.16028	-8.57	P	PPL	IE
3312334	Ardnadoman	53.21	-8.62583	L	LCTY	IE
3312335	Newmannin	53.20722	-8.66389	L	LCTY	IE
3312337	Killilan Bridge	53.22389	-8.62722	P	PPL	IE
3312338	Bookeen	53.2525	-8.62833	P	PPL	IE
3312341	Caherkinmonwee	53.23278	-8.7	P	PPL	IE
3312342	Ballymore	53.22778	-8.72972	P	PPL	IE
3312343	Ballywinna	53.24194	-8.72194	P	PPL	IE
3312345	Kilconierin	53.25389	-8.68556	L	LCTY	IE
3312346	Knocknadaula	53.26028	-8.59639	L	LCTY	IE
3312347	Rathville	53.26778	-8.58806	L	LCTY	IE
3312348	Knockroe	53.29444	-8.60389	L	LCTY	IE
3312349	Gortakecran	53.2875	-8.6075	P	PPLL	IE
3312350	Clogharevaun Bridge	53.26417	-8.62583	P	PPL	IE
3312351	Knockatogher	53.28417	-8.64028	P	PPL	IE
3312352	Lisduff	53.30222	-8.61722	P	PPLL	IE
3312354	Carnakelly	53.2925	-8.65861	L	LCTY	IE
3312355	Esker	53.27778	-8.68472	P	PPL	IE
3312356	Ballyboggan	53.31444	-8.68028	P	PPL	IE
3312357	Blean	53.29139	-8.71361	L	LCTY	IE
3312358	Kingsland	53.29861	-8.72139	P	PPLL	IE
3312360	River Village	53.31556	-8.71611	P	PPLL	IE
3312361	Cahefurvan	53.2325	-8.77528	P	PPL	IE
3312362	Stoneleigh	53.24778	-8.765	L	LCTY	IE
3312363	Cloondonoghoe	53.22833	-8.81056	L	LCTY	IE
3312364	Ballygarriff	53.23583	-8.81556	P	PPL	IE
3312365	Caherbulligin	53.24167	-8.79944	P	PPL	IE
3312366	Coldwood	53.25417	-8.81222	P	PPL	IE
3312367	Ballinillann	53.24861	-8.84222	P	PPL	IE
3312368	Caherfinesker	53.26528	-8.81056	L	LCTY	IE
3312369	Greethill	53.2725	-8.7925	P	PPL	IE
3312372	Rockmore	53.28	-8.7675	L	LCTY	IE
3312373	Moneymore	53.26	-8.8825	P	PPL	IE
3312374	Cloghalarhard	53.24	-8.85972	P	PPL	IE
3312375	Caheradrine	53.24889	-8.89639	P	PPL	IE
3312376	Tonroe	53.24028	-8.88861	P	PPL	IE
3312377	Toberroe	53.28417	-8.81917	L	LCTY	IE
3312379	Parkroe	53.25389	-8.92278	L	LCTY	IE
3312380	Rockland	53.26	-8.93611	L	LCTY	IE
3312385	Thornpark	53.27417	-8.93667	L	LCTY	IE
3312386	Doughiska	53.27861	-8.97389	P	PPL	IE
3312387	Garraun	53.28056	-8.94528	P	PPL	IE
3312388	Glennascaul	53.28722	-8.92667	P	PPL	IE
3312390	Rabbit Island	53.26194	-9.00667	T	ISL	IE
3312391	Carnmore Cross Roads	53.30333	-8.93056	P	PPL	IE
3312392	Breanloughaun	53.29333	-8.97417	P	PPL	IE
3312393	Ballybrit	53.29694	-8.99361	P	PPL	IE
3312394	Ballybaan	53.28611	-9.0075	P	PPL	IE
3312395	Cloonadauneen	53.31139	-8.99667	L	LCTY	IE
3312396	Castlegar	53.2975	-9.01917	P	PPL	IE
3312397	Lough Atalia	53.275	-9.03472	H	LK	IE
3312398	Shancroagh	53.28389	-9.04667	P	PPL	IE
3312399	Terryland	53.28889	-9.05472	P	PPL	IE
3312403	Letteragh	53.28278	-9.09556	L	LCTY	IE
3312405	Bushy Park	53.29556	-9.0875	L	PRK	IE
3312406	Glenlough	53.30056	-9.09417	P	PPL	IE
3312407	Clybaun	53.27056	-9.10806	L	LCTY	IE
3312408	Tonabrocky	53.28889	-9.1275	P	PPL	IE
3312409	Cappagh	53.27417	-9.1325	P	PPL	IE
3312410	Cloghscollia	53.26694	-9.14667	P	PPL	IE
3312412	Corboley	53.28778	-9.14944	L	LCTY	IE
3312413	Lissagurraun	53.29556	-9.15917	P	PPLL	IE
3312414	Trusky	53.26111	-9.16944	L	LCTY	IE
3312415	Lough Kip	53.29833	-9.2	H	LK	IE
3312416	Pollnaclogha	53.3025	-9.17944	L	LCTY	IE
3312417	Shannafreaghoge	53.27583	-9.20556	P	PPL	IE
3312418	Polleeny	53.26417	-9.19694	L	LCTY	IE
3312419	Knocknagreana	53.25472	-9.19083	L	LCTY	IE
3312422	Inchacommaun Islands	53.345	-9.11361	T	ISLS	IE
3312423	Rabbit Island	53.35889	-9.08083	T	ISL	IE
3312424	Boghilmore Island	53.3725	-9.1	T	ISL	IE
3312425	Addragool	53.32111	-9.14444	P	PPL	IE
3312426	Clydagh	53.32472	-9.16417	P	PPLL	IE
3312427	Clooniff	53.32694	-9.13944	P	PPL	IE
3312430	Cloghaun	53.34667	-9.16806	L	LCTY	IE
3312431	Leagaun	53.35361	-9.15861	P	PPLL	IE
3312432	Ballydotia	53.35389	-9.18389	L	LCTY	IE
3312433	Ballynahallia	53.35917	-9.1575	P	PPLL	IE
3312434	Kilcloggaun	53.36333	-9.13	P	PPLL	IE
3312435	Portdarragh	53.37056	-9.13472	P	PPLL	IE
3312436	Gortaghokera	53.36333	-9.16056	L	LCTY	IE
3312437	Gortachalla	53.37194	-9.15472	P	PPLL	IE
3312438	Gortachalla Lough	53.37694	-9.15833	H	LK	IE
3312439	Cloonnabinnia	53.37472	-9.18611	P	PPLL	IE
3312440	Tullokyne	53.37556	-9.13806	P	PPLL	IE
3312441	Currawatia	53.38083	-9.13639	P	PPLL	IE
3312442	Shankill	53.36667	-9.065	P	PPLL	IE
3312443	Muckrush	53.35667	-9.07056	P	PPLL	IE
3312444	Ower	53.38444	-9.17278	P	PPLL	IE
3312445	Wormhole	53.39722	-9.1525	P	PPLL	IE
3312446	Gortmore Islands	53.38806	-9.1175	T	ISLS	IE
3312447	Illaunaneel	53.39139	-9.09444	T	ISL	IE
3312448	Goat Islands	53.4025	-9.08389	T	ISLS	IE
3312449	Carrowmoreknock	53.41361	-9.1775	P	PPL	IE
3312450	Cloonmore	53.41111	-9.16222	P	PPLL	IE
3312451	Whitemare’s Island	53.41667	-9.1225	T	ISL	IE
3312452	Burnthouse	53.41278	-9.14806	P	PPLL	IE
3312453	Lumnagh	53.4175	-9.05444	P	PPLL	IE
3312454	Annagh	53.40333	-9.04528	P	PPLL	IE
3312455	Tonamace	53.39306	-9.03861	P	PPLL	IE
3312456	Shanbally	53.40611	-9.03278	P	PPLL	IE
3312457	Bahobuck	53.41194	-9.00806	P	PPLL	IE
3312458	Glenrovagh	53.41583	-8.98417	P	PPLL	IE
3312459	Corrandulla	53.39972	-8.99917	P	PPLL	IE
3312460	Aucloggeen	53.39444	-8.95944	P	PPLL	IE
3312461	Castlecreevy	53.39278	-9.02278	P	PPLL	IE
3312462	Barranny	53.36444	-9.06	P	PPLL	IE
3312463	Addergoole	53.36306	-9.01556	P	PPLL	IE
3312464	Coteeny	53.38639	-9.05639	P	PPLL	IE
3312465	Cloonleenaun	53.38722	-9.03056	P	PPLL	IE
3312466	Woodpark	53.37583	-9.065	P	PPLL	IE
3312467	Mace	53.39444	-9.02417	P	PPLL	IE
3312469	Lisheenanoran	53.37333	-9.05278	P	PPLL	IE
3312470	Gortcloonmore	53.35278	-8.97167	P	PPLL	IE
3312471	Tonagarraun	53.38111	-9.00944	P	PPLL	IE
3312472	Saint Brendan’s	53.39389	-8.98833	P	PPLL	IE
3312474	Gardenham	53.37667	-8.95611	P	PPLL	IE
3312475	Cloghaun	53.37361	-8.94111	P	PPLL	IE
3312476	Montiagh	53.3475	-8.97167	P	PPLL	IE
3312477	Angliham	53.32306	-9.05167	L	LCTY	IE
3312478	Kilroghter	53.3175	-9.04611	P	PPLL	IE
3312479	Coarsefield	53.32917	-9.0375	L	LCTY	IE
3312480	Kilcahill	53.41361	-8.92333	P	PPLL	IE
3312481	Kilgill	53.40444	-8.9225	P	PPLL	IE
3312482	Monroe	53.38583	-8.90389	P	PPLL	IE
3312483	Carrownrooaun	53.39861	-8.91917	L	LCTY	IE
3312484	Carraghy	53.38778	-8.9125	P	PPLL	IE
3312485	Carnoneen	53.36806	-8.88833	P	PPLL	IE
3312486	Carnonkeelwy	53.35917	-8.905	P	PPLL	IE
3312487	Cahernahoon	53.39028	-8.89167	L	LCTY	IE
3312488	Cahernashilleeny	53.34972	-8.88778	P	PPLL	IE
3312489	Kiniska	53.35	-8.90861	P	PPLL	IE
3312491	Kiltroge	53.34333	-8.89167	P	PPLL	IE
3312492	Gortatleva	53.33222	-8.92528	P	PPLL	IE
3312493	Caherlea	53.32667	-8.91389	P	PPLL	IE
3312495	Cashla	53.31944	-8.85167	P	PPLL	IE
3312496	Peakroe	53.32667	-8.84278	L	LCTY	IE
3312498	Grange	53.34639	-8.86056	P	PPLL	IE
3312500	Mira	53.37889	-8.81	P	PPLL	IE
3312501	Ardnasodan	53.40639	-8.81306	P	PPLL	IE
3312504	Ballybrane	53.39111	-8.85944	L	LCTY	IE
3312505	Canteehy	53.36972	-8.85139	L	LCTY	IE
3312506	Carheenlea	53.35611	-8.83222	L	LCTY	IE
3312507	Annagh Hill	53.40111	-8.82722	L	LCTY	IE
3312508	Garrauncreen	53.3975	-8.81944	L	LCTY	IE
3312509	Bullaun	53.41	-8.85056	L	LCTY	IE
3312510	Ardskea More	53.41778	-8.84611	P	PPL	IE
3312511	Caherphuca	53.41389	-8.78056	P	PPL	IE
3312513	Laragh More	53.38583	-8.79639	P	PPL	IE
3312515	Newtown	53.32417	-8.82	P	PPL	IE
3312516	Ballybackagh	53.33417	-8.81472	P	PPL	IE
3312517	Carnaun	53.32917	-8.78944	L	LCTY	IE
3312518	Montpelier	53.33111	-8.71778	P	PPL	IE
3312519	Cappaghmoyle	53.32861	-8.68222	L	LCTY	IE
3312520	Corrantarramul	53.35028	-8.69111	L	LCTY	IE
3312521	Cloonkeen	53.32333	-8.65417	P	PPLL	IE
3312522	Carrowreagh	53.38583	-8.76222	L	LCTY	IE
3312523	Corrafaireen	53.3975	-8.745	P	PPLL	IE
3312524	Ryehill	53.38222	-8.71667	P	PPLL	IE
3312525	Knockauncarragh	53.39	-8.74306	L	LCTY	IE
3312526	Laragh Beg	53.37639	-8.7625	P	PPLL	IE
3312527	Lissaniska	53.40222	-8.74556	P	PPLL	IE
3312528	Ballynamona	53.40444	-8.76028	P	PPLL	IE
3312529	Glennaveel	53.41222	-8.74667	P	PPLL	IE
3312532	Lough Beg	53.41667	-8.67444	H	LK	IE
3312533	Abbert	53.41306	-8.68111	L	LCTY	IE
3312534	Kilbeg	53.38917	-8.66028	L	LCTY	IE
3312535	Ballybaun	53.39361	-8.64444	L	LCTY	IE
3312536	Doonaun	53.38583	-8.65083	L	LCTY	IE
3312537	Lough Tee	53.365	-8.61444	H	LK	IE
3312538	Cuddoo	53.37472	-8.63139	L	LCTY	IE
3312539	Bauvin	53.34833	-8.62417	L	LCTY	IE
3312540	Clonkeenherrill	53.37667	-8.59306	L	LCTY	IE
3312541	Ballynamona	53.4075	-8.6275	L	LCTY	IE
3312542	Pollnabrone	53.41	-8.58278	P	PPLL	IE
3312544	Knockavilla	53.40028	-8.58417	L	LCTY	IE
3312546	Menlough	53.41667	-8.57972	P	PPL	IE
3312547	Gontronnagh	53.34194	-8.585	L	LCTY	IE
3312548	Cappanasruhaun	53.32528	-8.61083	L	LCTY	IE
3312562	Ballymacanaun	52.94278	-9.45167	P	PPLL	IE
3312791	Knock	53.25	-9.71806	P	PPLL	IE
3312796	Coolcoosaun	52.92444	-8.53444	P	PPL	IE
3312798	Sheeaun	52.9375	-8.53333	L	LCTY	IE
3312799	Rabbit Island	52.90583	-8.48722	T	ISL	IE
3312800	Red Island	52.90861	-8.46167	T	ISL	IE
3312801	Bushy Island	52.91694	-8.42778	T	ISL	IE
3312803	Cappaghabaun Mountain	52.98003	-8.48041	T	MT	IE
3312804	Bohaten	52.95806	-8.48056	P	PPL	IE
3312805	Derrycon	52.94917	-8.44917	P	PPL	IE
3312806	Derroran Bridge	52.96111	-8.42472	P	PPL	IE
3312807	Inishparran	52.92056	-8.40722	T	ISL	IE
3312808	Illaunhobert	52.92278	-8.36056	T	ISL	IE
3312809	Cregg Lough	52.95272	-8.37951	H	LK	IE
3312811	Clonrush	52.93877	-8.35231	P	PPLL	IE
3312812	Bargarriff	52.955	-8.37028	P	PPLL	IE
3312815	Pollagoona Mountain	52.99528	-8.52861	T	MT	IE
3312816	Shanemore’s Lough	53.04	-8.54028	H	LK	IE
3312817	Tooreenmanus	53.0075	-8.50694	L	LCTY	IE
3312818	Knockaunaneagh	53.03528	-8.51639	L	LCTY	IE
3312819	Pollavogo	53.04667	-8.53917	P	PPL	IE
3312820	Derrygoolin	52.98167	-8.43611	P	PPL	IE
3312823	Sedboro	52.91361	-8.30611	P	PPL	IE
3312825	Saint David’s	52.93278	-8.28194	P	PPLL	IE
3312826	Corrikeen Islands	52.93694	-8.30361	T	ISLS	IE
3312827	Riverview	52.90694	-8.245	P	PPL	IE
3312830	Lisduff	52.91556	-8.24111	L	LCTY	IE
3312832	Claree Lough	52.94528	-8.22472	H	LK	IE
3312833	Clareen Lough	52.93806	-8.23722	H	LK	IE
3312834	Poulawee Lough	52.93917	-8.24917	H	LK	IE
3312835	Black Lough	52.94833	-8.26806	H	LK	IE
3312836	Annagh Lough	52.95361	-8.25833	H	LK	IE
3312838	Luska	52.95333	-8.26583	P	PPL	IE
3312841	Lough Eorna	52.92056	-8.18028	H	LK	IE
3312854	Glenahilty	52.90306	-8.06472	P	PPL	IE
3312857	Newtown	52.95694	-8.0125	P	PPL	IE
3312859	Templepark	52.92139	-7.99306	P	PPL	IE
3312862	Ryan’s Cross Roads	52.94306	-7.91806	P	PPL	IE
3312863	Myrtlegrove	52.91917	-7.95472	P	PPL	IE
3312865	Barna	52.92778	-7.94944	P	PPL	IE
3312869	Knockaunleam	53.0075	-8.41972	L	LCTY	IE
3312870	Skenahincha	52.9975	-8.41861	P	PPL	IE
3312871	Alleeny Bridge	53.0275	-8.39056	P	PPL	IE
3312873	Slaghty	52.99417	-8.36	P	PPL	IE
3312874	Connagh	52.97833	-8.36806	P	PPL	IE
3312875	Inishdala Islands	52.99583	-8.32639	T	ISLS	IE
3312878	Rosmore Bridge	53.03444	-8.33889	P	PPL	IE
3312879	Clonco Bridge	53.03889	-8.35139	P	PPL	IE
3312880	Derrycrag Wood	53.04167	-8.38611	V	FRST	IE
3312882	Cloonoon	53.03861	-8.32806	P	PPL	IE
3312884	Goat Island	52.99611	-8.29806	T	ISL	IE
3312888	Cameron	52.96167	-8.27333	P	PPLL	IE
3312892	Lough Avan	52.99611	-8.21639	H	LK	IE
3312894	Newchapel	52.98472	-8.22472	P	PPL	IE
3312895	Carney	52.97611	-8.18167	P	PPL	IE
3312896	Carrigagown	52.9725	-8.22056	L	LCTY	IE
3312904	Borris Wood	53.00778	-8.13972	V	FRST	IE
3312905	Moanavoggaun	53.02333	-8.19667	L	LCTY	IE
3312911	Spa Islands	53.02694	-8.2825	T	ISLS	IE
3312914	Bounla Island	53.03	-8.25861	T	ISL	IE
3312922	Aglish	53.04231	-8.09031	P	PPL	IE
3312927	Lough Nahinch	52.9925	-8.00667	H	LK	IE
3312935	Loughkeen	53.04306	-7.97111	L	LCTY	IE
3312936	Brookes Cross Roads	52.97972	-7.98083	P	PPL	IE
3312940	Bellefield	52.99444	-7.95139	L	LCTY	IE
3312941	Curralanty Cross Roads	53.00083	-7.92444	P	PPL	IE
3312945	Corolanty	53.00917	-7.92778	P	PPL	IE
3312946	Annaville	52.97444	-7.87944	L	LCTY	IE
3312948	Ballincor	53.02056	-7.94167	P	PPL	IE
3312949	Brooklawn	52.93194	-7.87722	P	PPL	IE
3312951	Sharavogue	53.03361	-7.92028	P	PPL	IE
3312954	Ballyeighan	53.04944	-7.90778	P	PPL	IE
3312956	Mount Mask	53.02778	-7.87056	L	LCTY	IE
3312957	Derreennamucka	53.0575	-8.54778	L	LCTY	IE
3312958	Ballin Lough	53.07556	-8.455	H	LK	IE
3312960	Moyglass	53.06361	-8.46972	L	LCTY	IE
3312961	Knockmoyle	53.08639	-8.48889	P	PPL	IE
3312962	Attipierce	53.06333	-8.51306	L	LCTY	IE
3312963	Drumkeary	53.10389	-8.47639	P	PPL	IE
3312965	Reynabrone	53.10278	-8.55083	L	LCTY	IE
3312966	Reyndrumadda	53.06111	-8.42889	L	LCTY	IE
3312969	Newtown	53.09833	-8.4275	P	PPL	IE
3312970	Barratoor	53.1175	-8.49417	P	PPL	IE
3312971	The Bend	53.0825	-8.40056	L	LCTY	IE
3312973	Knockaun	53.10694	-8.42667	L	LCTY	IE
3313010	Boleybeg	53.11667	-8.55028	L	LCTY	IE
3313011	Lator’s Cross Roads	53.13361	-8.46222	P	PPL	IE
3313012	Deerpark Wood	53.14	-8.48778	V	FRST	IE
3313013	Ballinlawless	53.12917	-8.54917	L	LCTY	IE
3313015	Roscurra Wood	53.06333	-8.36167	V	FRST	IE
3313016	Cloonmoylan	53.05694	-8.31472	P	PPL	IE
3313018	Barroughter	53.08222	-8.32111	P	PPL	IE
3313019	Easterfield	53.08167	-8.37056	P	PPL	IE
3313020	Cappagh	53.09611	-8.34306	P	PPL	IE
3313022	Stoneyisland	53.08528	-8.29722	L	LCTY	IE
3313023	Silver Islands	53.06861	-8.2325	T	ISLS	IE
3313030	Portland	53.09056	-8.18278	P	PPL	IE
3313033	Caher	53.10306	-8.24806	P	PPL	IE
3313035	Newtown	53.09444	-8.15	P	PPL	IE
3313036	Portland Island	53.11639	-8.16583	T	ISL	IE
3313037	Friars Lough	53.09167	-8.1375	H	LK	IE
3313041	Firville	53.07083	-8.07889	P	PPL	IE
3313042	Oultort	53.09889	-8.26861	P	PPL	IE
3313043	Ballyshrule	53.10361	-8.30639	P	PPL	IE
3313044	Killeen	53.105	-8.31778	P	PPL	IE
3313045	Gortanummera	53.10889	-8.315	P	PPL	IE
3313046	Newbridge	53.11167	-8.31778	P	PPL	IE
3313047	Brackery	53.11194	-8.35083	P	PPL	IE
3313048	Gormasillagh	53.11806	-8.34861	P	PPL	IE
3313049	Shanbally	53.11778	-8.3975	P	PPL	IE
3313051	Coolpowra	53.125	-8.28722	P	PPL	IE
3313052	Garraun	53.13861	-8.35861	P	PPL	IE
3313053	Feebrack	53.14806	-8.335	P	PPL	IE
3313054	Killeen	53.14694	-8.29806	P	PPL	IE
3313055	Moat Bridge	53.14167	-8.28583	P	PPL	IE
3313056	Capira	53.12944	-8.23639	P	PPL	IE
3313057	The Green Door	53.12361	-8.24167	P	PPL	IE
3313058	Boley	53.115	-8.22694	P	PPL	IE
3313059	Earlstown	53.11417	-8.21417	P	PPL	IE
3313062	Long Island	53.12583	-8.16139	T	ISL	IE
3313067	Ballincor	53.11056	-8.10611	L	LCTY	IE
3313068	Redwood	53.1225	-8.10806	P	PPL	IE
3313115	Moat Ville	53.05278	-8.04889	P	PPL	IE
3313116	Arragh More	53.05583	-8.03056	P	PPL	IE
3313117	Lake Village	53.08278	-8.09222	P	PPL	IE
3313126	Rath	53.095	-8.03639	L	LCTY	IE
3313128	Saint Kieran’s	53.11083	-8.06444	P	PPL	IE
3313129	Lelagh	53.10417	-8.02333	P	PPL	IE
3313132	Coolross	53.13472	-8.03556	P	PPL	IE
3313136	Pike	53.10417	-8.04944	P	PPL	IE
3313137	Killycross	53.13306	-8.14861	P	PPL	IE
3313138	New Bridge	53.13028	-7.975	P	PPL	IE
3313142	Killenaule	53.10944	-7.97417	L	LCTY	IE
3313143	Killeen	53.09056	-7.95333	L	LCTY	IE
3313148	Coolaghansglaster	53.13694	-7.97056	P	PPL	IE
3313152	Boolinaig Bridge	53.13361	-7.88806	P	PPL	IE
3313153	Kenned’s Cross Roads	53.11389	-7.89028	P	PPL	IE
3313154	Ballywilliam	53.10833	-7.87667	P	PPL	IE
3313159	Whiteford	53.08056	-7.8925	P	PPL	IE
3313161	Seerin	53.08556	-7.90528	P	PPL	IE
3313162	Syngefield	53.09333	-7.88583	P	PPL	IE
3313163	Rapemills	53.14111	-7.92611	P	PPL	IE
3313164	Glaster	53.14306	-7.98806	P	PPL	IE
3313166	Galros Cross Roads	53.15583	-7.88278	P	PPL	IE
3313167	Five Roads Cross	53.17139	-7.94444	P	PPL	IE
3313168	Taylor’s Cross	53.16167	-7.95139	P	PPL	IE
3313176	Gortarevan	53.17028	-8.02194	P	PPL	IE
3313177	Lavagh	53.17528	-8.04944	P	PPL	IE
3313178	Cogran	53.18167	-8.02361	P	PPL	IE
3313179	Ballymacoolaghan	53.18861	-8.04083	P	PPL	IE
3313180	Incherky	53.17972	-8.06083	T	ISL	IE
3313181	Friars Island	53.16444	-8.08806	T	ISL	IE
3313182	Big Island	53.16417	-8.09861	T	ISL	IE
3313183	Camus	53.17528	-8.11528	P	PPL	IE
3313184	Kilmaehugh	53.18528	-8.09806	P	PPL	IE
3313185	Muckinish	53.18806	-8.04944	P	PPL	IE
3313186	Muckanagh	53.16639	-8.15139	P	PPL	IE
3313187	Meeneen	53.15778	-8.1575	P	PPL	IE
3313189	Fahy	53.17111	-8.17056	P	PPL	IE
3313190	Fahy Bridge	53.18306	-8.16778	P	PPLL	IE
3313191	Prospect	53.1875	-8.15	P	PPL	IE
3313192	Tully	53.19278	-8.16472	P	PPLL	IE
3313193	Fearmore	53.19194	-8.12083	P	PPLL	IE
3313197	Moorfield Cross Roads	53.18806	-8.195	P	PPL	IE
3313199	Cloonnamaskry	53.19806	-8.23222	P	PPL	IE
3313200	Kilquain	53.17444	-8.22028	P	PPL	IE
3313201	Lissaniska	53.17278	-8.26139	P	PPL	IE
3313202	Ballinlug	53.16056	-8.22417	P	PPL	IE
3313203	Oldstreet	53.14444	-8.22417	P	PPL	IE
3313204	Kilmore	53.15667	-8.25722	P	PPL	IE
3313205	Cloonoolish	53.18972	-8.26556	P	PPL	IE
3313206	Nail	53.17556	-8.26444	P	PPL	IE
3313208	Oxgrove Bridge	53.18417	-8.29806	P	PPL	IE
3313210	Drumatober	53.18917	-8.37222	P	PPL	IE
3313212	Gortymadden	53.19583	-8.39361	P	PPL	IE
3313213	Cappanaghtan	53.20806	-8.37083	P	PPL	IE
3313214	Lurgan	53.20167	-8.355	P	PPL	IE
3313215	Knockaun	53.2175	-8.35139	P	PPL	IE
3313216	Gortavoher	53.22472	-8.35139	P	PPL	IE
3313217	Mullagh	53.2175	-8.41833	P	PPL	IE
3313218	Carhoon	53.15667	-8.33694	P	PPL	IE
3313219	Gortareask	53.16806	-8.39056	P	PPL	IE
3313220	Springvale	53.14417	-8.39083	P	PPL	IE
3313223	Ranamackan	53.15639	-8.42972	P	PPL	IE
3313224	Shangarry	53.17611	-8.42361	P	PPL	IE
3313225	Caraunduff	53.18361	-8.45528	P	PPL	IE
3313226	Kylebeg	53.17556	-8.44861	P	PPL	IE
3313227	Ballydoogan	53.19111	-8.47806	P	PPL	IE
3313231	Carrowkeel	53.1625	-8.49639	P	PPL	IE
3313232	Cloonlee	53.14194	-8.41556	P	PPL	IE
3313233	Lisheenaclara	53.14306	-8.54278	P	PPL	IE
3313234	Ballyeighter	53.16111	-8.52778	P	PPL	IE
3313235	Brick Lough	53.17333	-8.54333	H	LK	IE
3313238	Invernisk	53.195	-8.02889	T	ISL	IE
3313241	Lecarrow	53.21333	-8.49361	P	PPL	IE
3313243	Lisheenaguile	53.21889	-8.27917	P	PPL	IE
3313244	Craughwell	53.21083	-8.22111	P	PPL	IE
3313246	Clonfert Cross Roads	53.22639	-8.06861	P	PPL	IE
3313247	Ballynakill	53.20611	-8.08889	P	PPL	IE
3313248	Kilnaborris	53.20333	-8.05472	P	PPL	IE
3313249	Cankilly	53.21333	-8.06139	P	PPL	IE
3313250	Hemming’s Ville	53.21333	-8.02972	P	PPL	IE
3313251	Grant’s Island	53.20083	-7.98	T	ISL	IE
3313252	Esker	53.20306	-8.01389	T	ISL	IE
3313253	Kilmacshane	53.22722	-8.04833	P	PPL	IE
3313254	Ash Island	53.22972	-7.96694	T	ISL	IE
3313255	Bullock Island	53.20889	-7.96639	T	ISL	IE
3313256	Reask	53.22583	-7.98	P	PPL	IE
3313257	Lehinch	53.22389	-7.97056	T	ISL	IE
3313259	Carrick	53.19306	-7.90194	P	PPL	IE
3313260	Attinkee	53.20833	-7.92361	P	PPL	IE
3313261	Galros	53.22333	-7.90611	P	PPL	IE
3313262	Newtown	53.205	-7.88056	P	PPL	IE
3313263	Cranereagh Bridge	53.19528	-7.88194	P	PPL	IE
3313264	Bushfield	53.23194	-8.55278	P	PPL	IE
3313265	Hedgetown	53.23944	-8.55139	P	PPL	IE
3313266	Ballymurry	53.255	-8.54583	P	PPL	IE
3313267	Caherakilleen	53.2375	-8.47944	P	PPL	IE
3313268	Cahernagarry	53.24056	-8.50583	P	PPL	IE
3313269	Benmore	53.26417	-8.53444	P	PPL	IE
3313270	Carra	53.25917	-8.50444	P	PPL	IE
3313271	Cloonmain	53.24639	-8.46722	P	PPL	IE
3313273	Caraun	53.28167	-8.54806	P	PPL	IE
3313276	Corballymore	53.23389	-8.41639	P	PPL	IE
3313277	Burke Ville	53.2425	-8.38833	P	PPL	IE
3313279	Pollatlugga	53.2675	-8.40083	P	PPL	IE
3313280	Ballynoe	53.23611	-8.36944	P	PPL	IE
3313281	Gortnahoon	53.27889	-8.43	P	PPL	IE
3313282	Cloonsheecahill	53.29694	-8.5475	P	PPL	IE
3313284	Skehanagh	53.31444	-8.50667	P	PPL	IE
3313285	Gortfadda	53.30417	-8.47833	P	PPL	IE
3313286	Cloonymorris	53.31806	-8.45583	P	PPL	IE
3313289	Fahy	53.30972	-8.395	P	PPL	IE
3313291	Ballyeighter	53.28778	-8.35028	P	PPL	IE
3313292	Cloonkeen	53.27028	-8.34167	P	PPL	IE
3313294	Killoran	53.24167	-8.35056	P	PPL	IE
3313295	Ballyluoge	53.25556	-8.34611	P	PPL	IE
3313296	Derreenboy	53.22972	-8.33167	P	PPL	IE
3313297	Coxtown	53.24694	-8.31972	P	PPL	IE
3313299	Kilnahown	53.27972	-8.31639	P	PPL	IE
3313301	Ballydonagh	53.23806	-8.23444	P	PPL	IE
3313302	Callaghan’s Loughs	53.26444	-8.25556	H	LK	IE
3313303	Crossconnell	53.26944	-8.26194	P	PPL	IE
3313304	Attcoffey	53.25889	-8.23694	P	PPL	IE
3313306	Oghil	53.24778	-8.18306	P	PPL	IE
3313307	Gannaveen	53.26333	-8.21167	P	PPL	IE
3313308	Cloonascragh	53.28167	-8.20028	P	PPL	IE
3313312	Lismanny Bridge	53.27611	-8.165	P	PPLL	IE
3313314	Coololla Lough	53.31194	-8.30722	H	LK	IE
3313315	Sinclair’s Village	53.30111	-8.26472	P	PPL	IE
3313318	The Bloody Hollow	53.29361	-8.305	L	LCTY	IE
3313321	Lough Kimoteen	53.26028	-8.05333	H	LK	IE
3313322	Kylemore Bridge	53.26528	-8.11306	P	PPL	IE
3313325	Ballyglass	53.33278	-8.42111	P	PPL	IE
3313327	Loughaclerybeg	53.34833	-8.46611	P	PPL	IE
3313329	Callow Lough	53.35833	-8.41556	H	LK	IE
3313330	Attiregan	53.36917	-8.43583	P	PPL	IE
3313331	Tullanwicky	53.36139	-8.48083	P	PPL	IE
3313332	Liscune	53.36333	-8.44583	P	PPL	IE
3313333	Cloongawn	53.37833	-8.46667	P	PPL	IE
3313334	Killaun	53.32722	-8.46417	P	PPL	IE
3313335	Ballyvoneen	53.37139	-8.50639	P	PPL	IE
3313336	Shanballard	53.34639	-8.55	P	PPL	IE
3313337	Corskeagh	53.35667	-8.53806	P	PPL	IE
3313338	Kinreask	53.37333	-8.53694	P	PPL	IE
3313340	Lough Nahinch	53.39611	-8.55056	H	LK	IE
3313343	Glentane	53.41917	-8.50444	P	PPL	IE
3313345	Alloon Lower	53.39333	-8.47583	P	PPL	IE
3313347	Slieveanulty	53.41417	-8.44306	P	PPL	IE
3313348	Cloonatleva	53.38389	-8.43194	P	PPL	IE
3313352	Doon	53.37833	-8.37833	P	PPL	IE
3313355	Ballybaun	53.41917	-8.37167	P	PPL	IE
3313356	Lisnascreena	53.40167	-8.35139	P	PPL	IE
3313357	Caltraghlea	53.36167	-8.33472	P	PPL	IE
3313358	Peake	53.35556	-8.34556	P	PPL	IE
3313361	Kilconnell	53.33278	-8.39222	P	PPL	IE
3313364	Carrowmanagh	53.34389	-8.40833	P	PPL	IE
3313366	Dundoogan	53.34111	-8.35861	P	PPL	IE
3313371	Bellagill Bridge	53.36083	-8.23639	P	PPL	IE
3313374	Ervallagh Oughter	53.3825	-8.29778	P	PPL	IE
3313376	Cornamucklagh	53.42083	-8.32417	P	PPL	IE
3313378	Ballynamona	53.39028	-8.27722	P	PPL	IE
3313379	Feevaghmore	53.42194	-8.22583	P	PPL	IE
3313380	Goat Lough	53.41972	-8.245	H	LK	IE
3313382	Lough Gore	53.3875	-8.19667	H	LK	IE
3313383	Newton	53.36167	-8.22	P	PPL	IE
3313386	Culliagharny	53.35944	-8.19528	P	PPL	IE
3313390	Glenmore	53.39944	-8.19611	P	PPL	IE
3313392	Bellimeny	53.405	-8.14583	P	PPL	IE
3313393	Tarloughmore	53.39639	-8.14694	P	PPL	IE
3313394	Castlesampson	53.41444	-8.12111	P	PPL	IE
3313395	Corraree	53.40806	-8.12111	P	PPL	IE
3313396	Carrowduff	53.39528	-8.10528	P	PPL	IE
3313397	Doo Lough	53.375	-8.13056	H	LK	IE
3313398	Lough Nanegish	53.37056	-8.09139	H	LK	IE
3313399	Lowtown	53.36528	-8.11972	P	PPL	IE
3313400	Kilcashel	53.36278	-8.11556	P	PPL	IE
3313401	Bernard’s Cross Roads	53.42139	-8.03917	P	PPL	IE
3313403	Newtown	53.42111	-8.02972	P	PPL	IE
3313404	Belrea	53.39639	-8.04333	P	PPL	IE
3313405	Clera Island	53.38833	-8.04194	T	ISL	IE
3313407	Duggarry	53.38667	-8.07361	P	PPL	IE
3313408	Pike	53.37528	-8.06833	P	PPL	IE
3313410	Keelty	53.39444	-7.99833	P	PPL	IE
3313411	Mounthussey	53.38778	-8.02333	P	PPL	IE
3313412	Doyles Bridge	53.41556	-7.98056	P	PPL	IE
3313413	Kilnamanagh	53.40583	-7.97333	P	PPL	IE
3313414	Carrickynaghtan	53.39667	-7.97556	P	PPL	IE
3313415	Mount Florence	53.38444	-7.97472	P	PPL	IE
3313416	Cloonown	53.36639	-7.97417	P	PPL	IE
3313417	Cranberry Lough	53.35306	-8.12806	H	LK	IE
3313420	Rathpeak	53.32528	-8.12556	P	PPL	IE
3313421	Rooty Cross	53.32361	-8.10028	P	PPL	IE
3313422	Cuilleen	53.34694	-8.15833	P	PPL	IE
3313424	Old Town	53.29861	-8.12222	P	PPL	IE
3313425	Kidlawn	53.30944	-8.11417	P	PPL	IE
3313426	Dromalga Park	53.30222	-8.09944	L	PRK	IE
3313427	Cloonfad	53.29528	-8.10833	P	PPL	IE
3313429	Derrylahan	53.35278	-8.04583	P	PPL	IE
3313430	Cappavuse	53.33944	-8.06	P	PPL	IE
3313431	Coolumber	53.32972	-8.01444	P	PPL	IE
3313432	Derrmeel	53.33972	-8.01694	P	PPL	IE
3313433	Callowbeg	53.35333	-7.97472	P	PPL	IE
3313434	Drumlosh	53.34806	-7.98472	P	PPL	IE
3313435	Inchinalee	53.34444	-7.96694	P	PPL	IE
3313437	America	53.31861	-8.06833	P	PPL	IE
3313439	Devenish Island	53.30194	-8.02472	T	ISL	IE
3313440	Long Island	53.28333	-8.04694	T	ISL	IE
3313441	Cornaveagh	53.29972	-8.07056	P	PPL	IE
3313442	Creggan	53.27944	-8.09917	P	PPL	IE
3313446	Clondelara	53.27	-7.99417	P	PPL	IE
3313448	Cloghal	53.25083	-7.97611	P	PPL	IE
3313449	Newtown	53.23611	-7.95889	P	PPL	IE
3313450	Highstreet	53.25111	-7.94167	P	PPL	IE
3313454	L’Estrange Bridge	53.23111	-7.91583	P	PPL	IE
3313457	Gahagan’s Village	53.28778	-7.90528	P	PPL	IE
3313458	Lough Nanag	53.30611	-7.99611	H	LK	IE
3313459	Derryharney	53.30083	-7.95083	P	PPL	IE
3313460	Clortrane	53.30139	-8.01222	P	PPL	IE
3313461	Killagally Park	53.25528	-7.88472	L	PRK	IE
3313463	Killowney	53.23667	-7.87361	P	PPL	IE
3313466	Mannion’s Cross Roads	53.32556	-7.88306	P	PPL	IE
3313467	Clonaderg	53.3375	-7.88611	P	PPL	IE
3313468	Clonmacnoise	53.32528	-7.97944	P	PPL	IE
3313469	Ballymacegan Island	53.14667	-8.14056	T	ISL	IE
3313472	Athlone	53.42278	-7.93722	P	PPL	IE
3313473	Golden Island	53.4125	-7.93667	T	ISL	IE
3313476	Fardrum	53.3975	-7.87556	P	PPL	IE
3313477	Creggan	53.40722	-7.88417	P	PPL	IE
3313480	New Grove	52.90611	-7.87139	P	PPL	IE
3313486	Nore Bridge	52.91917	-7.74722	P	PPL	IE
3313487	Knock Cross Roads	52.91667	-7.69722	P	PPL	IE
3313492	Butler’s Lough	52.95333	-7.73833	H	LK	IE
3313493	Black Lough	52.95194	-7.73417	H	LK	IE
3313498	Quaker’s Bridge	52.93444	-7.65917	P	PPL	IE
3313502	Clonagooden	52.91694	-7.64972	P	PPL	IE
3313503	Green Cross Roads	52.91139	-7.6175	P	PPL	IE
3313504	Shanboe	52.92889	-7.65639	P	PPL	IE
3313508	Grange Beg	52.90944	-7.60472	P	PPL	IE
3313510	Ballintaggart	52.93833	-7.68028	P	PPL	IE
3313511	Keeloge South	52.95583	-7.64167	P	PPL	IE
3313513	New Bridge	52.93861	-7.64639	P	PPL	IE
3313514	Forked Lough	52.94417	-7.72611	H	LK	IE
3313516	Pike of Rush Hall	52.95056	-7.5525	P	PPL	IE
3313517	Boherard	52.905	-7.50389	P	PPL	IE
3313519	Carrowreagh	52.92861	-7.56389	P	PPL	IE
3313520	Corraun	52.91778	-7.54083	P	PPL	IE
3313523	Long Island Well	52.95528	-7.49028	P	PPLL	IE
3313524	Cuddagh	52.94667	-7.49278	P	PPL	IE
3313525	Badgerisland	52.93167	-7.49028	P	PPL	IE
3313526	Farran Cross Roads	52.90833	-7.46972	P	PPL	IE
3313527	Ballycuddahy	52.91972	-7.47472	P	PPL	IE
3313531	Shanahoe	52.92528	-7.42472	P	PPL	IE
3313533	Farmleigh	52.90222	-7.39806	P	PPL	IE
3313534	New Bridge	52.93917	-7.44361	P	PPL	IE
3313535	Clonbane	52.95083	-7.45	P	PPL	IE
3313536	Barnadarrig	52.94333	-7.42917	P	PPL	IE
3313538	Ballypickas	52.90306	-7.29667	P	PPL	IE
3313539	Cobbler’s Hill Cross Roads	52.90722	-7.29639	P	PPL	IE
3313540	Tullore Cross Roads	52.92167	-7.31	P	PPL	IE
3313541	Raheenabrogue	52.93139	-7.345	P	PPL	IE
3313542	Corbally	52.94083	-7.34611	P	PPL	IE
3313544	Cloncullane	52.94917	-7.28444	P	PPL	IE
3313545	Derrykearn	52.93833	-7.37694	L	LCTY	IE
3313546	Ballytarsna	52.92722	-7.38806	P	PPL	IE
3313547	Ballyruin	52.96083	-7.31333	P	PPL	IE
3313550	Ballynamuddagh	52.98917	-7.3775	P	PPL	IE
3313552	Ballycarnan	52.99833	-7.30389	P	PPL	IE
3313553	Clonkeen	53.00806	-7.35556	P	PPL	IE
3313554	Cashel	52.97528	-7.30028	P	PPLL	IE
3313557	Meelick	53.01139	-7.29722	P	PPL	IE
3313558	Ardled	52.97972	-7.38056	P	PPL	IE
3313559	Gorteen	53.01556	-7.39778	P	PPL	IE
3313560	Cromoge Cross Roads	52.96167	-7.41333	P	PPL	IE
3313561	Shanavolla	52.9725	-7.43028	P	PPL	IE
3313562	Kilbricken	52.96139	-7.46194	P	PPL	IE
3313563	Trumra	52.98472	-7.41944	P	PPL	IE
3313564	Coolnareen	52.99056	-7.41667	P	PPL	IE
3313565	Clonadacasey	53.00111	-7.41278	P	PPL	IE
3313567	Clonboyne	53.0175	-7.33389	P	PPL	IE
3313568	Kylegrove	53.02361	-7.33417	P	PPL	IE
3313569	Colnamona	53.0325	-7.37778	P	PPL	IE
3313570	Pallas	53.04306	-7.34028	P	PPL	IE
3313572	Cloncullen	53.02389	-7.425	P	PPL	IE
3313573	Brockra	53.04	-7.43944	P	PPL	IE
3313574	Iry	53.04222	-7.40472	P	PPL	IE
3313575	Sconee Lower	53.02611	-7.46944	P	PPL	IE
3313577	Clonincurragh	53.005	-7.52389	P	PPL	IE
3313578	Derrycanton	52.99333	-7.50611	P	PPL	IE
3313581	Shanavaur	53.03972	-7.49167	P	PPL	IE
3313582	Forest Bridge	52.97417	-7.47333	P	PPL	IE
3313584	Glenbower	53.01556	-7.52944	P	PPL	IE
3313587	Derrynase Bridge	52.97972	-7.56361	P	PPL	IE
3313588	Annagh Bridge	52.98972	-7.56722	P	PPL	IE
3313590	Monnagh	52.99	-7.60528	P	PPL	IE
3313592	Ballyhorahan	52.995	-7.55611	P	PPL	IE
3313598	Drimmo	53.04056	-7.53833	P	PPL	IE
3313599	Cappanarrow	53.0225	-7.60917	P	PPL	IE
3313600	Ballinrally	52.99611	-7.63944	P	PPL	IE
3313601	Srahanboy	53.02472	-7.64	P	PPL	IE
3313603	Tubbrid	52.97722	-7.69	P	PPL	IE
3313604	Closh	53.00639	-7.6575	L	LCTY	IE
3313605	Cloncully	52.98194	-7.65861	L	LCTY	IE
3313609	Lackey	52.96667	-7.69056	L	LCTY	IE
3313610	Farbreague	53.02452	-7.69821	T	MT	IE
3313611	Ballygaddy Cross Roads	53.04056	-7.80639	P	PPL	IE
3313615	Ballybrin	53.005	-7.79639	P	PPL	IE
3313624	Coolderry	53.00833	-7.83917	P	PPLL	IE
3313625	Pollduff	53.03306	-7.72333	P	PPL	IE
3313629	Kyletalesha	53.07694	-7.31833	P	PPL	IE
3313630	Larkin’s Cross Roads	53.08417	-7.29444	P	PPL	IE
3313632	Derrygile	53.09444	-7.32944	P	PPLL	IE
3313633	Clondarrig	53.05056	-7.37528	P	PPLL	IE
3313634	Rossnagad	53.07167	-7.35889	P	PPL	IE
3313635	Clonygowan	53.07194	-7.39333	P	PPLL	IE
3313637	Esker	53.08361	-7.39528	P	PPL	IE
3313639	Dangans	53.1175	-7.27583	P	PPL	IE
3313640	Dangan’s Bridge	53.1225	-7.26722	P	PPL	IE
3313641	Borness Bridge	53.13056	-7.30583	P	PPL	IE
3313642	Bay Bridge	53.12972	-7.32111	P	PPLL	IE
3313643	Camira Cross Roads	53.13611	-7.37028	P	PPL	IE
3313644	Mullaghanard Cross Roads	53.12278	-7.37472	P	PPL	IE
3313645	New Mills	53.10917	-7.35333	P	PPL	IE
3313646	Derrylemoge	53.11333	-7.39806	P	PPL	IE
3313647	Summer Grove	53.12139	-7.375	P	PPL	IE
3313649	Cappanrush	53.05889	-7.40778	P	PPL	IE
3313650	Knocks	53.04944	-7.4625	P	PPLL	IE
3313651	Derrycon	53.05639	-7.5075	P	PPL	IE
3313652	Lady’s Bridge	53.07333	-7.43028	P	PPL	IE
3313653	Rossmore	53.07	-7.4525	P	PPL	IE
3313654	Redgate Cross Roads	53.07833	-7.4375	P	PPL	IE
3313655	Cathole Bridge	53.09194	-7.43806	P	PPL	IE
3313656	Ballyhunpahane	53.09139	-7.47833	P	PPL	IE
3313657	Carnahinch Mountain	53.08639	-7.48889	T	MT	IE
3313659	Bawnrush	53.07083	-7.52417	T	MT	IE
3313661	Inchanisky	53.05722	-7.55111	P	PPL	IE
3313662	Barna	53.08444	-7.53611	T	MT	IE
3313665	Knockanastumba	53.10639	-7.51361	T	MT	IE
3313666	Glendineoregan	53.11194	-7.52833	P	PPLL	IE
3313667	Knockachorra Mountain	53.10556	-7.56611	T	MT	IE
3313671	Longford	53.12611	-7.49194	P	PPL	IE
3313674	Srahcullen	53.13944	-7.52333	P	PPL	IE
3313675	Ballynahimmy	53.14	-7.60222	P	PPLL	IE
3313676	Barradoos Mountain	53.11917	-7.60556	T	MT	IE
3313683	County Bridge	53.13833	-7.64167	P	PPL	IE
3313685	Inckaroe Cross Roads	53.11306	-7.67889	P	PPL	IE
3313688	Wolftrap Mountain	53.09249	-7.59325	T	MT	IE
3313689	Spink	53.11306	-7.62389	T	MT	IE
3313690	Glenletter	53.09861	-7.64583	P	PPL	IE
3313691	Letter Cross Roads	53.08889	-7.62417	P	PPL	IE
3313692	Carroll's Hill	53.06846	-7.66508	T	MT	IE
3313727	Cumber Lower	53.07722	-7.7275	P	PPL	IE
3313728	Knocknaman	53.08202	-7.6993	T	MT	IE
3313729	Forelacka	53.07667	-7.68417	L	LCTY	IE
3313732	Drumcullen Bridge	53.10417	-7.73611	P	PPL	IE
3313734	Ballyshane	53.08722	-7.75528	P	PPL	IE
3313737	Barlahan	53.10361	-7.63833	L	LCTY	IE
3313742	Breaghmore	53.08639	-7.8025	P	PPLL	IE
3313743	Castletown	53.06889	-7.83944	P	PPLL	IE
3313744	Kingsborough	53.08167	-7.84806	P	PPLL	IE
3313746	Carrig Bridge	53.10028	-7.76167	L	LCTY	IE
3313749	Fortel	53.07722	-7.83222	P	PPL	IE
3313751	Rathgibbon	53.11417	-7.80417	P	PPLL	IE
3313752	Killaun	53.09917	-7.84	P	PPLL	IE
3313755	Curragh	53.13722	-7.77694	L	LCTY	IE
3313757	Coffey’s Cross Bridge	53.05167	-7.86944	P	PPL	IE
3313758	View Mount	53.06833	-7.86361	P	PPL	IE
3313760	Cree	53.05972	-7.85778	P	PPLL	IE
3313761	The Derrics	53.11694	-7.87083	L	LCTY	IE
3313768	Clonyquin	53.175	-7.28944	P	PPLL	IE
3313769	Ballyshear	53.19139	-7.27778	P	PPLL	IE
3313771	Forest Upper	53.1475	-7.35722	P	PPL	IE
3313772	Twomile Bridge	53.15389	-7.36722	P	PPL	IE
3313773	Laught	53.17194	-7.38056	P	PPL	IE
3313774	Kilcavan	53.1925	-7.37861	P	PPL	IE
3313775	Woodfield	53.19278	-7.35167	P	PPL	IE
3313778	Ballykean	53.22667	-7.29167	P	PPL	IE
3313779	Raheen Lough	53.21361	-7.30278	H	LK	IE
3313781	Ballyclare Bridge	53.18139	-7.4225	P	PPL	IE
3313782	Drummond	53.16917	-7.42556	P	PPL	IE
3313783	Clonduff	53.17806	-7.45472	P	PPL	IE
3313785	Rearyvalley	53.17278	-7.475	P	PPL	IE
3313787	Clarahill	53.14611	-7.47583	P	PPL	IE
3313790	Brogherled Cross Roads	53.165	-7.56556	P	PPL	IE
3313791	Kilmanman	53.15917	-7.53889	P	PPL	IE
3313792	Ballinfulla	53.1575	-7.59194	P	PPLL	IE
3313795	Castlecutte	53.14833	-7.57944	L	LCTY	IE
3313796	Ballylevin	53.215	-7.38861	P	PPLL	IE
3313798	Rockfield	53.20667	-7.455	P	PPLL	IE
3313799	Gorteen Bridge	53.2025	-7.48833	P	PPLL	IE
3313800	Moneyguid	53.19556	-7.44333	P	PPLL	IE
3313801	Burnett’s Wood	53.21972	-7.45806	V	FRST	IE
3313802	Hawkswood	53.22444	-7.48111	P	PPLL	IE
3313803	Clonad Wood	53.22417	-7.51694	V	FRST	IE
3313804	Killurin	53.21389	-7.54667	P	PPLL	IE
3313806	Annaghbrack	53.18028	-7.57667	P	PPL	IE
3313807	Killananny	53.19083	-7.58722	P	PPL	IE
3313808	Monument Cross Roads	53.18333	-7.59222	P	PPL	IE
3313810	Mullacrew	53.20167	-7.62694	P	PPL	IE
3313812	Pallas Lough	53.22333	-7.59556	H	LK	IE
3313813	Black Lion	53.20889	-7.62278	L	LCTY	IE
3313814	Idle Corner	53.21083	-7.65083	P	PPL	IE
3313815	Cappagowlan	53.17639	-7.65694	P	PPL	IE
3313818	Behanamuck	53.2075	-7.72167	P	PPL	IE
3313820	Derrydolney	53.19083	-7.71444	P	PPL	IE
3313822	Limekiln	53.19472	-7.74722	P	PPL	IE
3313825	Ballycollin	53.16111	-7.72083	P	PPL	IE
3313826	Lisduff	53.14722	-7.76667	P	PPL	IE
3313832	Kilcormac	53.17417	-7.72556	P	PPL	IE
3313835	Derrybrat	53.20167	-7.7775	P	PPL	IE
3313836	Ballywhire	53.18611	-7.80778	P	PPL	IE
3313840	Drinagh	53.18944	-7.84139	P	PPL	IE
3313841	Brackay	53.2125	-7.805	P	PPL	IE
3313843	Millbrook Bridge	53.2175	-7.79722	P	PPL	IE
3313844	Hill House	53.22	-7.84722	P	PPL	IE
3313845	Lug	53.21111	-7.86083	P	PPL	IE
3313847	Bunakeeran	53.225	-7.67667	P	PPL	IE
3313848	Lumcloon Bridge	53.22694	-7.79139	P	PPL	IE
3313849	Lumcloon Cross Roads	53.22389	-7.82167	P	PPL	IE
3313850	Noggusboy	53.24667	-7.85083	P	PPL	IE
3313852	Derrycarney	53.23944	-7.78611	P	PPL	IE
3313853	Ballyduff	53.24611	-7.29278	P	PPL	IE
3313855	Gorteenkeel	53.25583	-7.27389	P	PPL	IE
3313857	Curragh	53.24306	-7.34389	P	PPL	IE
3313858	Ballycollin	53.23722	-7.3875	P	PPL	IE
3313859	Cappanageeragh	53.27222	-7.36694	P	PPL	IE
3313860	Cross Keys Cross Roads	53.24361	-7.37722	P	PPL	IE
3313861	Mount Briscoe	53.31139	-7.26472	P	PPL	IE
3313862	Ballymullen	53.30167	-7.31556	P	PPL	IE
3313863	Barnaboy	53.31556	-7.36806	P	PPL	IE
3313865	Derrygrogan	53.3075	-7.38694	P	PPL	IE
3313867	Cappyroe	53.27583	-7.39028	P	PPLL	IE
3313872	Corndarragh	53.28889	-7.45139	P	PPL	IE
3313873	Capppancur	53.27	-7.43167	P	PPL	IE
3313875	Kildangan	53.30944	-7.54806	P	PPL	IE
3313876	Ballycowan Bridge	53.27528	-7.55222	P	PPL	IE
3313878	Meclaghans Cross Roads	53.25722	-7.4275	P	PPL	IE
3313883	Killeenmore	53.23333	-7.44944	P	PPL	IE
3313884	Ballard	53.25056	-7.50722	P	PPLL	IE
3313886	Red Gate	53.2625	-7.50528	P	PPL	IE
3313888	Lynally Glebe	53.26111	-7.55944	P	PPL	IE
3313890	Glasshouse	53.24222	-7.6175	P	PPL	IE
3313891	Screggan	53.2475	-7.57944	P	PPL	IE
3313892	Ballyfarrell	53.23528	-7.64306	P	PPL	IE
3313893	Agall	53.25611	-7.60167	P	PPL	IE
3313894	Cully	53.24	-7.65611	P	PPL	IE
3313895	Rabbitburrow	53.25417	-7.65194	P	PPL	IE
3313896	Derrooly	53.26083	-7.65278	P	PPL	IE
3313897	Derrycooly	53.26389	-7.67389	P	PPL	IE
3313902	Ballincur	53.27694	-7.66194	P	PPL	IE
3313903	Rahan	53.27722	-7.63056	P	PPL	IE
3313905	Aharney	53.30444	-7.58472	P	PPL	IE
3313907	Ballynasrah	53.29028	-7.56583	P	PPL	IE
3313908	Goldsmithslot	53.28778	-7.65861	P	PPL	IE
3313909	Derrics	53.30583	-7.61583	P	PPL	IE
3313910	The Island	53.30972	-7.66944	P	PPL	IE
3313912	Lough Roy	53.31972	-7.61583	H	LK	IE
3313913	Leabeg	53.2325	-7.72694	P	PPL	IE
3313914	Lea More	53.24167	-7.72167	P	PPL	IE
3313916	Pollagh	53.27667	-7.70806	P	PPL	IE
3313917	Kilcolgan	53.26917	-7.77639	P	PPL	IE
3313918	Ballydaly	53.2775	-7.77667	P	PPL	IE
3313920	Lemanaghan	53.28889	-7.74667	P	PPL	IE
3313921	Derrynagun	53.29528	-7.72861	P	PPL	IE
3313922	Brackagh	53.30694	-7.71139	P	PPL	IE
3313923	Castletown	53.31444	-7.75111	P	PPL	IE
3313924	Newtown	53.30306	-7.78611	P	PPL	IE
3313927	Creggan	53.285	-7.86639	P	PPL	IE
3313932	Barnan	53.32556	-7.32361	P	PPL	IE
3313935	Cloneen	53.34694	-7.35	P	PPL	IE
3313938	Derrygreenagh	53.39083	-7.27972	P	PPL	IE
3313940	Rahincuill	53.39167	-7.33111	P	PPL	IE
3313943	Templeoran	53.40083	-7.38333	P	PPL	IE
3313944	Pallasboy	53.36417	-7.39389	P	PPL	IE
3313945	Judgeville	53.34806	-7.38111	P	PPL	IE
3313946	Cappanrush	53.35361	-7.41917	P	PPL	IE
3313947	Kiltober	53.34444	-7.42778	P	PPL	IE
3313948	Grange and Kiltober	53.35056	-7.44444	P	PPL	IE
3313949	Murphy’s Bridge	53.32306	-7.43361	P	PPL	IE
3313950	Rahugh	53.33278	-7.44278	P	PPL	IE
3313952	Derrygolan	53.32833	-7.47361	P	PPL	IE
3313953	Frevanagh	53.335	-7.47389	P	PPL	IE
3313955	Bellmount	53.35306	-7.49583	P	PPL	IE
3313956	Skeahanagh	53.35972	-7.4875	P	PPL	IE
3313957	Canal Harbour	53.36389	-7.4725	P	PPLL	IE
3313958	Newtownlaw	53.37361	-7.44639	P	PPL	IE
3313959	Cumminstown	53.37667	-7.46278	P	PPL	IE
3313961	Ardmorney	53.38361	-7.46667	P	PPL	IE
3313962	Coola Bridge	53.37778	-7.49083	P	PPL	IE
3313963	Clongowly	53.35083	-7.52333	P	PPL	IE
3313967	Killavally	53.38444	-7.41194	P	PPL	IE
3313968	New Forest	53.38889	-7.42333	V	FRST	IE
3313971	Toortisnamore	53.39861	-7.50944	P	PPL	IE
3313972	Clonyhague	53.41139	-7.42694	P	PPL	IE
3313973	Killinlahan	53.41556	-7.47639	P	PPL	IE
3313974	Gayville	53.41889	-7.4575	P	PPL	IE
3313975	Ballynacoska	53.41972	-7.51194	P	PPL	IE
3313976	Tullaghanmore	53.40778	-7.54306	P	PPL	IE
3313977	Greenan	53.39417	-7.52444	P	PPL	IE
3313981	Spittaltown	53.40389	-7.57056	P	PPL	IE
3313985	Kilmalady	53.37139	-7.58917	P	PPL	IE
3313986	Newtown	53.4	-7.63889	P	PPL	IE
3313987	Ballynabarna	53.41417	-7.63361	P	PPL	IE
3313989	Raheen	53.35444	-7.62778	P	PPL	IE
3313990	Kilmucklin	53.33417	-7.58083	P	PPL	IE
3313991	Tara	53.32667	-7.55417	P	PPL	IE
3313993	Erry	53.32944	-7.62444	P	PPL	IE
3313994	Bolart Bridge	53.34139	-7.64889	P	PPL	IE
3313995	Bohernagrisna	53.32139	-7.66833	P	PPL	IE
3313996	Brosna Bridge	53.33222	-7.67361	P	PPL	IE
3313998	Cloghatanny	53.345	-7.67528	P	PPL	IE
3314001	Moorock	53.3425	-7.7025	P	PPL	IE
3314003	Tinmuck	53.3575	-7.70833	P	PPL	IE
3314006	Lurgan	53.37333	-7.70667	P	PPL	IE
3314011	Marshbrook	53.39278	-7.68556	P	PPL	IE
3314013	Ballinderry Lough	53.40167	-7.67611	H	LK	IE
3314014	Kilcatherina	53.41611	-7.66944	P	PPL	IE
3314015	Kilnahinch	53.40944	-7.71556	P	PPL	IE
3314017	Moate	53.39389	-7.71722	P	PPL	IE
3314022	Killachonna	53.41111	-7.76194	P	PPL	IE
3314023	Farnagh	53.39167	-7.78056	P	PPL	IE
3314024	Kileleagh Park	53.37583	-7.78389	L	PRK	IE
3314026	Moneen	53.37056	-7.76194	P	PPL	IE
3314027	Killogeenaghan	53.39333	-7.82972	P	PPL	IE
3314028	Carn Park	53.41667	-7.80722	L	PRK	IE
3314030	Tullymagawly	53.41222	-7.83611	P	PPL	IE
3314031	Bolmarra	53.36083	-7.81861	P	PPL	IE
3314033	Kilaarvan Bridge	53.38333	-7.86222	P	PPL	IE
3314034	Doon Cross Road	53.33028	-7.81889	P	PPL	IE
3314035	Togher	53.32944	-7.81278	P	PPL	IE
3314036	Eskerbreague	53.33972	-7.79833	P	PPL	IE
3314098	Pass of the Plumes	52.98333	-7.26472	T	PASS	IE
3314099	Ringstown Uplands	53.02306	-7.45583	P	PPL	IE
3314106	Furnace	52.94887	-8.38211	P	PPLL	IE
3314107	Peak	53.27111	-8.43972	P	PPL	IE
3314109	Foot’s Islands	53.02	-8.26389	T	ISLS	IE
3314112	Barkmill	53.08972	-7.38111	P	PPL	IE
3314113	Stream	53.14806	-8.00167	P	PPLL	IE
3314115	Clarbarracum	52.91833	-7.26472	P	PPL	IE
3314116	Baunogemeely	52.92333	-7.20667	P	PPL	IE
3314117	Aghadreen	52.91	-7.17889	P	PPL	IE
3314118	Knocklead	52.92111	-7.19556	P	PPL	IE
3314119	Brennanshill	52.92278	-7.17306	P	PPL	IE
3314120	Aghoney	52.93083	-7.19889	P	PPL	IE
3314121	Fossy Hill	52.93833	-7.19194	T	MT	IE
3314123	Cullenagh Mountain	52.9543	-7.25978	T	MT	IE
3314125	Fossy	52.94778	-7.18889	P	PPL	IE
3314126	Boley	52.92528	-7.11722	P	PPL	IE
3314127	Shanragh	52.91083	-7.10194	P	PPL	IE
3314133	Wolfhill	52.90306	-7.11861	P	PPL	IE
3314134	Modubeagh	52.90083	-7.10944	P	PPL	IE
3314135	Kilcruise	52.90444	-7.08806	P	PPLL	IE
3314140	Killeen	52.907	-6.967	P	PPLL	IE
3314141	Cullenagh	52.92944	-6.99917	P	PPLL	IE
3314143	Killabban	52.91333	-6.975	P	PPLL	IE
3314144	Tankardstown Bridge	52.94026	-6.9546	P	PPLL	IE
3314145	Maganey Bridge	52.90901	-6.93512	P	PPLL	IE
3314146	Ballyfoyle	52.91472	-6.94083	P	PPL	IE
3314148	Barrowhouse Cross Roads	52.95562	-6.9831	P	PPLL	IE
3314150	Castleroe Cross Roads	52.90583	-6.91139	P	PPLL	IE
3314151	Duke Street	52.93417	-6.92889	P	PPL	IE
3314152	Rosetown	52.945	-6.93722	P	PPL	IE
3314155	Johnstown North	52.90806	-6.89667	P	PPL	IE
3314156	Kilkea	52.94639	-6.89861	P	PPL	IE
3314157	Abbot’s Cross Roads	52.91389	-6.82278	P	PPL	IE
3314163	Ballynacarrick Upper	52.92722	-6.8125	P	PPL	IE
3314165	Hughstown	52.94278	-6.76056	P	PPLL	IE
3314167	Carrigeen Cross Roads	52.91611	-6.74917	P	PPL	IE
3314169	Bigstone	52.90389	-6.75583	P	PPL	IE
3314170	Garrettstown	52.89889	-6.72611	P	PPL	IE
3314172	Yellowford Cross Roads	52.90611	-6.70056	P	PPLL	IE
3314173	Mountkelly	52.89861	-6.65694	P	PPL	IE
3314174	Bawnoge	52.92889	-6.71472	P	PPL	IE
3314176	Clogh	52.91917	-6.70861	P	PPL	IE
3314179	Kilmurry	52.91278	-6.67417	L	LCTY	IE
3314180	Woodfield	52.92583	-6.67667	P	PPL	IE
3314181	Coolinarrig	52.94722	-6.67444	P	PPL	IE
3314182	Rathcoran	52.945	-6.70556	P	PPL	IE
3314183	Rathmagree	52.95	-6.71028	P	PPL	IE
3314184	Boley	52.93889	-6.68028	P	PPL	IE
3314187	Talbotstown	52.92722	-6.63361	P	PPL	IE
3314190	Kelshabeg	52.93306	-6.61167	P	PPL	IE
3314191	Keadeen	52.94306	-6.60028	P	PPL	IE
3314197	Bauteogue	52.99111	-7.20222	P	PPL	IE
3314200	Raheenanisky	53.00694	-7.2175	P	PPL	IE
3314202	Kilcolnanbane	53.00278	-7.26167	P	PPL	IE
3314204	Grange	53.01556	-7.19111	P	PPLL	IE
3314208	Gallows Hill	52.97778	-7.16167	P	PPL	IE
3314209	Ballycoolan	52.97556	-7.15861	P	PPLL	IE
3314210	Ballintlea	52.99056	-7.1225	P	PPL	IE
3314213	Ballinteskin	52.98833	-7.15417	P	PPLL	IE
3314216	Ballyclider	53.03389	-7.25722	P	PPL	IE
3314219	Aghnakily	53.02361	-7.22083	P	PPL	IE
3314220	Ballymaddock	53.03972	-7.1925	P	PPL	IE
3314221	Buddock Cross Roads	53.03472	-7.16278	P	PPL	IE
3314222	Yellowpit Cross Roads	53.04667	-7.15611	P	PPL	IE
3314223	Inch Cross Roads	53.03889	-7.12083	P	PPL	IE
3314227	Castlereban North	53.03194	-7.07028	P	PPL	IE
3314228	Ballyroe	53.02056	-7.05222	P	PPL	IE
3314229	Churchtown	53.00583	-7.05083	P	PPL	IE
3314232	Castlemitchell South	52.98889	-7.06778	P	PPL	IE
3314236	Bert Bridge	53.01722	-7.01917	P	PPLL	IE
3314240	Loughlass	52.95583	-7.09306	P	PPL	IE
3314241	Larkfield	52.97889	-7.05556	P	PPL	IE
3314242	Pimlico	52.95611	-7.06111	P	PPL	IE
3314243	Killyganard	52.95694	-7.02722	P	PPL	IE
3314244	Whitebog	52.96222	-7.02278	P	PPL	IE
3314245	Catto’s Cross Roads	52.97361	-7.01639	P	PPL	IE
3314246	Ballyroe Cross Roads	52.95889	-6.93722	P	PPL	IE
3314249	Dunbrin	52.96889	-6.99417	P	PPL	IE
3314252	Bray	52.9825	-6.94444	P	PPL	IE
3314253	Newtownbert	53.03444	-7.00556	P	PPL	IE
3314254	Oldcourt	53.02917	-6.98528	P	PPL	IE
3314255	Tullygorey	53.01417	-6.95417	P	PPL	IE
3314256	Russellstown Cross Roads	53.00833	-6.94	P	PPL	IE
3314258	Ardmore	53.03056	-6.965	P	PPL	IE
3314259	Foxhill	52.99278	-6.9425	P	PPL	IE
3314261	Ballycullane	52.98583	-6.91583	P	PPL	IE
3314262	Grangerosnolvan	52.96722	-6.89806	P	PPL	IE
3314263	Moatfield Cross Roads	53.01917	-6.90833	P	PPL	IE
3314264	Ardscull	53.0175	-6.90917	P	PPL	IE
3314265	Irishtown	52.98528	-6.88694	P	PPL	IE
3314266	Ballindrum	53.01611	-6.88944	P	PPL	IE
3314270	Ballyadam	53.03611	-6.89139	P	PPL	IE
3314272	Oldgrange	53.03778	-6.86611	P	PPL	IE
3314273	Battiemount	53.02778	-6.87083	P	PPL	IE
3314278	Boakefield	53.00861	-6.85167	P	PPL	IE
3314279	Mullamast Cross Roads	52.99778	-6.85444	P	PPL	IE
3314280	Broomfield Cross Roads	52.985	-6.85778	P	PPL	IE
3314284	Obelisks	52.96472	-6.85167	P	PPL	IE
3314286	Hill View	52.96611	-6.81222	P	PPL	IE
3314287	Portersize Cross Roads	52.99306	-6.80028	P	PPL	IE
3314288	Crookstown	53.01528	-6.81056	P	PPL	IE
3314289	Blackrath Gate	53.03778	-6.78694	P	PPL	IE
3314291	Rathsallagh	53.03833	-6.72528	P	PPL	IE
3314292	Ballylaffin	53.03194	-6.71306	P	PPL	IE
3314296	Byrnes Cross Roads	53.02083	-6.75111	P	PPL	IE
3314298	Rottenhill	53.02389	-6.71389	P	PPL	IE
3314299	Byrneshill	53.01361	-6.70111	P	PPL	IE
3314300	Freynestown	53.00861	-6.69333	P	PPL	IE
3314301	Ballyhook	52.99806	-6.71417	P	PPL	IE
3314303	Knocknamuck	52.99111	-6.78417	P	PPL	IE
3314304	Rathtoole	52.98444	-6.78444	P	PPL	IE
3314306	Lowtown	52.97444	-6.73583	P	PPL	IE
3314308	Moneymore	52.97528	-6.76694	P	PPL	IE
3314309	Tinoranhill Cross Roads	52.95806	-6.74972	P	PPL	IE
3314310	Monatore	52.95528	-6.75917	P	PPL	IE
3314311	Rampere Cross Roads	52.96528	-6.72306	P	PPL	IE
3314313	Lackareagh	52.96528	-6.79528	P	PPL	IE
3314314	Grange Con	52.99861	-6.75111	P	PPL	IE
3314315	Eldon Bridge	52.955	-6.7025	P	PPLL	IE
3314316	Tuckmill	52.96194	-6.69722	P	PPL	IE
3314318	Spinans Cross Roads	52.95194	-6.65778	P	PPL	IE
3314320	Waterloo Bridge	52.98111	-6.66056	P	PPLL	IE
3314322	Knockaderry Cross Roads	52.9725	-6.61167	P	PPL	IE
3314323	Spinans Hill	52.96672	-6.63297	T	MT	IE
3314324	Mount Slaney	52.97778	-6.64222	P	PPL	IE
3314325	Toberbeg	53.03694	-6.67361	P	PPL	IE
3314326	Raheen	53.01778	-6.66889	P	PPL	IE
3314327	Donaghmore	52.99556	-6.63944	P	PPL	IE
3314328	Davidstown	52.98722	-6.62389	P	PPL	IE
3314329	Kelsha Bridge	52.98861	-6.605	P	PPL	IE
3314330	Knockandarragh	53.00306	-6.605	P	PPL	IE
3314331	Fauna	52.99583	-6.61056	L	LCTY	IE
3314333	Intack	53.02694	-6.60639	P	PPL	IE
3314335	Ballytoole	52.96306	-6.59444	P	PPL	IE
3314336	Killybeg	52.95278	-6.60167	P	PPL	IE
3314339	Ballydavis	53.04722	-7.24556	P	PPL	IE
3314341	The Great Heath of Maryborough	53.06222	-7.22778	P	PPL	IE
3314343	Ballythomas	53.05083	-7.17861	P	PPL	IE
3314344	Ballyduff	53.06167	-7.16139	P	PPL	IE
3314345	Garrymaddock	53.06889	-7.16528	P	PPL	IE
3314346	Coolbanagher	53.08361	-7.24389	P	PPL	IE
3314347	New Inn Cross Roads	53.08833	-7.18861	P	PPL	IE
3314348	Rossmore Cross Roads	53.07528	-7.13972	P	PPL	IE
3314349	Kennel Cross Roads	53.10222	-7.22139	P	PPL	IE
3314350	Carn Bridge	53.10694	-7.24	P	PPLL	IE
3314354	Kilbride	53.135	-7.22028	P	PPL	IE
3314355	Ballycrossal	53.12194	-7.23361	P	PPL	IE
3314359	Sallyford Cross Roads	53.09222	-7.09222	P	PPL	IE
3314362	Huntington	53.12778	-7.16806	P	PPL	IE
3314363	Tirhogar Cross Roads	53.13583	-7.17667	P	PPL	IE
3314364	Killenard	53.13306	-7.14861	P	PPL	IE
3314365	Glenmalir	53.11417	-7.14333	P	PPLL	IE
3314366	Jamestown	53.11833	-7.11444	P	PPL	IE
3314368	Rosnamullane	53.06417	-7.11306	P	PPL	IE
3314369	Raheenaniska	53.05083	-7.12528	P	PPL	IE
3314371	Courtwood Bridge	53.08361	-7.07917	P	PPLL	IE
3314372	Dunrally Bridge	53.06306	-7.05722	P	PPLL	IE
3314374	Belan	53.10028	-7.07417	P	PPL	IE
3314376	Boherbaun Lower	53.06611	-6.99806	P	PPL	IE
3314377	Cloney	53.06444	-7.04833	P	PPL	IE
3314378	Loughabor	53.05333	-6.9375	P	PPL	IE
3314379	Rathconnellwood	53.06361	-6.96083	P	PPL	IE
3314380	Cloneybeg	53.06722	-6.98694	P	PPL	IE
3314384	Mylerstown Cross Roads	53.08361	-6.94583	P	PPL	IE
3314386	Richardstown	53.09333	-7.01889	P	PPL	IE
3314388	Kildangan	53.10557	-7.0122	P	PPL	IE
3314389	Duneany Cross Roads	53.11139	-6.98056	P	PPL	IE
3314391	Oghill Bridge	53.12167	-7.00889	P	PPL	IE
3314392	Stramillian	53.11861	-7.04472	P	PPL	IE
3314393	Portmurraghan Island	53.12417	-7.07333	T	ISL	IE
3314394	Lughil	53.11028	-7.06167	P	PPL	IE
3314395	Clonegath Cross Roads	53.12028	-7.04333	P	PPL	IE
3314399	Clogheen	53.13417	-7.09417	P	PPL	IE
3314400	Kingsbog	53.12806	-6.9475	P	PPL	IE
3314401	Graigue	53.10667	-6.94611	P	PPL	IE
3314402	Grange Beg	53.1375	-6.98028	P	PPL	IE
3314405	Maddenstown South	53.10889	-6.91222	P	PPL	IE
3314406	Splithill Cross Roads	53.09667	-6.91806	P	PPL	IE
3314408	Boley Cross Roads	53.06389	-6.92056	P	PPL	IE
3314409	Kilboggan Cross Roads	53.07944	-6.90083	P	PPL	IE
3314411	Kilrush	53.05917	-6.86778	P	PPL	IE
3314413	Ballynagussaun	53.05306	-6.86361	P	PPL	IE
3314416	Suncroft	53.104	-6.86126	P	PPL	IE
3314417	Crockaun	53.09639	-6.83417	P	PPL	IE
3314418	Martinstown Cross Roads	53.10417	-6.83167	P	PPL	IE
3314419	Brownstown Cross Roads	53.13815	-6.84024	P	PPL	IE
3314422	Davidstown	53.07472	-6.83361	P	PPL	IE
3314423	Newpark	53.11	-6.81222	P	PPL	IE
3314425	Bullhill	53.06778	-6.82556	P	PPLL	IE
3314426	Lipstown	53.05056	-6.80861	P	PPL	IE
3314427	Ballymount	53.05906	-6.77427	P	PPL	IE
3314428	Ballybarney	53.05944	-6.82444	P	PPL	IE
3314434	Kilgowan	53.06056	-6.7675	P	PPL	IE
3314435	Milltown	53.05472	-6.71972	P	PPL	IE
3314436	Logatrina	53.06528	-6.71361	P	PPL	IE
3314437	Thornton	53.07556	-6.735	P	PPL	IE
3314440	Kilgowan	53.0825	-6.76889	P	PPLL	IE
3314444	Boleybeg Cross Roads	53.10778	-6.65139	P	PPL	IE
3314446	Brannockstown	53.12139	-6.68972	P	PPL	IE
3314448	Brewel	53.05167	-6.75	P	PPL	IE
3314453	Cross Keys	53.04889	-6.71639	P	PPL	IE
3314459	Tober Cross Roads	53.07556	-6.67389	P	PPL	IE
3314460	Crehelp	53.06556	-6.65139	P	PPL	IE
3314461	Athgreany	53.07111	-6.63056	P	PPL	IE
3314462	Lemonstown Cross Roads	53.08361	-6.63528	P	PPL	IE
3314463	Church Mountain	53.05334	-6.58697	T	MT	IE
3314464	Kilbaylet	53.04194	-6.61056	P	PPL	IE
3314465	Woodenboley	53.05778	-6.6025	P	PPL	IE
3314467	Slievecorragh	53.07939	-6.58612	T	MT	IE
3314470	Bishopland Ballymore Road	53.12639	-6.61556	P	PPL	IE
3314471	Kilnahown Bridge	53.14472	-7.23861	P	PPLL	IE
3314473	Ballymorris	53.14222	-7.22222	P	PPL	IE
3314474	Annamoe	53.1525	-7.255	P	PPL	IE
3314477	Wheelahans Bridge	53.14806	-7.11	P	PPLL	IE
3314478	Bergins Bridge	53.15028	-7.13	P	PPLL	IE
3314479	Baylough Bridge	53.15861	-7.09694	P	PPLL	IE
3314480	Inchacooly	53.16528	-7.09778	P	PPL	IE
3314483	McCartney’s Bridge	53.1625	-7.05972	P	PPL	IE
3314484	Clondoolusk	53.16611	-7.14056	P	PPL	IE
3314485	Kilcappagh	53.18556	-7.24694	P	PPL	IE
3314486	Derryounce	53.18306	-7.19944	P	PPL	IE
3314487	Derryvilla	53.17806	-7.18028	P	PPL	IE
3314490	New Row	53.22139	-7.21944	P	PPL	IE
3314494	Nahana	53.22472	-7.11944	P	PPL	IE
3314497	Wilson’s Bridge	53.20306	-7.02556	P	PPLL	IE
3314499	Clogheen	53.18083	-7.07333	P	PPL	IE
3314502	O’Neill’s Cross Roads	53.18389	-6.98444	P	PPL	IE
3314503	Thomastown Cross Roads	53.1975	-6.95306	P	PPL	IE
3314505	Tullylost Cross Roads	53.20639	-7.00083	P	PPL	IE
3314506	Springfield	53.19833	-7.00333	P	PPL	IE
3314507	Quinsborough	53.16694	-7.05944	P	PPL	IE
3314508	Ballykelly Cross Roads	53.16278	-7.04028	P	PPL	IE
3314509	Spencer Bridge	53.21722	-7.00222	P	PPLL	IE
3314511	Kilmoney South	53.21194	-6.94861	P	PPL	IE
3314513	Red Hills	53.18	-6.95778	P	PPLL	IE
3314516	Newtown Cross Roads	53.145	-6.92056	P	PPL	IE
3314517	Rahilla Glebe	53.18083	-6.945	P	PPL	IE
3314518	Lackagh	53.1625	-7.01	P	PPL	IE
3314520	Rathbride Cross Roads	53.18111	-6.88722	P	PPL	IE
3314524	Gallaher’s Cross Roads	53.17667	-6.91778	P	PPL	IE
3314527	Erindale	53.19333	-6.90528	P	PPL	IE
3314528	Curragh View	53.15917	-6.88444	P	PPL	IE
3314531	Bull Ring Cross Roads	53.21667	-6.90278	P	PPL	IE
3314532	Washington	53.21167	-6.92333	P	PPL	IE
3314536	Curragh Camp	53.14722	-6.83639	P	PPL	IE
3314540	Tankardsgarden	53.21083	-6.81583	P	PPL	IE
3314542	Milltown	53.20333	-6.86306	P	PPL	IE
3314547	Rosetown	53.15722	-6.76694	P	PPL	IE
3314548	Greenhills	53.14417	-6.75611	L	LCTY	IE
3314550	Connellmore	53.17167	-6.7725	P	PPL	IE
3314552	Walterstown	53.16	-6.72556	P	PPL	IE
3314556	Mylerstown Cross Roads	53.17333	-6.68944	P	PPL	IE
3314557	Newland	53.17889	-6.71167	P	PPL	IE
3314558	Mooney’s Bridge	53.17611	-6.74389	L	LCTY	IE
3314559	Clownings	53.1825	-6.7525	P	PPL	IE
3314562	Connaught Bridge	53.20056	-6.70861	P	PPLL	IE
3314564	Newhall Cross Roads	53.21333	-6.70861	P	PPL	IE
3314566	Morristown Lattin	53.22111	-6.75083	P	PPLL	IE
3314567	Victoria Bridge	53.22056	-6.74306	P	PPLL	IE
3314568	Limerick Bridge	53.21528	-6.70444	P	PPL	IE
3314569	Morristown Upper	53.20389	-6.77861	P	PPL	IE
3314572	Harristown	53.14361	-6.67306	P	PPL	IE
3314573	Stonebrook	53.1375	-6.64694	P	PPL	IE
3314574	Mullaboden	53.14361	-6.63472	P	PPL	IE
3314579	Tipperkevin	53.17376	-6.60265	P	PPL	IE
3314582	Dunshane	53.15389	-6.69611	P	PPL	IE
3314584	Sillagh	53.16667	-6.63722	P	PPL	IE
3314585	Gowran Grange	53.18056	-6.65056	P	PPL	IE
3314586	Watch House Cross Roads	53.18639	-6.64444	P	PPL	IE
3314587	Newtown	53.17688	-6.58789	P	PPL	IE
3314588	Glenmore	53.15988	-6.57814	P	PPL	IE
3314589	Punchestown	53.18667	-6.63611	P	PPL	IE
3314592	Oakfield	53.20972	-6.645	P	PPL	IE
3314594	Gallows Glen	53.22278	-6.64444	P	PPLL	IE
3314600	Walshisland	53.23136	-7.22223	P	PPL	IE
3314601	Ballynakill	53.25528	-7.25694	P	PPL	IE
3314602	Ballaghassaan	53.26167	-7.19444	P	PPL	IE
3314603	Brackagh	53.26528	-7.215	P	PPL	IE
3314604	Derrylesk	53.27111	-7.24528	P	PPL	IE
3314606	Derryrobinson	53.27639	-7.18556	P	PPL	IE
3314608	Woodenbridge	53.2775	-7.1425	P	PPL	IE
3314609	Clonarrow	53.28528	-7.25694	P	PPL	IE
3314611	Killoneen	53.29972	-7.255	P	PPL	IE
3314613	Rathvilla	53.29667	-7.14611	P	PPL	IE
3314614	Cloncreen	53.27	-7.1225	P	PPL	IE
3314621	Clonroosk	53.25	-7.06806	P	PPL	IE
3314622	Clonbrown	53.25427	-7.03655	P	PPL	IE
3314625	Kilcumber Bridge	53.29	-7.08667	P	PPLL	IE
3314627	Rathlumber	53.30778	-7.16028	P	PPL	IE
3314629	Ballyhugh	53.30972	-7.23444	P	PPL	IE
3314633	Ballykilleen Cross Roads	53.31436	-7.10358	P	PPL	IE
3314635	Ballykilleen	53.29778	-7.09222	P	PPL	IE
3314636	Shean	53.30889	-7.07528	P	PPL	IE
3314637	Shane Valley	53.30222	-7.06583	P	PPLL	IE
3314638	Codd	53.30528	-7.04111	P	PPL	IE
3314639	Cushaling	53.29159	-7.03092	P	PPL	IE
3314640	Cushaling Bridge	53.28056	-7.02611	P	PPLL	IE
3314642	Derrygarran Bridge	53.23456	-7.07323	P	PPLL	IE
3314643	Kilnabooley	53.23333	-7.04889	P	PPL	IE
3314644	Cooleland Cross Roads	53.23667	-7.04806	P	PPLL	IE
3314645	Woodlands	53.23417	-7.03083	P	PPL	IE
3314646	Newtown	53.23278	-6.99833	P	PPL	IE
3314648	Killinthomas	53.25861	-7.01472	P	PPL	IE
3314650	Shanavoola	53.27917	-6.99556	P	PPL	IE
3314651	Lullybeg	53.26472	-6.96889	P	PPL	IE
3314652	Agar Bridge	53.24222	-6.94972	P	PPLL	IE
3314654	Cloncurry	53.23694	-6.94889	P	PPL	IE
3314655	Cappanargid	53.24917	-6.95389	P	PPL	IE
3314657	Drumsru	53.26	-6.93389	P	PPL	IE
3314658	Cloncumber	53.25417	-6.90056	P	PPL	IE
3314659	Huband Bridge	53.26556	-6.86361	P	PPLL	IE
3314660	Derrymullen	53.27861	-6.89056	P	PPL	IE
3314661	Shee Bridge	53.28417	-6.88083	P	PPLL	IE
3314662	Ford Bridge	53.27556	-6.85944	P	PPLL	IE
3314665	Bostoncommon	53.23306	-6.95194	P	PPL	IE
3314666	Pluckerstown Bridge	53.235	-6.88306	P	PPLL	IE
3314667	Allen	53.2415	-6.8579	P	PPL	IE
3314668	Dunbyrne	53.2275	-6.85806	P	PPL	IE
3314669	Littletown	53.27	-6.84833	P	PPL	IE
3314670	Russellstown	53.23778	-6.83861	P	PPL	IE
3314671	Rathernan	53.24083	-6.81889	P	PPL	IE
3314672	Clongorey	53.22611	-6.80889	P	PPL	IE
3314673	Coolaght	53.25083	-6.81806	P	PPL	IE
3314675	Allenwood Cross Roads	53.28392	-6.86161	P	PPL	IE
3314676	Brockagh	53.28829	-6.82697	P	PPL	IE
3314677	Newtowndonore	53.2575	-6.79667	P	PPL	IE
3314678	Oldtowndonore	53.24861	-6.78083	P	PPL	IE
3314679	Derreens	53.23058	-6.76343	P	PPL	IE
3314680	Mondella Park	53.26	-6.75861	L	PRK	IE
3314682	Bonvoge Bridge	53.27361	-6.78306	P	PPLL	IE
3314683	Goatstown	53.27389	-6.76139	P	PPL	IE
3314685	The Hutters Cross Roads	53.28528	-6.75	P	PPL	IE
3314686	Scrawtown	53.29806	-6.74722	P	PPL	IE
3314688	Belaghstown Cross Roads	53.31167	-6.72028	P	PPL	IE
3314689	Coolearagh	53.29917	-6.845	P	PPL	IE
3314692	Hamilton’s Bridge	53.30056	-6.92528	P	PPL	IE
3314695	Derrybrennan	53.29639	-6.9439	P	PPL	IE
3314698	Ticknevin Bridge	53.31861	-6.95917	P	PPLL	IE
3314701	Hodgestown	53.32222	-6.81861	P	PPL	IE
3314702	Mainham	53.31417	-6.71944	P	PPL	IE
3314703	Digby Bridge	53.26167	-6.7075	P	PPLL	IE
3314707	Firmount Cross Roads	53.28972	-6.71694	P	PPLL	IE
3314708	Millicent Cross Roads	53.27889	-6.6975	P	PPL	IE
3314709	Alexandra Bridge	53.2875	-6.68222	P	PPLL	IE
3314713	Carragh Bridge	53.23139	-6.7225	P	PPLL	IE
3314717	Sherlockstown	53.26167	-6.65167	P	PPL	IE
3314719	Maryfield	53.23972	-6.65611	P	PPL	IE
3314720	Roseborough	53.23667	-6.6575	P	PPL	IE
3314722	Devonshire Bridge	53.26639	-6.62111	P	PPLL	IE
3314724	Kill	53.25139	-6.59167	P	PPL	IE
3314725	Kilwarden	53.25111	-6.56806	P	PPL	IE
3314726	Ponsonby Bridge	53.28278	-6.59806	P	PPLL	IE
3314730	Baronrath	53.28333	-6.60111	P	PPL	IE
3314731	Bodenstown	53.2675	-6.67167	P	PPL	IE
3314733	Whitechurch	53.29972	-6.61944	P	PPL	IE
3314736	Henry Bridge	53.29694	-6.58694	P	PPLL	IE
3314737	Coole	53.32972	-7.25361	P	PPL	IE
3314738	Toberdaly Bridge	53.33139	-7.21361	P	PPLL	IE
3314739	Rhode Bridge	53.33556	-7.20028	P	PPLL	IE
3314740	Barrysbrook	53.34417	-7.24778	P	PPL	IE
3314741	Togher	53.33861	-7.2425	P	PPL	IE
3314743	Rathcobican	53.3425	-7.19861	P	PPL	IE
3314744	Killure	53.34889	-7.21556	P	PPL	IE
3314745	Lough Nashade	53.35917	-7.24	H	LK	IE
3314747	Coolcor	53.3675	-7.21389	P	PPL	IE
3314750	Clonlack	53.33172	-7.17729	P	PPL	IE
3314754	Ballyfore	53.32139	-7.11778	P	PPL	IE
3314756	Ballybrittan	53.34156	-7.15122	P	PPL	IE
3314758	Ballybryan	53.35917	-7.14889	P	PPL	IE
3314761	Trimblestown Bridge	53.34222	-7.13306	P	PPL	IE
3314763	Rathmore Bridge	53.33472	-7.0875	L	LCTY	IE
3314764	Cartland Bridge	53.34111	-7.10556	P	PPL	IE
3314765	Ballyheashill	53.37084	-7.13689	P	PPL	IE
3314769	Garr	53.39278	-7.21056	P	PPL	IE
3314770	Killowen	53.38861	-7.16222	P	PPL	IE
3314771	Derrygawny	53.41111	-7.20111	P	PPL	IE
3314773	Stonehouse	53.40472	-7.16028	P	PPL	IE
3314774	Clonmore	53.38611	-7.12694	P	PPL	IE
3314775	Clonmore Cross Roads	53.38028	-7.10778	P	PPL	IE
3314776	Jonestown Cross Roads	53.35472	-7.05556	P	PPL	IE
3314779	Drumcooly	53.32028	-7.07222	P	PPL	IE
3314780	Cloncanon	53.3225	-7.04778	P	PPL	IE
3314781	Drumman	53.42111	-7.25111	P	PPL	IE
3314782	Baltinoran	53.42194	-7.1675	P	PPL	IE
3314787	Ballinabrackey	53.42	-7.13361	P	PPL	IE
3314789	Clongall Bridge	53.38833	-7.10917	P	PPLL	IE
3314791	Ballyboggan Bridge	53.41139	-7.04194	P	PPLL	IE
3314792	Glynn Cross Roads	53.40944	-7.04111	P	PPL	IE
3314793	Kilrainy Cross Roads	53.40972	-7.00472	P	PPL	IE
3314800	Clogharinka	53.40111	-7.01611	P	PPL	IE
3314801	Killinagh	53.39778	-7.02528	P	PPL	IE
3314802	Dufty’s Cross Roads	53.39056	-6.99917	P	PPL	IE
3314808	Kishawanny	53.35194	-7.02167	P	PPL	IE
3314809	Boyne Bridge	53.36028	-7.04583	P	PPLL	IE
3314810	Clonkeen Cross Roads	53.34861	-6.99806	P	PPL	IE
3314812	Coolayna Haggard	53.36972	-7.00167	P	PPL	IE
3314814	Calfstown	53.39	-6.95139	P	PPL	IE
3314815	Cadamstown	53.40269	-6.92268	P	PPL	IE
3314816	Ballyhagan	53.33638	-6.96615	P	PPL	IE
3314817	Windmill Cross Roads	53.33528	-6.93194	P	PPL	IE
3314821	Carbury Sweep	53.37	-6.93278	P	PPL	IE
3314822	Cappagh	53.41135	-6.75813	P	PPL	IE
3314823	Timahoe Cross Roads	53.33611	-6.84472	P	PPL	IE
3314826	Derryvarroge	53.35056	-6.81	P	PPL	IE
3314830	Mucklon	53.37028	-6.83361	P	PPL	IE
3314831	Killyon	53.3825	-6.835	P	PPL	IE
3314832	Clonagh	53.37833	-6.8175	P	PPL	IE
3314833	Gore’s Cross Roads	53.40861	-6.91139	P	PPL	IE
3314835	Dunfierth Cross Roads	53.39167	-6.83444	P	PPL	IE
3314837	Johnstown Bridge	53.40389	-6.85889	P	PPL	IE
3314839	Kilmore	53.41917	-6.89833	P	PPL	IE
3314841	Ballyearn	53.41667	-6.81028	P	PPL	IE
3314844	Nicholastown	53.41944	-6.74056	P	PPL	IE
3314847	Newtown	53.36583	-6.76778	P	PPL	IE
3314848	Ballagh Cross Roads	53.35333	-6.76028	P	PPL	IE
3314849	Tirmoghan Common	53.37389	-6.73167	P	PPL	IE
3314850	Ballybrack	53.37528	-6.71028	P	PPL	IE
3314852	Courtown Bridge	53.39694	-6.68194	P	PPL	IE
3314854	Clonsast	53.38194	-6.68194	P	PPL	IE
3314856	Staplestown	53.33167	-6.76722	P	PPL	IE
3314859	Kilmurry	53.32139	-6.73222	P	PPL	IE
3314860	Boherhole Cross Roads	53.32444	-6.69833	P	PPLL	IE
3314861	Baltracey Cross Roads	53.34778	-6.69083	P	PPL	IE
3314863	Rathcoffey	53.33556	-6.6925	P	PPL	IE
3314864	Chambers Bridge	53.39389	-6.64778	L	LCTY	IE
3314865	Laragh	53.38	-6.66417	P	PPL	IE
3314869	Jackson’s Bridge	53.38167	-6.62361	P	PPLL	IE
3314871	Barreen	53.35	-6.66861	P	PPL	IE
3314873	Kealstown	53.355	-6.64167	P	PPL	IE
3314874	Taghadoe Cross Roads	53.35139	-6.6	P	PPL	IE
3314876	Crinstown Cross Roads	53.36778	-6.62111	P	PPLL	IE
3314879	Knockpatulla	53.40833	-6.66278	P	PPL	IE
3314886	Moygaddy	53.39611	-6.59806	P	PPL	IE
3314888	Pickering Forest	53.34194	-6.58472	V	FRST	IE
3314894	Boycetown	53.4125	-6.70056	P	PPL	IE
3314895	Hortland	53.3775	-6.78611	P	PPLL	IE
3314897	Killamoat	52.91054	-6.54557	P	PPL	IE
3314898	Mullan Cross Roads	52.91241	-6.4999	P	PPL	IE
3314899	Kilcarney	52.8944	-6.51543	P	PPL	IE
3314900	Kilcarney Cross Roads	52.89778	-6.49278	P	PPL	IE
3314901	Carrig Mountain	52.93932	-6.57642	T	MT	IE
3314902	Cornan West	52.92528	-6.53778	P	PPL	IE
3314903	Slieveboy Mountain	52.92579	-6.47892	T	MT	IE
3314904	Toorboy Mountain	52.93583	-6.50528	T	MT	IE
3314905	Lybagh	52.9425	-6.48111	T	MT	IE
3314906	Blackrock	52.92361	-6.46438	T	MT	IE
3314907	Slievereagh	52.94979	-6.55059	T	MT	IE
3314909	Rathgorragh	52.93556	-6.54472	P	PPL	IE
3314910	Cranareen	52.93	-6.53	P	PPL	IE
3314913	Knockancarrigan	52.98111	-6.60111	P	PPL	IE
3314914	Seskin	52.9825	-6.56694	P	PPL	IE
3314915	Derrynamuck	52.96083	-6.56361	P	PPL	IE
3314916	Ballineddan Mountain	52.95882	-6.50886	T	MT	IE
3314917	Ballinfoyle	52.95083	-6.53083	P	PPL	IE
3314918	Camarahill	52.97083	-6.51861	T	MT	IE
3314919	Coan	52.96917	-6.54306	P	PPL	IE
3314920	Newpark	53.01444	-6.57889	P	PPL	IE
3314921	Sugarloaf	53.00806	-6.56056	T	MT	IE
3314922	Stranahely	53.00139	-6.55028	P	PPL	IE
3314923	Leoh Mountain	52.99222	-6.49583	T	MT	IE
3314924	Knickeen	52.99667	-6.5475	P	PPL	IE
3314926	Ballinagappoge Mountain	52.90245	-6.39523	T	MT	IE
3314927	Carrickashane Mountain	52.91377	-6.39813	T	MT	IE
3314928	Farbreaga	52.92127	-6.44068	L	LCTY	IE
3314929	Croaghanmoira	52.91805	-6.36642	T	MT	IE
3314931	Ballycreen	52.91368	-6.35311	L	LCTY	IE
3314932	Ballyshane	52.90051	-6.31053	L	LCTY	IE
3314933	Moneymeen	52.90904	-6.33736	L	LCTY	IE
3314934	Ballinacor Mountain	52.9179	-6.34002	T	MT	IE
3314939	Strand Bridge	52.94072	-6.32048	P	PPLL	IE
3314940	Ballyteage Wood	52.92556	-6.28139	V	FRST	IE
3314941	Ballyknockan	52.91436	-6.25849	L	LCTY	IE
3314942	Fan an Fhearainn	52.94063	-6.34818	T	MT	IE
3314945	Drumgoff Bridge	52.95417	-6.35917	P	PPLL	IE
3314947	Ballinacarrig	52.90278	-6.24444	L	LCTY	IE
3314948	Connary	52.89295	-6.21799	P	PPLL	IE
3314949	Kilnacoo	52.8949	-6.18626	P	PPLL	IE
3314950	Rockstown	52.90556	-6.20139	P	PPLL	IE
3314951	Balleese	52.92639	-6.20917	P	PPLL	IE
3314954	Kilmacrea Cross Roads	52.91087	-6.16957	P	PPL	IE
3314956	Tullytusk	52.92056	-6.18333	P	PPL	IE
3314957	Avondale Forest Park	52.90722	-6.22278	L	PRK	IE
3314958	Kilmacurragh	52.92556	-6.18	P	PPLL	IE
3314959	Cunnlamstown	52.93539	-6.17585	P	PPLL	IE
3314961	Ballyvaltron	52.90639	-6.09552	P	PPL	IE
3314963	Ballydowling	52.92139	-6.08056	P	PPL	IE
3314964	The Cedars	52.90917	-6.08194	P	PPLL	IE
3314965	Castlelimon	52.90878	-6.06213	L	LCTY	IE
3314967	Ballinacor	52.90833	-6.14111	P	PPLL	IE
3314968	Ballard	52.92021	-6.11919	P	PPLL	IE
3314969	Carrigmore	52.93929	-6.13901	P	PPLL	IE
3314970	Glasnarget	52.93889	-6.21972	P	PPLL	IE
3314974	Ballinteskin Cross Roads	52.9425	-6.075	P	PPL	IE
3314976	Blainroe	52.93806	-6.03861	P	PPL	IE
3314977	Gormanstown	52.93475	-6.07449	P	PPL	IE
3314978	The Beehive	52.94667	-6.09583	L	LCTY	IE
3314981	Ballyguile	52.95861	-6.05389	P	PPL	IE
3314982	Dunbur	52.95639	-6.01944	P	PPL	IE
3314983	Ballinaclogh	52.95944	-6.09889	P	PPL	IE
3314984	Hawkstown	52.96639	-6.0925	P	PPL	IE
3314985	Ballynabarny	52.97667	-6.11694	P	PPL	IE
3314987	Newrath Bridge	53.00111	-6.085	P	PPLL	IE
3314993	Nun’s Cross	53.01598	-6.12195	P	PPL	IE
3314995	Ballyknockan Beg	52.99	-6.12889	L	LCTY	IE
3314996	Ballylusk	52.99556	-6.15917	P	PPL	IE
3314997	Coolnakilly	52.97944	-6.13806	P	PPL	IE
3314998	Garryduff Cross Roads	52.9725	-6.20917	P	PPL	IE
3315001	Tomriland Cross Roads	53.03167	-6.2175	P	PPLL	IE
3315002	Drumdangan	52.94944	-6.1775	P	PPL	IE
3315005	Ballydowling	52.96583	-6.18583	P	PPL	IE
3315007	Barnbown	52.96306	-6.19972	P	PPL	IE
3315009	Ballycullen	53.00389	-6.20056	P	PPL	IE
3315010	Ashford	53.00833	-6.11139	P	PPL	IE
3315011	Ballardbeg	53.00722	-6.15611	P	PPL	IE
3315012	Knockaphrumpa	53.01722	-6.2	P	PPL	IE
3315013	Trooperstown	52.99694	-6.26583	P	PPL	IE
3315014	Trooperstown Hill	52.99515	-6.26418	T	MT	IE
3315015	Paddock Hill	53.02056	-6.2925	T	MT	IE
3315016	Ballard	52.99528	-6.29639	P	PPL	IE
3315017	Ballylug	52.97722	-6.27278	P	PPLL	IE
3315019	Cullentragh Mountain	52.97889	-6.33417	T	MT	IE
3315020	Ballybraid	52.97028	-6.34278	P	PPL	IE
3315021	Derrybawn Mountain	52.99826	-6.33409	T	MT	IE
3315022	Knockrath	52.96917	-6.31667	P	PPL	IE
3315024	Brockagh	53.01944	-6.32	P	PPL	IE
3315025	Bookey’s Bridge	52.99861	-6.29833	L	LCTY	IE
3315026	Carriglineen Mountain	52.95956	-6.33681	T	MT	IE
3315027	Ballinderry	52.94639	-6.27722	P	PPL	IE
3315028	Ballysheemen	52.95444	-6.26833	P	PPL	IE
3315029	Kirikee Mountain	52.9603	-6.30553	T	MT	IE
3315030	Mullacor	52.98515	-6.37395	T	MT	IE
3315031	Ballinafunshoge	52.97167	-6.3925	P	PPL	IE
3315032	Kelly’s Lough	52.955	-6.42833	H	LK	IE
3315033	Arts Lough	52.97528	-6.42833	H	LK	IE
3315034	Clocharnach	52.96773	-6.42692	T	MT	IE
3315035	Baravore	52.985	-6.41806	P	PPL	IE
3315036	Carrawaystick Mountain	52.94917	-6.41806	T	MT	IE
3315037	Lough Firrib	53.02694	-6.43889	H	LK	IE
3315038	Conavalla	53.01573	-6.4526	T	MT	IE
3315039	Three Lakes	53.02167	-6.46722	H	LKS	IE
3315040	Carrig	53.02972	-6.4875	T	MT	IE
3315043	Brockagh	53.03222	-6.36861	P	PPLL	IE
3315044	Kilcough	53.03639	-6.57972	L	LCTY	IE
3315045	Corragh	53.04194	-6.56028	P	PPL	IE
3315048	Ballyvolan	53.05222	-6.08472	P	PPL	IE
3315050	Leabeg	53.08056	-6.06722	P	PPL	IE
3315053	Ballyduff Cross Roads	53.04417	-6.16	P	PPL	IE
3315054	Knockadreet	53.03667	-6.18389	P	PPLL	IE
3315056	Knockatemple	53.05833	-6.19139	P	PPL	IE
3315058	Tomcoyle Lower	53.03611	-6.16056	P	PPL	IE
3315060	Ballinaconbeg	53.03861	-6.24639	P	PPLL	IE
3315062	Ashtown	53.07111	-6.24194	P	PPL	IE
3315063	Balliahinch	53.07333	-6.16528	P	PPL	IE
3315065	Raheen	53.04806	-6.25722	P	PPL	IE
3315066	Kilday	53.07111	-6.13194	P	PPL	IE
3315067	Knockraheen	53.07333	-6.21194	P	PPL	IE
3315077	Killadreenan	53.07389	-6.09861	P	PPL	IE
3315079	Kiltimon	53.05389	-6.10083	P	PPLL	IE
3315081	Glendarragh	53.09722	-6.17361	P	PPLL	IE
3315082	Kilpedder	53.10917	-6.10667	P	PPLL	IE
3315083	Ballygannon	53.11639	-6.06917	P	PPLL	IE
3315084	Knockroe	53.11917	-6.07	P	PPLL	IE
3315085	Ballynerrin	53.12833	-6.075	P	PPLL	IE
3315087	Cobblers Bulk	53.12472	-6.04472	T	CAPE	IE
3315089	Downshill	53.11944	-6.14861	P	PPLL	IE
3315091	Sraghmore	53.09139	-6.22694	P	PPLL	IE
3315092	Carriggower	53.10972	-6.16417	P	PPLL	IE
3315093	Vartry Reservoir	53.05722	-6.20667	H	RSV	IE
3315095	Sleamaine	53.08389	-6.25833	L	LCTY	IE
3315099	Carrigeershinnagh	53.06056	-6.28944	P	PPLL	IE
3315101	Drummin	53.03944	-6.28778	P	PPLL	IE
3315103	Lough Ouler	53.05639	-6.375	H	LK	IE
3315104	Tonelagee	53.05426	-6.38258	T	MT	IE
3315105	Barnacullian	53.07861	-6.39472	T	MT	IE
3315106	Cleevaun Lough	53.105	-6.40278	H	LK	IE
3315107	Ballinagee Bridge	53.05944	-6.45667	P	PPLL	IE
3315110	Glenbridge	53.08917	-6.45806	L	LCTY	IE
3315111	Garryknock	53.07306	-6.46111	P	PPLL	IE
3315114	Knocknaboley	53.05444	-6.56	T	MT	IE
3315116	Coonmore	53.07139	-6.56278	P	PPL	IE
3315117	Johnstown	53.08861	-6.56472	P	PPL	IE
3315119	Cloghoge	53.11167	-6.32833	P	PPL	IE
3315120	Gravale	53.1242	-6.35024	T	MT	IE
3315121	White Hall	53.12111	-6.20167	P	PPL	IE
3315122	Moanbane	53.10207	-6.45847	T	MT	IE
3315123	Lugnaskeagh	53.10667	-6.48944	P	PPL	IE
3315124	Kilmore	53.11639	-6.47444	P	PPL	IE
3315125	Black Hill	53.12197	-6.44527	T	MT	IE
3315126	Carrigacurra	53.08944	-6.51361	L	LCTY	IE
3315127	Quintagh	53.07972	-6.50111	L	LCTY	IE
3315130	Valleymount	53.10389	-6.55361	P	PPL	IE
3315131	Ballintober	53.09889	-6.57222	P	PPL	IE
3315135	Blacklion	53.14917	-6.09944	L	LCTY	IE
3315136	Redford	53.15333	-6.08083	P	PPL	IE
3315137	Kilmurry	53.14833	-6.14167	P	PPLL	IE
3315145	Ballylow	53.15389	-6.40972	P	PPLL	IE
3315146	Sorrel Hill	53.14759	-6.44306	T	MT	IE
3315150	Ballynatona	53.16333	-6.42333	P	PPLL	IE
3315151	Sroughan	53.14389	-6.5075	P	PPLL	IE
3315153	Ballysmuttan	53.17056	-6.42917	P	PPL	IE
3315156	Tonduff South	53.15722	-6.2675	T	PK	IE
3315157	Tonduff North	53.16139	-6.26333	T	PK	IE
3315160	Maulin	53.15462	-6.23084	T	MT	IE
3315161	Killough	53.16361	-6.165	P	PPL	IE
3315162	Kilmacanoge	53.16722	-6.13361	P	PPL	IE
3315164	Bahana	53.15667	-6.20417	P	PPL	IE
3315167	Ballyorney	53.17194	-6.17472	P	PPL	IE
3315168	Bushy Park	53.17722	-6.16806	L	PRK	IE
3315171	Killbride	53.18639	-6.13444	P	PPLL	IE
3315172	Newtown Vevay	53.19194	-6.13167	P	PPL	IE
3315174	Knockree	53.18064	-6.22828	T	MT	IE
3315175	Ballyreagh Wood	53.17194	-6.25472	V	FRST	IE
3315176	Ballycoyle	53.18194	-6.26861	P	PPL	IE
3315177	Aurora	53.19	-6.2875	P	PPL	IE
3315178	Barnamire	53.18472	-6.2275	P	PPL	IE
3315179	Curtlestown	53.18667	-6.21556	P	PPL	IE
3315180	Lough Bray Lower	53.18444	-6.30111	H	LK	IE
3315181	Lough Bray Upper	53.17611	-6.30333	H	LK	IE
3315183	Ballybrew	53.20333	-6.19944	P	PPL	IE
3315185	Kilmallin	53.19667	-6.17861	P	PPL	IE
3315186	Oldboleys	53.19944	-6.27778	P	PPL	IE
3315187	Glencree	53.19472	-6.30611	P	PPL	IE
3315188	Athdown	53.17417	-6.40139	P	PPLL	IE
3315190	Shankill	53.20361	-6.40083	P	PPL	IE
3315191	Cloghleagh	53.18917	-6.46139	P	PPL	IE
3315192	Ballyfolan	53.21028	-6.43194	P	PPL	IE
3315193	Dowry	53.20778	-6.45194	T	MT	IE
3315194	Hempstown	53.20222	-6.50111	P	PPL	IE
3315197	Butter Mountain	53.21722	-6.42139	T	MT	IE
3315200	Eadestown	53.20274	-6.57768	P	PPL	IE
3315205	Old Connaught	53.20833	-6.13444	P	PPL	IE
3315211	Ballycorus	53.23162	-6.17098	P	PPL	IE
3315212	Glencullen	53.22167	-6.21361	P	PPL	IE
3315215	Golden Ball	53.24	-6.22167	P	PPL	IE
3315217	Three Rock Mountain	53.24639	-6.23583	T	MT	IE
3315219	Boranaraltry	53.22111	-6.27611	L	LCTY	IE
3315220	Tibradden Mountain	53.23889	-6.28028	T	MT	IE
3315221	Cruagh Mountain	53.23472	-6.30028	T	MT	IE
3315222	Kilmashogue Mountain	53.25056	-6.26722	T	MT	IE
3315223	Killakee Mountain	53.22861	-6.30972	T	MT	IE
3315228	Cunard	53.23028	-6.34056	P	PPLL	IE
3315229	Ballymorefinn Hill	53.2275	-6.37667	T	MT	IE
3315232	Arthurstown	53.23194	-6.57333	P	PPL	IE
3315233	Porterstown	53.24611	-6.55139	P	PPL	IE
3315234	Fodeens	53.24028	-6.55194	L	LCTY	IE
3315235	Furryhill	53.22722	-6.55917	L	LCTY	IE
3315237	Farmersvale	53.26	-6.54806	L	LCTY	IE
3315239	Oughterard	53.2775	-6.56389	P	PPL	IE
3315243	Athgoe	53.28291	-6.50807	L	LCTY	IE
3315245	Badgerhill	53.2525	-6.53389	L	LCTY	IE
3315246	Saggart Hill	53.24678	-6.47767	T	MT	IE
3315247	Brittas	53.23694	-6.45222	P	PPL	IE
3315248	Redgap	53.26833	-6.47528	P	PPLL	IE
3315249	Raheen	53.24639	-6.45417	L	LCTY	IE
3315251	Knockannavea	53.25022	-6.41345	T	MT	IE
3315252	Verschoyles Hill	53.2625	-6.43611	T	MT	IE
3315253	Slievenabawnoge	53.24278	-6.38278	T	MT	IE
3315255	Fort Bridge	53.25972	-6.36889	P	PPLL	IE
3315256	Marlfield	53.27028	-6.38722	P	PPL	IE
3315257	Fern Vale	53.26389	-6.38278	L	LCTY	IE
3315258	Tassaggart	53.2875	-6.4375	L	LCTY	IE
3315259	Woodtown	53.26583	-6.31639	P	PPL	IE
3315262	Rockbrook	53.26111	-6.30028	P	PPLL	IE
3315264	Whitechurch	53.27615	-6.28221	P	PPLL	IE
3315267	Kingswood	53.30194	-6.41778	P	PPLL	IE
3315268	Belgard	53.30306	-6.39667	P	PPLL	IE
3315270	Ballymount	53.31361	-6.36389	P	PPL	IE
3315274	Moyle Park	53.32	-6.39806	L	PRK	IE
3315276	Firhouse	53.28167	-6.33917	P	PPL	IE
3315278	Sandyford	53.2747	-6.2253	P	PPL	IE
3315279	Leopardstown	53.26833	-6.19972	P	PPL	IE
3315280	Foxrock	53.26667	-6.17417	P	PPL	IE
3315281	Ballybrack	53.25387	-6.13526	P	PPL	IE
3315282	Sallynoggin	53.27917	-6.14058	P	PPL	IE
3315283	Kill of the Grange	53.27917	-6.15417	P	PPL	IE
3315284	Deansgrange	53.27838	-6.16367	P	PPL	IE
3315285	Galloping Green	53.27556	-6.19972	P	PPL	IE
3315287	Rathgar	53.31457	-6.275	P	PPL	IE
3315288	Milltown	53.32083	-6.45944	P	PPL	IE
3315289	Peamount	53.31972	-6.48028	P	PPL	IE
3315290	Riversdale	53.31722	-6.5075	P	PPL	IE
3315294	Stacumny	53.33611	-6.51528	P	PPL	IE
3315295	Ranelagh	53.32703	-6.25723	P	PPL	IE
3315297	Drumleck	53.36361	-6.08278	P	PPLL	IE
3315302	Saint Anne’s Park	53.37278	-6.18139	L	PRK	IE
3315303	Kilbarrack	53.39139	-6.14583	P	PPL	IE
3315304	Artane	53.38712	-6.2138	P	PPL	IE
3315306	Balgriffin	53.40944	-6.17417	P	PPL	IE
3315308	Belcamp	53.4077	-6.19156	P	PPL	IE
3315310	Kilmore	53.39639	-6.22806	P	PPL	IE
3315311	Beaumont	53.38721	-6.22713	P	PPL	IE
3315312	Drumcondra	53.37058	-6.25298	P	PPL	IE
3315313	Woodlands	53.41083	-6.21583	P	PPL	IE
3315315	Ballymun	53.39807	-6.26693	P	PPL	IE
3315316	Williamsville	53.41278	-6.30528	P	PPL	IE
3315318	Cappoge	53.40218	-6.34355	P	PPL	IE
3315319	Cabra	53.36694	-6.29444	P	PPL	IE
3315320	Harold's Cross	53.32634	-6.27538	P	PPL	IE
3315322	Walkinstown	53.32964	-6.33963	P	PPL	IE
3315323	Ashtown	53.37528	-6.33056	P	PPL	IE
3315326	Abbotstown	53.34533	-6.23614	P	PPL	IE
3315327	Ballycorden	53.40972	-6.36806	P	PPL	IE
3315331	Phibblestown	53.40056	-6.43444	P	PPL	IE
3315332	Hartstown	53.39306	-6.42694	P	PPL	IE
3315334	Mulhuddart	53.40361	-6.40111	P	PPL	IE
3315335	Annfield	53.37444	-6.40556	P	PPL	IE
3315337	Whitestown	53.39861	-6.40056	P	PPL	IE
3315339	Luttrellstown	53.37389	-6.43222	P	PPL	IE
3315341	Summerton	53.36639	-6.4075	P	PPL	IE
3315345	Esker	53.35056	-6.43806	P	PPL	IE
3315360	Summerseat	53.40722	-6.44722	P	PPL	IE
3315363	Milestown	53.40389	-6.5025	P	PPL	IE
3315367	Rathleek	53.39361	-6.51333	P	PPL	IE
3315373	Kilwoghan	53.35611	-6.55444	P	PPL	IE
3315374	Pike Bridge	53.37806	-6.55917	L	LCTY	IE
3315376	Killadoon	53.32444	-6.56333	P	PPL	IE
3315377	Donagheumper	53.34472	-6.52778	P	PPL	IE
3315378	Ballyfermot	53.34283	-6.3548	P	PPL	IE
3315410	The Giants Cut	53.00194	-6.33139	V	FRST	IE
3315411	Glendalough Upper Lake	53.00498	-6.35926	H	LK	IE
3315412	Lower Lake	53.00847	-6.33568	H	LK	IE
3315413	Stump of the Castle	52.94861	-6.22778	L	LCTY	IE
3315415	Lockstown Lower	53.08194	-6.53917	P	PPL	IE
3315416	Lockstown Upper	53.06667	-6.53278	P	PPLL	IE
3315420	Derry	53.02028	-7.25	P	PPLL	IE
3315421	Dysart	53.02111	-7.23222	P	PPLL	IE
3315422	Carrig	53.15167	-6.51806	P	PPLL	IE
3315423	Lugnagun Great	53.15	-6.47556	P	PPLL	IE
3315425	Cloon	53.19	-6.24583	P	PPLL	IE
3315426	Crone	53.16472	-6.21722	P	PPLL	IE
3315427	Calary Upper	53.12667	-6.16444	P	PPLL	IE
3315428	Calary Lower	53.13861	-6.14472	P	PPLL	IE
3315430	Oldbawn	53.27556	-6.3675	P	PPL	IE
3315431	Slade	53.26667	-6.44667	P	PPLL	IE
3315432	Fox and Geese	53.32361	-6.35583	P	PPL	IE
3315434	Easton	53.36889	-6.50944	P	PPLL	IE
3315435	Reeves	53.31278	-6.55778	P	PPLL	IE
3315437	Dysart	53.38917	-6.80611	P	PPLL	IE
3315439	Derries	53.31139	-7.01806	P	PPLL	IE
3315440	Lough	53.12417	-7.19583	P	PPLL	IE
3315441	Rosahane Bridge	52.89508	-6.38944	L	LCTY	IE
3315442	Ballyteige	52.89708	-6.41687	L	LCTY	IE
3315454	Avery Island	53.30389	-9.89194	T	ISL	IE
3315455	Lough Nageeron	53.32028	-9.87278	H	LK	IE
3315456	Bunnacliffa Lough	53.32889	-9.88389	H	LK	IE
3315457	Moyrus	53.34	-9.86972	P	PPL	IE
3315458	Dooveher	53.33222	-9.88611	P	PPLL	IE
3315459	Inishbigger	53.3475	-9.89028	T	ISL	IE
3315463	Skerdmore	53.25722	-10.00528	T	ISL	IE
3315464	Freaghillaun	53.35194	-9.90389	T	ISL	IE
3315465	Inishtreh	53.36917	-9.89639	T	ISL	IE
3315466	Oghly Island	53.38611	-9.88167	T	ISL	IE
3315467	Mutton Island	53.36806	-9.97194	T	ISL	IE
3315468	Lough Nalawney	53.40917	-9.96222	H	LK	IE
3315469	Lough Nasoodery	53.42528	-9.98472	H	LK	IE
3315470	Lough Naweelaun	53.42722	-9.93417	H	LK	IE
3315471	Conga Lough	53.45694	-9.94194	H	LK	IE
3315472	Cloonagat Lough	53.45917	-9.96917	H	LK	IE
3315473	Lough Fadda	53.46333	-9.88583	H	LK	IE
3315475	Aillenacally	53.42167	-9.90556	P	PPLL	IE
3315476	Toombeola	53.43611	-9.87194	P	PPL	IE
3315478	Kosroe Lough	53.40278	-9.86778	H	LK	IE
3315479	Lough Rannaghaun	53.39861	-9.99639	H	LK	IE
3315480	Malivey	53.38806	-9.99972	P	PPLL	IE
3315481	Lough Namanawaun	53.39139	-10.00694	H	LK	IE
3315482	Maumeen Lough	53.40444	-10.0225	H	LK	IE
3315483	Barrowen Lough	53.42139	-10.0225	H	LK	IE
3315484	Endaghkeeragh Lough	53.41972	-10.01361	H	LK	IE
3315486	Callow	53.40167	-10.03194	P	PPL	IE
3315487	Inishdawros	53.40111	-10.04194	T	ISL	IE
3315488	Wherane Island	53.39528	-10.0675	T	ISL	IE
3315489	Illaunurra	53.39556	-10.12389	T	ISL	IE
3315490	Carrickacummer	53.39028	-10.12167	T	ISL	IE
3315491	Doon Hill	53.41583	-10.12	P	PPLL	IE
3315492	Aillebrack Lough	53.42278	-10.12611	H	LK	IE
3315493	Truska Lough	53.43778	-10.11361	H	LK	IE
3315494	Lough Nacorrussaun	53.43528	-10.03639	H	LK	IE
3315495	Lough Emlaghnabehy	53.44672	-10.04949	H	LK	IE
3315497	Chapel Island	53.40167	-10.20444	T	ISL	IE
3315499	Lough Beaghcauneen	53.45806	-9.98639	H	LK	IE
3315500	Derrywaking Loughs	53.475	-9.9875	H	LKS	IE
3315501	Derrylea Lough	53.48083	-9.94361	H	LK	IE
3315502	Lough Fadda	53.4425	-10.00361	H	LK	IE
3315503	Lough Agh	53.43833	-9.98861	H	LK	IE
3315504	Salt Lake	53.47833	-10.01361	H	LK	IE
3315505	Lough Usk	53.46722	-10.05833	H	LK	IE
3315506	Lough Athola	53.47389	-10.05639	H	LK	IE
3315507	Lough Nambrackkeagh	53.4975	-10.00111	H	LK	IE
3315508	Cregg Lough	53.49667	-9.93917	H	LK	IE
3315509	Ardbear Bridge	53.47306	-10.01806	L	LCTY	IE
3315512	Drinagh	53.47861	-10.05972	P	PPL	IE
3315513	Curhownagh	53.47139	-10.07667	P	PPLL	IE
3315514	Errislannan	53.48472	-10.08583	P	PPL	IE
3315516	Gortrummagh	53.49556	-10.06556	P	PPLL	IE
3315517	Belleek	53.49833	-10.0925	P	PPLL	IE
3315518	Derreen	53.50361	-10.06389	P	PPLL	IE
3315519	Glenbrickeen Lough	53.51083	-10.015	H	LK	IE
3315520	Shanakeever Lough	53.50444	-10.00528	H	LK	IE
3315521	Lough Tanny	53.52833	-10.03833	H	LK	IE
3315522	Boolard Island	53.51056	-10.06639	T	ISL	IE
3315523	Kill	53.51	-10.09472	P	PPL	IE
3315527	Leagaun	53.52528	-10.12472	P	PPLL	IE
3315528	Carricklahan East	53.49306	-10.14056	T	ISL	IE
3315530	Hog Island	53.51917	-10.13639	T	ISL	IE
3315531	Croaghat Lough	53.47139	-9.92917	H	LK	IE
3315532	Loughanillaun	53.46917	-9.91361	H	LK	IE
3315533	Island Lough	53.47528	-9.93194	H	LK	IE
3315534	Emlaghdauroe	53.47639	-9.89917	P	PPLL	IE
3315535	Lough Auna	53.51083	-9.98333	H	LK	IE
3315536	Lough Nahillion	53.515	-9.92083	H	LK	IE
3315537	Lough Naguroge	53.52472	-9.96556	H	LK	IE
3315539	Tievebaun	53.51278	-9.90972	T	MT	IE
3315542	Lough Anillaun	53.55472	-10.09	H	LK	IE
3315543	Lough Natawny	53.56667	-10.08583	H	LK	IE
3315544	Courhoor Lough	53.54639	-10.11806	H	LK	IE
3315545	Barnahllia Lough	53.53278	-10.12111	H	LK	IE
3315546	Fahy Lough	53.53083	-10.15833	H	LK	IE
3315547	Aughrusbeg Lough	53.55472	-10.175	H	LK	IE
3315548	Lough Atalia	53.55472	-10.15472	H	LK	IE
3315549	Aughrus More	53.54667	-10.17167	P	PPL	IE
3315550	Emlagh	53.55417	-10.13444	P	PPL	IE
3315551	Carrickarone	53.54222	-10.26472	T	ISL	IE
3315553	Dog Island	53.56833	-10.16583	T	ISL	IE
3315554	Roeillaun	53.56972	-10.15806	T	ISL	IE
3315555	Shinnanagh	53.53389	-10.05278	L	LCTY	IE
3315556	Bundouglas	53.56667	-10.06972	P	PPLL	IE
3315557	Braadillaun	53.58778	-10.03972	T	ISL	IE
3315559	Garraunbaun Lough	53.54778	-10.0175	H	LK	IE
3315561	Traheen Bridge	53.54472	-9.97806	L	LCTY	IE
3315565	Keelkyle Bridge	53.55056	-9.96	L	LCTY	IE
3315566	Crockaunroe	53.55444	-10.02722	P	PPL	IE
3315567	Bencullagh	53.51872	-9.87776	T	MT	IE
3315568	Knockbrack	53.54372	-9.88792	T	MT	IE
3315571	Pollacappul Lough	53.55806	-9.87306	H	LK	IE
3315572	Tullywee Bridge	53.56139	-9.91722	P	PPLL	IE
3315573	Bunnaboghee Lough	53.55944	-9.93472	H	LK	IE
3315574	Currywongaun	53.56639	-9.92222	P	PPLL	IE
3315575	Shanaveag Bridge	53.57389	-9.93694	L	LCTY	IE
3315577	Altnagaighera	53.58157	-9.88054	T	MT	IE
3315578	Tullycross	53.58833	-9.96194	P	PPL	IE
3315579	Benchoona	53.58984	-9.86883	T	MT	IE
3315580	Letter More	53.57889	-10.01583	P	PPLL	IE
3315581	Ardnagreevagh	53.60472	-10.01028	P	PPL	IE
3315582	Shanvallybeg	53.61889	-9.98861	T	ISL	IE
3315584	Lough Bofin	53.62028	-10.22806	H	LK	IE
3315585	Gubatarraghna	53.63389	-10.2275	T	ISL	IE
3315586	Lough Fawna	53.62111	-10.21389	H	LK	IE
3315587	Port Island	53.60972	-10.21306	T	ISL	IE
3315595	Bunnashirra	53.71278	-10.12028	T	CAPE	IE
3315596	Gubagarlieve	53.71028	-10.08222	T	CAPE	IE
3315598	Govern Island	53.655	-9.93889	T	ISL	IE
3315602	Killeen	53.71306	-9.88361	P	PPL	IE
3315603	Cloonlaur	53.71611	-9.89028	P	PPLL	IE
3315604	Aillemore	53.70833	-9.87083	P	PPL	IE
3315608	Cross Lough	53.70889	-9.90528	H	LK	IE
3315609	Lough Cahasy	53.73889	-9.88694	H	LK	IE
3315610	Lough Doo	53.75472	-9.89028	H	LK	IE
3315611	Lough Baun	53.74972	-9.89139	H	LK	IE
3315614	Alnamarnagh	53.81722	-9.99667	T	CAPE	IE
3315617	Ballytoohy	53.815	-9.97778	P	PPLL	IE
3315620	Maum	53.81139	-9.96889	P	PPLL	IE
3315621	Capnagower	53.80833	-9.95389	P	PPLL	IE
3315623	Portnakilly	53.79333	-9.98806	P	PPL	IE
3315624	Craigmore	53.79222	-10.00583	P	PPLL	IE
3315626	Gubacarrigan	53.86222	-9.88139	T	CAPE	IE
3315628	Ard Loughs	53.87806	-9.87111	H	LKS	IE
3315629	Lough Cullydoo	53.90583	-9.86167	H	LK	IE
3315630	Inishoo	53.855	-9.67111	T	ISL	IE
3315631	Inishgowla	53.85556	-9.65611	T	ISL	IE
3315632	Inishlaughil	53.86039	-9.63189	T	ISL	IE
3315633	Inishturk	53.85672	-9.61017	T	ISL	IE
3315634	Inishnakillew	53.85012	-9.61637	T	ISL	IE
3315635	Killeennabausty	53.88556	-9.98333	L	LCTY	IE
3315636	Glassillaun	53.88583	-9.92056	P	PPL	IE
3315637	Mweewillin	53.89389	-9.92	P	PPL	IE
3315638	Loughaun	53.90972	-9.89333	H	LK	IE
3315639	Knockmore	53.92748	-9.99503	T	MT	IE
3315640	Belfarsad	53.91889	-9.90639	L	LCTY	IE
3315641	Sraheens	53.91778	-9.95139	P	PPL	IE
3315642	Achill Sound	53.92778	-9.93917	P	PPL	IE
3315645	Sraheens Lough	53.93306	-9.95583	H	LK	IE
3315649	Mweelin	53.94194	-10.02389	P	PPLL	IE
3315650	Mweelin Lough	53.94222	-10.00139	H	LK	IE
3315651	Dookinelly	53.96333	-10.04722	P	PPLL	IE
3315653	Srahillbeg Lough	53.97275	-10.04764	H	LK	IE
3315654	Glennanaff	53.93694	-10.05472	T	CAPE	IE
3315656	Lough Nancaneen	53.97441	-9.98864	H	LK	IE
3315657	Pollagh	53.97268	-10.10494	P	PPL	IE
3315658	Carrickmore	53.96139	-10.15583	T	ISL	IE
3315661	Lough Acorrymore	53.98194	-10.16984	H	LK	IE
3315664	Little Saddle Head	53.97637	-10.24343	T	CAPE	IE
3315666	Carrickakin	53.97083	-10.27278	T	ISL	IE
3315671	Loughs Nakeeroge	54.00512	-10.16828	H	LKS	IE
3315674	Bellanasally	53.98803	-10.04043	P	PPL	IE
3315676	Lough Narnbrack	54.0127	-9.97793	H	LK	IE
3315677	Lough Gall	54.00839	-9.96811	H	LK	IE
3315678	Doo Lough	54.01776	-9.96697	H	LK	IE
3315679	Dooniver Lough	54.00884	-9.94874	H	LK	IE
3315680	Valley	54.00774	-9.97622	P	PPLL	IE
3315684	Roeillan	53.98136	-9.94621	T	ISL	IE
3315691	Glassillan	53.99402	-9.86884	T	ISL	IE
3315692	Illancroagh	53.96028	-9.85056	T	ISL	IE
3315693	Tanregee	53.94917	-9.86528	P	PPLL	IE
3315694	Pollranny Sweeny	53.93417	-9.88583	P	PPLL	IE
3315696	Glennanean Bridge	53.92222	-9.81528	L	LCTY	IE
3315697	Lough Gall	53.91889	-9.87139	H	LK	IE
3315698	Lough Gall	53.93417	-9.82111	H	LK	IE
3315699	Claggan	53.97139	-9.84056	P	PPL	IE
3315700	Bleanmore Island	53.95694	-9.80417	T	ISL	IE
3315701	Kildun	53.99078	-9.83832	P	PPLL	IE
3315702	Castlehill	53.99517	-9.82267	P	PPL	IE
3315703	Bellagarvaun	53.99778	-9.77917	P	PPL	IE
3315704	Lough Anaffrin	53.95083	-9.72472	H	LK	IE
3315705	Glennamaddoo Lough	53.93361	-9.75611	H	LK	IE
3315706	Dooghill	53.92167	-9.79167	P	PPLL	IE
3315707	Tooreen	53.90333	-9.75917	P	PPLL	IE
3315711	Resmurrevagh	53.89167	-9.73694	T	ISL	IE
3315712	Inishgowla	53.88972	-9.69583	T	ISL	IE
3315713	Corranabinna Lough	53.96889	-9.68222	H	LK	IE
3315714	Corryloughaphuill Lough	53.97833	-9.67306	H	LK	IE
3315715	Greenaun	53.95944	-9.75417	L	LCTY	IE
3315716	Glenthomas	53.94306	-9.695	L	LCTY	IE
3315717	Moynish More	53.88444	-9.72833	T	ISL	IE
3315718	Roeillaun	53.87194	-9.70889	T	ISL	IE
3315719	Inishdasky	53.88111	-9.6575	T	ISL	IE
3315720	Inishnacross	53.88139	-9.6925	T	ISL	IE
3315721	Tierna	53.90111	-9.69111	P	PPLL	IE
3315724	Glendahurk Bridge	53.91583	-9.65778	L	LCTY	IE
3315725	Muckinish	53.87944	-9.62444	T	ISL	IE
3315731	Carrowbeg Lough	53.89952	-9.63526	H	LK	IE
3315732	Lough Fadda	53.91175	-9.60228	H	LK	IE
3315733	Burrishoole Abbey	53.90004	-9.57081	P	PPLL	IE
3315734	Derrintaggart Lough	53.90468	-9.54788	H	LK	IE
3315735	Lough Ard	53.91274	-9.52393	H	LK	IE
3315736	Letterlough	53.90995	-9.49833	P	PPL	IE
3315740	Broad Lough	53.87094	-9.5325	H	LK	IE
3315741	Doogan Lough	53.88749	-9.51844	H	LK	IE
3315742	New Bridge	53.88472	-9.52889	L	LCTY	IE
3315743	Cuilmore	53.87718	-9.4965	P	PPL	IE
3315744	Gortawarla	53.85712	-9.53733	P	PPL	IE
3315746	Derryribbeen Lough	53.86132	-9.46264	H	LK	IE
3315747	Drumgoney Lough	53.8735	-9.47816	H	LK	IE
3315748	Derrynafreva Lough	53.91097	-9.45602	H	LK	IE
3315750	Letter	53.85083	-9.42528	P	PPL	IE
3315751	Ranaghy	53.86584	-9.41492	P	PPL	IE
3315752	Derrycoosh	53.85275	-9.36911	P	PPL	IE
3315753	Graffa More	53.86051	-9.35499	P	PPLL	IE
3315754	Gibson’s Lough	53.87889	-9.40379	H	LK	IE
3315755	Lough Sallagher	53.88031	-9.36197	H	LK	IE
3315756	Drumminaguncan	53.89057	-9.38443	P	PPLL	IE
3315757	Lough Ben	53.89196	-9.36665	H	LK	IE
3315758	Kilhale	53.90746	-9.38239	P	PPLL	IE
3315761	Furnace	53.9238	-9.57027	P	PPL	IE
3315764	Lough Doo	53.94431	-9.61912	H	LK	IE
3315767	Cluain Damh	53.94017	-9.44347	P	PPL	IE
3315768	Gortnaheltia	53.9469	-9.47183	P	PPL	IE
3315771	Glenlara	53.95583	-9.5025	L	LCTY	IE
3315772	Birreen	53.91606	-9.39146	T	PK	IE
3315774	Bofeenaun	53.98514	-9.32351	P	PPL	IE
3315775	Levally	53.99583	-9.32111	P	PPL	IE
3315776	Ballynagoraher	53.98637	-9.35962	P	PPL	IE
3315777	Tobernaveen	54.00986	-9.32126	P	PPL	IE
3315778	Massbrook Lower	53.98955	-9.28242	P	PPL	IE
3315779	Tawnagh	54.00897	-9.28834	P	PPL	IE
3315781	Cuilkillew	54.01539	-9.2777	P	PPL	IE
3315782	Doonaroya	54.01377	-9.40356	P	PPL	IE
3315783	Ballynafulla	54.02152	-9.39494	P	PPL	IE
3315784	Ballyknock	53.96622	-9.31424	P	PPL	IE
3315786	Largan	53.96233	-9.24994	P	PPL	IE
3315787	Terrybaun	53.99055	-9.24204	P	PPL	IE
3315788	Pontoon	53.97552	-9.21339	P	PPLL	IE
3315790	Attiappleton Lough	53.97783	-9.2303	H	LK	IE
3315791	Knockaglana Lough	53.97315	-9.23309	H	LK	IE
3315792	Greenans	53.94665	-9.26305	P	PPL	IE
3315793	Crillaun	53.94513	-9.2256	P	PPLL	IE
3315794	Bunduvowen	53.959	-9.19729	P	PPL	IE
3315795	Tawnykinaff	53.93673	-9.26611	P	PPL	IE
3315796	Lough Mallard	53.85453	-9.33916	H	LK	IE
3315797	Lough Naspleenagh	53.89303	-9.27773	H	LK	IE
3315798	Lough Rusheen	53.88822	-9.31852	H	LK	IE
3315799	Tuckers Lough	53.87474	-9.28381	H	LK	IE
3315800	Lough Fadda	53.90158	-9.24237	H	LK	IE
3315801	Kilnageer	53.86677	-9.33435	P	PPLL	IE
3315804	Ballynew	53.87418	-9.26281	P	PPL	IE
3315805	Ballinvilla	53.88	-9.26425	P	PPL	IE
3315807	Tawnylaheen	53.89331	-9.26308	P	PPL	IE
3315809	Derrynadivva	53.90097	-9.33157	P	PPL	IE
3315810	Loughanaveeny	53.90638	-9.35154	H	LK	IE
3315811	Burren	53.91348	-9.30594	P	PPL	IE
3315812	Crumlin	53.92829	-9.26939	P	PPL	IE
3315813	Lough Anaffrin	53.90768	-9.26718	H	LK	IE
3315814	Cappavicar North	53.86359	-9.21029	P	PPL	IE
3315815	Middletown	53.8543	-9.171	P	PPL	IE
3315816	Coolshinnagh	53.8595	-9.11439	P	PPL	IE
3315817	Ara North	53.85651	-9.10558	P	PPL	IE
3315818	Balloor	53.87172	-9.15763	P	PPL	IE
3315819	Doohana	53.87738	-9.12534	P	PPL	IE
3315820	Ballygommon	53.87885	-9.16835	P	PPL	IE
3315822	Gneeve	53.86111	-9.1825	P	PPL	IE
3315824	Toormore West	53.89955	-9.17826	P	PPL	IE
3315825	Park	53.90799	-9.19869	P	PPL	IE
3315826	Ballyguin	53.89896	-9.20417	P	PPL	IE
3315827	Sraheens	53.85796	-9.0937	P	PPL	IE
3315828	Treannagleragh	53.85711	-9.04843	P	PPL	IE
3315829	Boleyard	53.87361	-9.1	P	PPL	IE
3315833	Shanaghy	53.88424	-9.02429	P	PPLL	IE
3315834	Knockatemple	53.88836	-9.10035	P	PPL	IE
3315836	Carrowcastle	53.91338	-9.08988	P	PPL	IE
3315837	Ballymiles Bridge	53.91007	-9.02215	P	PPLL	IE
3315838	Trimoge Bridge	53.9126	-9.01199	P	PPLL	IE
3315841	Derryhick Lough	53.93354	-9.21113	H	LK	IE
3315842	Levallinree Lough	53.92083	-9.21101	H	LK	IE
3315843	Cloonconlan	53.91667	-9.15278	P	PPL	IE
3315844	Lack	53.91853	-9.18257	P	PPL	IE
3315845	Ballygarriff	53.92417	-9.19528	P	PPL	IE
3315846	Treanybrogaun	53.9329	-9.18595	P	PPL	IE
3315847	Fisherhill	53.94083	-9.18778	P	PPL	IE
3315848	Muckanagh	53.9475	-9.17144	P	PPL	IE
3315849	Oughtagh	53.91827	-9.0966	P	PPL	IE
3315850	Aghaward	53.93949	-9.08767	P	PPL	IE
3315853	Spaddagh	53.92722	-9.02222	P	PPL	IE
3315854	Meelick	53.9254	-9.01856	P	PPLL	IE
3315855	Tawnagh Beg	53.94577	-9.14474	P	PPL	IE
3315856	Bleanmore	53.95028	-9.13694	P	PPL	IE
3315857	Ummoon	53.94234	-9.10961	P	PPL	IE
3315860	Kilmore	53.95222	-9.1075	P	PPL	IE
3315861	Leckee	53.96111	-9.11361	P	PPL	IE
3315862	Cregnafyla	53.95598	-9.07453	P	PPL	IE
3315863	Ardhoom	53.93601	-9.03384	P	PPL	IE
3315864	Cloonmung	53.94745	-9.05679	P	PPL	IE
3315865	Rinbrack	53.95465	-9.03379	P	PPL	IE
3315866	Lough Muck	53.97305	-9.06755	H	LK	IE
3315867	Corlummin	53.97167	-9.14611	P	PPL	IE
3315870	Cullin	53.99222	-9.02972	P	PPL	IE
3315871	Silver Ford	53.98944	-9.02611	P	PPLL	IE
3315872	Rinnananny	53.99833	-9.10333	P	PPL	IE
3315873	Corlee	54.02167	-9.03111	P	PPL	IE
3315874	Roosky	54.02528	-9.07861	P	PPL	IE
3315875	Glendaduff Lough	54.02363	-9.04922	H	LK	IE
3315876	Glendaduff	54.02813	-9.05731	P	PPL	IE
3315878	Drummin Wood	53.98863	-9.15948	V	FRST	IE
3315879	Shannasmore	54.00209	-9.14906	P	PPL	IE
3315880	Tawnaghmore	54.00472	-9.18167	P	PPL	IE
3315881	Stoneparkbrogan	54.00939	-9.14312	P	PPL	IE
3315883	Illannaglashy	53.99778	-9.20472	T	ISL	IE
3315884	Newtown Cloghans	54.07	-9.2175	P	PPL	IE
3315885	Cloghans	54.05889	-9.21361	P	PPL	IE
3315886	Annaghroe Island	54.05861	-9.22694	T	ISL	IE
3315887	Brackwanshagh	54.03238	-9.22796	P	PPL	IE
3315888	Rinmore	54.03778	-9.23056	P	PPLL	IE
3315889	Derrymannin Lough	54.04389	-9.20028	H	LK	IE
3315890	Carrowkeribly Lough	54.04361	-9.12222	H	LK	IE
3315892	Ballymacredmona	54.04944	-9.17389	P	PPLL	IE
3315894	Bunnafinglas	54.02923	-9.12764	P	PPL	IE
3315895	Carrowntreila	54.08111	-9.15611	P	PPLL	IE
3315897	Tullysleva	54.09417	-9.20667	P	PPLL	IE
3315898	Garrycloonagh	54.09083	-9.23639	P	PPL	IE
3315899	Ardagh	54.09778	-9.22556	P	PPLL	IE
3315901	Knockanillaun	54.12	-9.23361	P	PPL	IE
3315902	Slievanagark	54.10611	-9.21028	P	PPLL	IE
3315903	Cooleran	54.11639	-9.20139	P	PPLL	IE
3315904	Knocksbarrett	54.11861	-9.18167	P	PPLL	IE
3315905	Raish	54.10917	-9.19333	L	LCTY	IE
3315909	Behy Bridge	54.10528	-9.09389	P	PPLL	IE
3315910	Rathkip	54.10556	-9.12111	P	PPLL	IE
3315911	Corimla	54.12222	-9.08083	P	PPLL	IE
3315914	Quignalegan	54.13139	-9.11083	P	PPLL	IE
3315915	Ardvally	54.14306	-9.11528	P	PPLL	IE
3315916	Ranns	54.09889	-9.25222	P	PPLL	IE
3315917	Cloonta	54.13056	-9.05139	P	PPLL	IE
3315918	Knockroe	54.15444	-9.12694	P	PPLL	IE
3315922	Breaghwy	54.08306	-9.09306	P	PPLL	IE
3315923	Greyfort	54.07667	-9.07833	P	PPLL	IE
3315924	Carrower	54.07028	-9.08667	P	PPLL	IE
3315926	Cartron Lough	54.06583	-9.07139	H	LK	IE
3315927	Brohly Lough	54.07583	-9.05806	H	LK	IE
3315928	Ballymore Lough	54.0575	-9.08778	H	LK	IE
3315929	Lough Doo	54.04833	-9.0975	H	LK	IE
3315930	Mullaghawny	54.06222	-9.10917	P	PPLL	IE
3315931	Ballycong Lough	54.04611	-9.10611	H	LK	IE
3315932	Attymass	54.04972	-9.08278	P	PPL	IE
3315933	Boyhollagh	54.03778	-9.06583	P	PPLL	IE
3315935	Walshestown	54.28778	-9.03778	P	PPL	IE
3315936	Rathlee	54.27639	-9.03833	P	PPL	IE
3315939	Cabragh	54.26056	-9.03444	P	PPLL	IE
3315940	Carranduff	54.25361	-9.06333	P	PPL	IE
3315942	Drinaghan	54.22722	-9.03444	P	PPL	IE
3315945	Carrowhubbuck	54.22061	-9.08376	P	PPLL	IE
3315946	Ballynamona	54.20972	-9.02694	P	PPLL	IE
3315947	Lackanatlieve	54.20361	-9.05139	P	PPLL	IE
3315948	Tullylin	54.19639	-9.02306	P	PPLL	IE
3315949	Ballymoghany	54.19222	-9.07167	P	PPLL	IE
3315952	Baunrosmore	54.19361	-9.11639	P	PPLL	IE
3315954	Killanly	54.16833	-9.12528	P	PPLL	IE
3315955	Ballymoneen	54.17944	-9.1	P	PPLL	IE
3315956	Muingwore	54.2	-9.1	P	PPLL	IE
3315957	Carraun	54.14861	-9.09194	P	PPLL	IE
3315958	Knockbrack	54.14917	-9.06833	L	LCTY	IE
3315960	Castle Island	54.06833	-9.29278	T	ISL	IE
3315961	Roe Island	54.06583	-9.28306	T	ISL	IE
3315962	Cragh Islands	54.05806	-9.27694	T	ISLS	IE
3315966	Streamstown	54.09139	-9.36306	P	PPLL	IE
3315967	Enagh Beg	54.11056	-9.36861	P	PPLL	IE
3315968	Tooreen	54.11472	-9.32389	P	PPLL	IE
3315969	Knockadangan Bridge	54.11306	-9.29056	P	PPLL	IE
3315970	Rathmore	54.12583	-9.36583	P	PPLL	IE
3315971	Castlehill	54.05167	-9.33917	P	PPL	IE
3315972	Ballyduffy	54.04167	-9.34111	P	PPLL	IE
3315973	Lahardaun	54.02951	-9.32347	P	PPL	IE
3315974	Cum	54.03667	-9.32139	P	PPLL	IE
3315977	Tristia	54.02644	-9.4168	T	MT	IE
3315978	Drumleen Lough	54.02948	-9.43581	H	LK	IE
3315979	Black Lough	54.03139	-9.43333	H	LK	IE
3315980	Lough Clevala	54.03778	-9.43583	H	LK	IE
3315981	Derryhulagh	54.03472	-9.39417	P	PPLL	IE
3315983	Srahyconigaun	54.04556	-9.39417	P	PPLL	IE
3315984	Killacorraun	54.06194	-9.4025	P	PPLL	IE
3315985	Derreen	53.99536	-9.41978	P	PPL	IE
3315986	Letterbrick	54.01028	-9.44389	P	PPL	IE
3315987	Leamadartaun	54.00522	-9.5352	P	PPL	IE
3315988	Knockaffertagh	53.98372	-9.45313	T	MT	IE
3315990	Bullaunmore	54.01715	-9.51565	T	MT	IE
3315992	Derrybrock Lough	53.97103	-9.55098	H	LK	IE
3315993	Letterask	54.02053	-9.56375	P	PPL	IE
3315997	Ballybranagh	54.08861	-9.38778	P	PPL	IE
3315999	Owenboy	54.07861	-9.43083	L	LCTY	IE
3316000	Knockbrack	54.07417	-9.40556	P	PPLL	IE
3316001	Knocknahorna	54.08722	-9.47694	P	PPLL	IE
3316002	Eskeragh Bridge	54.10917	-9.46833	P	PPLL	IE
3316003	Deel Bridge	54.07944	-9.51639	L	LCTY	IE
3316004	Corcullin	54.06972	-9.50778	P	PPLL	IE
3316006	Derrynakerriva Lough	54.06972	-9.51667	H	LK	IE
3316007	Brackloon Lough	54.10611	-9.40639	H	LK	IE
3316008	Eighter	54.04056	-9.48639	P	PPL	IE
3316009	Lough Nalaghan	54.03111	-9.55556	H	LK	IE
3316010	Bunaveela Lough	54.0229	-9.54565	H	LK	IE
3316011	Loughdathlee	54.05889	-9.55472	H	LK	IE
3316012	Lough Keeran	54.06389	-9.5625	H	LK	IE
3316013	Lough Namara	54.03306	-9.57222	H	LK	IE
3316014	Doodaun	54.05028	-9.515	P	PPLL	IE
3316015	Scardaun Lough	54.03778	-9.63944	H	LK	IE
3316016	Lough Brack	54.04806	-9.58111	H	LK	IE
3316017	Lough Nambrock	54.05333	-9.58778	H	LK	IE
3316018	Lough Nabrock	54.05889	-9.57944	H	LK	IE
3316019	Lough Gall	54.06667	-9.57583	H	LK	IE
3316020	Altnabrocky	54.08222	-9.57389	P	PPLL	IE
3316021	Lough Adanacleveen	54.06361	-9.65278	H	LK	IE
3316022	Lough Nambrackkeagh	54.08472	-9.65667	H	LK	IE
3316023	Lough Drumderg	54.07111	-9.65139	H	LK	IE
3316025	Owenduff	54.02722	-9.68444	P	PPLL	IE
3316028	Maumykelly	54.095	-9.67278	T	MT	IE
3316029	Knocklettercuss	54.11504	-9.71956	T	MT	IE
3316030	Muingnahalloona	54.10944	-9.75861	L	LCTY	IE
3316031	Srahgraddy	54.13389	-9.75222	P	PPLL	IE
3316032	Briska	54.12639	-9.70611	L	LCTY	IE
3316033	Croaghaun	54.09667	-9.76556	P	PPLL	IE
3316034	Largan	54.13778	-9.66111	P	PPLL	IE
3316036	Srahnakilly	54.1475	-9.56667	P	PPLL	IE
3316037	Ballycroy	54.02361	-9.82639	P	PPL	IE
3316038	Gortbrack South	54.02952	-9.81081	P	PPLL	IE
3316039	Dooreel	54.02149	-9.87568	P	PPL	IE
3316040	Knockmoyleen	54.0463	-9.8397	P	PPLL	IE
3316041	Inishaghod	54.00511	-9.88083	T	ISL	IE
3316043	Doona	54.04854	-9.87688	P	PPL	IE
3316046	Aughness	54.0828	-9.84154	P	PPLL	IE
3316048	Roy Lough	54.07952	-9.94916	H	LK	IE
3316049	Tullaghanduff	54.09879	-9.90165	P	PPL	IE
3316050	Srahmore	54.14632	-9.78739	P	PPL	IE
3316052	Attavally	54.15472	-9.76	P	PPLL	IE
3316054	Cloontakilla	54.16194	-9.74944	P	PPLL	IE
3316056	Srahataggle South	54.16725	-9.83395	P	PPLL	IE
3316057	Tristia	54.13345	-9.84392	P	PPLL	IE
3316058	Lough Nahelly	54.16193	-9.91965	H	LK	IE
3316061	Gortmore	54.17429	-9.79278	P	PPLL	IE
3316062	Ederglen	54.18521	-9.83119	P	PPLL	IE
3316063	Derreens	54.20342	-9.81991	P	PPLL	IE
3316064	Pollagarraun	54.20774	-9.85961	P	PPLL	IE
3316065	Derrynameel	54.20909	-9.89531	P	PPL	IE
3316066	Na Monga	54.20742	-9.8709	P	PPL	IE
3316067	Barnatra	54.22158	-9.84327	P	PPL	IE
3316068	Faulagh	54.22432	-9.81687	P	PPLL	IE
3316070	Derrycorrib	54.20571	-9.92824	P	PPLL	IE
3316074	Derreens Island	54.2027	-9.79865	T	ISL	IE
3316082	Tallagh	54.23889	-9.99861	P	PPLL	IE
3316083	Moyrahan	54.23189	-9.95479	P	PPLL	IE
3316084	Ardmore Lough	54.19611	-10.02111	H	LK	IE
3316088	Drumreagh	54.18902	-10.05959	P	PPLL	IE
3316089	Leam Lough	54.17325	-10.07337	H	LK	IE
3316092	Tiraun Point	54.14579	-10.11798	T	CAPE	IE
3316096	Leamareha Island	54.08845	-10.12823	T	ISL	IE
3316106	Porteenbeg	54.11556	-10.20917	L	LCTY	IE
3316108	Carrickmoylenacurhoga	54.16	-10.18753	T	ISL	IE
3316109	Annagh	54.23751	-10.08805	L	LCTY	IE
3316111	Termoncarragh Lake	54.24532	-10.05278	H	LK	IE
3316112	Clooneen	54.26449	-10.01104	P	PPLL	IE
3316113	Aghadoon	54.27177	-10.0316	P	PPLL	IE
3316114	Glenlara	54.28528	-9.99327	P	PPLL	IE
3316116	Illanleamnahelty	54.27738	-10.0708	T	ISL	IE
3316117	Carrickhesk	54.28937	-10.05668	T	ISL	IE
3316123	Knocknalina	54.25028	-9.90139	P	PPL	IE
3316124	Knockshanbo	54.25165	-9.92456	P	PPLL	IE
3316125	Graghil	54.26774	-9.86237	P	PPLL	IE
3316128	Gortbrack North	54.25345	-9.84917	P	PPLL	IE
3316130	Muingerroon Bridge	54.22024	-9.80335	P	PPLL	IE
3316131	Pollatomish	54.26203	-9.79662	P	PPL	IE
3316133	Rosdoagh	54.27625	-9.79087	P	PPLL	IE
3316135	Muingingaun	54.21472	-9.72194	P	PPLL	IE
3316136	Lough Namackan	54.18917	-9.75528	H	LK	IE
3316137	Glencullin Lower	54.18083	-9.72972	P	PPLL	IE
3316139	Glencullin Upper	54.16889	-9.67306	P	PPLL	IE
3316140	Lough Boleynagee	54.15972	-9.68917	H	LK	IE
3316141	Sheskin	54.185	-9.59306	P	PPLL	IE
3316142	Lough Naguroge	54.20417	-9.66444	H	LK	IE
3316143	Barroosky	54.20778	-9.62194	P	PPLL	IE
3316145	Lough Morenateoran	54.22028	-9.56778	H	LK	IE
3316146	Inagh	54.23917	-9.51556	L	LCTY	IE
3316147	Cluddaun	54.20667	-9.50722	P	PPLL	IE
3316149	Rathavisteen	54.26639	-9.54389	L	LCTY	IE
3316150	Gortleatilla	54.25139	-9.62694	P	PPLL	IE
3316151	Baralty	54.26333	-9.65306	P	PPLL	IE
3316152	Annie Brady Bridge	54.27056	-9.72472	P	PPLL	IE
3316153	Sranataggle	54.29611	-9.6875	P	PPLL	IE
3316154	Curraunboy	54.3005	-9.78599	P	PPLL	IE
3316157	Carrowteige	54.31355	-9.81403	P	PPLL	IE
3316158	Kilgalligan	54.31304	-9.84437	P	PPLL	IE
3316164	Cregganbeg	54.28806	-9.58361	L	LCTY	IE
3316165	Tawnynaboll	54.285	-9.60028	L	LCTY	IE
3316166	Lough Nafaran	54.14167	-9.53806	H	LK	IE
3316167	Swans Lough	54.135	-9.50944	H	LK	IE
3316168	Lough Nacrom	54.13278	-9.49556	H	LK	IE
3316169	Lough Boy	54.16167	-9.49111	H	LK	IE
3316170	Doobehy Lough	54.17	-9.45972	H	LK	IE
3316171	Eskeragh	54.1125	-9.45556	P	PPLL	IE
3316172	Formoyle	54.13806	-9.45639	P	PPLL	IE
3316173	Doobehy	54.15667	-9.44194	P	PPL	IE
3316174	Gortnahurra	54.13444	-9.40444	P	PPLL	IE
3316176	Cloonvoragh	54.11778	-9.40833	P	PPLL	IE
3316177	Knockananny	54.16556	-9.39028	P	PPLL	IE
3316179	Lough Cuagh	54.15667	-9.39417	H	LK	IE
3316181	Rathnamagh	54.13611	-9.32611	P	PPLL	IE
3316182	Ballyglass	54.15444	-9.34889	P	PPLL	IE
3316183	Treanagh	54.15806	-9.32889	P	PPLL	IE
3316184	Killeennashask	54.1675	-9.34889	P	PPLL	IE
3316185	Corvoley	54.18056	-9.41028	P	PPLL	IE
3316186	Cloonaghmore	54.18	-9.33361	P	PPLL	IE
3316192	Lough Naweela	54.16944	-9.40694	H	LK	IE
3316193	Ballyneety Cross Roads	54.13444	-9.28028	L	LCTY	IE
3316194	Cloonachoor	54.15917	-9.28528	P	PPLL	IE
3316196	Belladooan	54.19611	-9.33917	P	PPLL	IE
3316197	Glenedagh	54.22167	-9.38361	P	PPL	IE
3316198	Crevagh	54.22194	-9.36639	P	PPLL	IE
3316205	Ballinglen	54.2575	-9.38444	P	PPLL	IE
3316208	Corhoor	54.28611	-9.375	P	PPLL	IE
3316209	Lugnalettin	54.24639	-9.4875	L	LCTY	IE
3316213	Pollavullan	54.30361	-9.41194	P	PPLL	IE
3316214	Doonteeny	54.29778	-9.41222	P	PPLL	IE
3316215	Glenulra	54.29944	-9.44139	P	PPLL	IE
3316220	Glenlassra River	54.31333	-9.50333	P	PPLL	IE
3316222	Boytown	54.30778	-9.35417	P	PPLL	IE
3316223	Gortmore	54.29556	-9.35833	P	PPL	IE
3316224	Killeen	54.31361	-9.33333	P	PPLL	IE
3316225	Muingrevagh	54.30611	-9.32167	P	PPL	IE
3316226	Carrowcor	54.31111	-9.31528	P	PPLL	IE
3316228	Lenahaun	54.30417	-9.30028	P	PPLL	IE
3316229	Corcoranstown	54.29278	-9.3325	P	PPLL	IE
3316230	Carrowmore	54.28444	-9.32694	P	PPLL	IE
3316231	Conaghra	54.27722	-9.30917	P	PPLL	IE
3316232	Knockboha	54.28667	-9.29472	P	PPLL	IE
3316234	Killogeary	54.26639	-9.26778	P	PPL	IE
3316235	Ballinlena	54.27139	-9.22556	P	PPL	IE
3316237	Cashel Lough	54.26	-9.22972	H	LK	IE
3316240	Farrellstown	54.25528	-9.22306	P	PPLL	IE
3316242	Gallowshill	54.26028	-9.3275	P	PPLL	IE
3316243	Carrowcuilleen	54.25444	-9.33111	P	PPLL	IE
3316244	Ballyglass	54.23306	-9.31889	P	PPLL	IE
3316249	Carraghfin Lough	54.24972	-9.23917	H	LK	IE
3316250	Mullaghnacross	54.2425	-9.25361	P	PPLL	IE
3316252	Ballynarick	54.23528	-9.21472	P	PPLL	IE
3316253	Ross	54.23333	-9.20028	P	PPLL	IE
3316257	Cill Alaithe	54.20806	-9.21944	P	PPLL	IE
3316258	Meelick Lough	54.2025	-9.21583	H	LK	IE
3316259	Killogunra	54.19861	-9.26556	P	PPLL	IE
3316260	Meelick	54.19806	-9.20528	P	PPLL	IE
3316261	Moyne	54.2	-9.18556	P	PPLL	IE
3316265	Rusheens	54.1925	-9.17139	P	PPLL	IE
3316266	Tawnaghmore	54.19167	-9.20361	P	PPLL	IE
3316267	Mullafarry	54.18833	-9.23083	P	PPLL	IE
3316269	Cloonfadda	54.18194	-9.25278	P	PPLL	IE
3316272	Rathoma	54.18083	-9.28389	P	PPLL	IE
3316273	Rathglass	54.15778	-9.23583	P	PPLL	IE
3316274	Knockduff	54.15639	-9.20611	P	PPLL	IE
3316276	Knockanelo	54.13778	-9.20167	P	PPLL	IE
3316277	Rathroeen	54.15111	-9.15222	P	PPLL	IE
3316278	Bunaheraghtish	54.13222	-9.23361	P	PPLL	IE
3316279	Rathroeen Lough	54.15833	-9.17667	H	LK	IE
3316280	Cloonagh Lough	54.13694	-9.21917	H	LK	IE
3316283	Saint Marnocks	53.43083	-6.1275	P	PPL	IE
3316286	Feltrim	53.43528	-6.1775	P	PPLL	IE
3316290	Dardistown	53.4145	-6.23909	P	PPL	IE
3316293	Seafield	53.47472	-6.17639	P	PPL	IE
3316294	Corballis	53.47755	-6.1364	P	PPLL	IE
3316307	Sunk Island	53.48528	-6.01111	T	ISL	IE
3316308	Harp Ear	53.50194	-6.01139	T	CAPE	IE
3316311	Ballymun	53.41088	-6.26944	P	PPL	IE
3316315	Kingstown Cross Roads	53.43806	-6.29556	P	PPL	IE
3316316	Saint Margaret’s	53.43167	-6.30028	P	PPLL	IE
3316317	Luttrell’s Cross Roads	53.44861	-6.29472	P	PPL	IE
3316318	Killeek	53.45472	-6.27806	P	PPL	IE
3316319	Skephubble	53.45167	-6.30778	P	PPL	IE
3316321	Forrest Great	53.44194	-6.26306	P	PPL	IE
3316324	Kilstillaghan	53.47333	-6.31861	P	PPL	IE
3316325	Coultry	53.42222	-6.26722	P	PPL	IE
3316326	Lispapple Cross Roads	53.48389	-6.28528	P	PPL	IE
3316327	Killosseny	53.48861	-6.30639	P	PPL	IE
3316332	Drisnoge	53.51	-6.29389	P	PPL	IE
3316336	Gracedieu	53.51278	-6.24528	P	PPL	IE
3316337	Richardstown	53.51583	-6.23611	P	PPL	IE
3316341	Fanning’s Walls	53.55972	-6.33444	P	PPLL	IE
3316342	Damastown	53.55583	-6.30472	P	PPL	IE
3316345	Beldaragh	53.56972	-6.25083	P	PPL	IE
3316347	Hynestown	53.57722	-6.28361	P	PPL	IE
3316348	Balrickard	53.57222	-6.24167	P	PPL	IE
3316349	Nevitt	53.555	-6.2375	P	PPL	IE
3316352	Corduff	53.51917	-6.20972	L	LCTY	IE
3316354	Greatcommon	53.53917	-6.16139	P	PPL	IE
3316355	The Five Roads	53.55417	-6.20917	P	PPL	IE
3316358	Balcunnin	53.56333	-6.14722	P	PPL	IE
3316359	Baldongan	53.55722	-6.15694	P	PPL	IE
3316360	Cross of the Cage	53.58028	-6.18778	P	PPL	IE
3316364	Tanners Water	53.60056	-6.17056	L	LCTY	IE
3316365	Dermotstown	53.59	-6.22417	P	PPL	IE
3316366	Dallyhaysy	53.60083	-6.23139	P	PPL	IE
3316368	Kitchenstown	53.5825	-6.24444	P	PPL	IE
3316369	Dornaville	53.59611	-6.25861	L	LCTY	IE
3316373	Clonalvy	53.58972	-6.33667	P	PPL	IE
3316374	Fourknocks	53.59556	-6.32861	L	LCTY	IE
3316375	Heathtown Cross Roads	53.60833	-6.3375	P	PPL	IE
3316376	Greenanstown	53.62194	-6.31833	P	PPL	IE
3316377	Bellewstown	53.64466	-6.34529	P	PPL	IE
3316378	Bush	53.62917	-6.32028	P	PPL	IE
3316380	Clonard	53.60583	-6.2275	P	PPL	IE
3316382	Tobertown	53.61694	-6.25389	P	PPL	IE
3316383	Balscaddan	53.62306	-6.23083	P	PPL	IE
3316390	Mosney	53.66639	-6.24083	P	PPLL	IE
3316391	Claire Mount	53.65111	-6.31306	P	PPL	IE
3316392	Ninch East	53.68528	-6.26861	P	PPL	IE
3316393	Smithstown	53.685	-6.29972	P	PPL	IE
3316395	Colp	53.70917	-6.29278	P	PPL	IE
3316396	Kiltrough	53.69556	-6.30889	P	PPL	IE
3316398	Beaumont	53.66528	-6.35444	P	PPL	IE
3316400	Caulstown	53.6725	-6.39417	P	PPL	IE
3316407	Moneymore	53.72972	-6.3475	P	PPL	IE
3316408	Newtown	53.73167	-6.33778	P	PPL	IE
3316410	Baldoyle	53.73861	-6.27944	P	PPL	IE
3316411	Beltichburne	53.745	-6.28778	P	PPL	IE
3316412	Townrath Bridge	53.745	-6.31667	P	PPLL	IE
3316413	Primatepark	53.76111	-6.3075	P	PPL	IE
3316414	Canonstown	53.75111	-6.31444	P	PPL	IE
3316416	Philipstown	53.75278	-6.36389	P	PPL	IE
3316417	Newhouse	53.7725	-6.31306	P	PPL	IE
3316420	Black Hall Cross	53.78278	-6.30417	L	LCTY	IE
3316421	Barnhill Cross	53.77639	-6.26333	P	PPL	IE
3316422	Tobertoby	53.77028	-6.25472	P	PPL	IE
3316423	Murrays Cross	53.81	-6.29722	P	PPL	IE
3316424	Reynold’s Town	53.80917	-6.27056	P	PPL	IE
3316425	Hackett’s Cross	53.80167	-6.25556	P	PPL	IE
3316428	Cruisetown	53.81639	-6.27361	P	PPL	IE
3316429	Milltown	53.82417	-6.31278	P	PPL	IE
3316430	Cobbler’s Cross	53.8225	-6.29583	P	PPL	IE
3316431	Ferrard Cross	53.84806	-6.28167	P	PPL	IE
3316432	Roadstown	53.85861	-6.25306	P	PPL	IE
3316433	Coratown Cross	53.86278	-6.27833	P	PPL	IE
3316434	Dunany	53.85806	-6.27917	P	PPL	IE
3316436	Martin’s Cross	53.86306	-6.31028	P	PPL	IE
3316437	Keenan’s Cross	53.85	-6.33889	P	PPL	IE
3316438	Dillonstown Cross	53.86639	-6.34139	P	PPL	IE
3316439	Civil Hollow	53.86833	-6.31417	P	PPL	IE
3316440	Clonmore	53.84333	-6.33528	P	PPL	IE
3316442	Linns	53.89583	-6.36278	L	LCTY	IE
3316443	Lurgan	53.925	-6.37778	P	PPLL	IE
6325505	BARNALYRA	53.92496	-8.85326	P	PPL	IE
6620344	Killerrig	52.84135	-6.79195	P	PPL	IE
6691028	Whitehall	53.383	-6.24019	P	PPL	IE
6692254	Benlettery	53.48147	-9.84598	T	MT	IE
6692256	Bencollaghduff	53.51251	-9.81416	T	MT	IE
6692257	Bengower	53.49153	-9.83437	T	MT	IE
6692258	Benbreen	53.49961	-9.83471	T	MT	IE
6692259	Benglenisky	53.48575	-9.85973	T	MT	IE
6692264	Enniscrone	54.21285	-9.09317	P	PPL	IE
6693151	Glen Coaghan Horseshoe	53.50632	-9.82864	T	MTS	IE
6693220	Fingal County	53.45909	-6.21942	A	ADM2	IE
6693222	Bayside	53.38895	-6.14041	P	PPL	IE
6693472	Sports Field, Westside, Galway	53.27607	-9.07842	L	PRK	IE
6693473	Maum	53.51449	-9.55914	P	PPLL	IE
6695748	Keel West	53.96962	-10.1554	P	PPL	IE
6695935	Tyrrelstown	53.41623	-6.38606	P	PPL	IE
6696067	Rooskey	53.87844	-7.94312	P	PPL	IE
6857857	Charlesland	53.12771	-6.06347	P	PPL	IE
6941716	Dún Laoghaire-Rathdown	53.29436	-6.13489	A	ADM2	IE
6942143	Rossaveal	53.2655	-9.56066	P	PPL	IE
6942819	Ballylickey	51.72101	-9.43769	P	PPL	IE
6943976	Rosscarbery	51.57711	-9.02597	P	PPL	IE
6949207	St. Stephen's Green	53.3381	-6.25917	L	PRK	IE
6950543	Gallon	53.95255	-7.30917	P	PPL	IE
6951027	Recess	53.4683	-9.7257	P	PPL	IE
6954866	Goulacullin	51.73208	-9.25341	P	PPL	IE
6955977	Lower Dangan	53.28944	-9.07389	P	PPL	IE
7116867	Cashel	53.41864	-9.80032	P	PPL	IE
7288565	South Dublin	53.28595	-6.37739	A	ADM2	IE
7289415	Clanbrassil Street	53.33222	-6.27528	P	PPL	IE
7289416	Lower Clanbrassil	53.33526	-6.27371	P	PPL	IE
7290489	Drumbrawn	54.08089	-7.35457	P	PPL	IE
7290515	Lackaghmore	53.15243	-6.99451	P	PPL	IE
7302734	Point's Cross	51.93273	-10.24947	P	PPL	IE
7302925	Killarney National Park	51.99333	-9.55722	L	RESN	IE
7302926	Lakes of Killarney	52.04167	-9.55	H	LKS	IE
7303561	Glenleary	55.01616	-7.63198	P	PPL	IE
7303994	Caherdavin	52.66363	-8.66478	P	PPL	IE
7521313	Connacht	53.87	-8.63333	A	ADM1	IE
7521314	Leinster	53.16667	-7.02121	A	ADM1	IE
7521315	Munster	52.34333	-8.71667	A	ADM1	IE
7521316	Ulster	54.92732	-7.9395	A	ADM1	IE
7522129	Kilgraney	52.65434	-6.95074	P	PPL	IE
7535998	Coolflugh	51.92019	-8.6162	P	PPL	IE
7536131	Cappaclough	52.22601	-9.93525	P	PPL	IE
7536135	Dromhale	52.05434	-9.5036	P	PPL	IE
7647203	Glenribbeen	52.14709	-7.8875	P	PPL	IE
7648535	Moyross	52.68198	-8.63955	P	PPL	IE
7649121	Carrickcarnan	54.09861	-6.36023	P	PPL	IE
7662263	Ballinakillew Mountain	54.58841	-8.00508	P	PPL	IE
7670621	Curraghlea	54.97745	-7.73163	P	PPL	IE
7732166	Skahard	52.60259	-8.50303	P	PPL	IE
7733094	Rossbehy	52.05186	-9.97928	P	PPL	IE
7778676	Galway City	53.2877	-9.05004	A	ADM2	IE
7778677	Dublin City	53.35512	-6.24922	A	ADM2	IE
7778678	Cork City	51.89755	-8.46773	A	ADM2	IE
7838891	Ardcavan	52.3561	-6.45035	P	PPL	IE
7838892	Annaduff	53.92001	-7.97607	P	PPL	IE
7838893	Ardcarn	53.31995	-8.171	P	PPL	IE
7838894	Baldonnell	53.30739	-6.43829	P	PPL	IE
7838896	Ballaghadereen	53.90171	-8.57989	P	PPL	IE
7838897	Ballisodare	54.2111	-8.50865	P	PPL	IE
7838899	Ballylinan	52.94497	-7.04073	P	PPL	IE
7838900	Ballymadun	53.5348	-6.38859	P	PPL	IE
7838901	Ballyvolane	51.70001	-8.64418	P	PPL	IE
7838902	Bishopstown	51.87326	-8.54449	P	PPL	IE
7838903	Bracetown	53.42984	-6.45983	P	PPL	IE
7838905	Carrickaboy	53.9379	-7.28475	P	PPL	IE
7838906	Carriglawn	52.34226	-6.48631	P	PPL	IE
7838907	Castletroy	52.67349	-8.55333	P	PPL	IE
7838909	Cloughran	53.4247	-6.20264	P	PPL	IE
7838910	Cookstown	53.29718	-6.37765	P	PPL	IE
7838912	Dubber Cross	53.41168	-6.30023	P	PPL	IE
7838914	Enniskeane	51.73793	-8.93154	P	PPL	IE
7838915	Essex	53.34498	-6.26754	P	PPL	IE
7838916	Fairview	53.36597	-6.23985	P	PPL	IE
7838918	Hillview	52.26096	-7.14051	P	PPL	IE
7838919	Kilmeaden	52.23269	-7.24192	P	PPL	IE
7838920	Kilternan	53.23044	-6.19509	P	PPL	IE
7838921	Knocklyon	53.2803	-6.3313	P	PPL	IE
7838922	Lisnagry	52.68039	-8.50977	P	PPL	IE
7838923	Palmerstown	53.35019	-6.37778	P	PPL	IE
7838924	Rathmichael	53.23635	-6.15492	P	PPL	IE
7838925	Renvyle	53.5948	-9.97739	P	PPL	IE
7838927	Silversprings	51.90361	-8.42634	P	PPL	IE
7838928	Turners Cross	51.87914	-8.46518	P	PPL	IE
7838930	Tydavnet	54.29587	-7.01576	P	PPL	IE
7869924	Tinryland	52.79773	-6.89555	P	PPL	IE
7869926	Ballymachugh	53.82695	-7.3314	P	PPL	IE
7869927	Bunnoe	54.06307	-7.22274	P	PPL	IE
7869930	Castlerahan	53.82568	-7.18557	P	PPL	IE
7869934	Denn Glebe	53.94065	-7.30947	P	PPL	IE
7869936	Mountnugent	53.81783	-7.2557	P	PPL	IE
7869942	Clonlara	52.72439	-8.55251	P	PPL	IE
7869943	Coosheen	51.51924	-9.52523	P	PPL	IE
7869948	Kilfarboy	52.88596	-9.35838	P	PPL	IE
7869963	Lissycasey	52.74398	-9.15951	P	PPL	IE
7869964	Aughadown	51.53945	-9.38584	P	PPL	IE
7869965	Ballinagree	52.01899	-8.93768	P	PPL	IE
7869966	Ballinora	51.86292	-8.57946	P	PPL	IE
7869967	Ballyclough	52.12638	-8.15314	P	PPL	IE
7869973	Bere Island	51.63659	-9.8983	P	PPL	IE
7869975	Caheragh	52.58016	-9.26336	P	PPL	IE
7869978	Clondrohid	51.92881	-9.02299	P	PPL	IE
7869980	Gurranebraher	51.90327	-8.48857	P	PPL	IE
7869981	Kilmeen	51.67282	-8.98673	P	PPL	IE
7869983	Kilnamartyra	51.89853	-9.07917	P	PPL	IE
7869984	Knocknaheeny	51.90613	-8.50076	P	PPL	IE
7869985	The Lough	51.89064	-8.4884	P	PPL	IE
7869986	Mahon	51.8837	-8.42257	P	PPL	IE
7869988	Tivoli	51.90552	-8.41081	P	PPL	IE
7869990	Castlefin	54.80306	-7.59567	P	PPL	IE
7869991	Churchill	54.98805	-7.89162	P	PPL	IE
7869992	Meenaneary	54.69507	-8.61191	P	PPL	IE
7869993	Bull Island	53.36884	-6.14779	P	PPL	IE
7869994	Clonliffe	53.36197	-6.2574	P	PPL	IE
7869995	Jobstown	53.27866	-6.40803	P	PPL	IE
7869996	Killester	53.37322	-6.20431	P	PPL	IE
7869997	Killsallaghan	53.47666	-6.31795	P	PPL	IE
7869998	Kilsallaghan	53.48128	-6.31641	P	PPL	IE
7869999	Poppintree	53.40636	-6.28504	P	PPL	IE
7870000	Portobello	53.33005	-6.26435	P	PPL	IE
7870001	Abbeyknockmoy	53.43664	-8.74812	P	PPL	IE
7870002	Inisheer	53.0571	-9.52377	P	PPL	IE
7870003	Kilkerrin	53.55326	-8.56779	P	PPL	IE
7870005	Mountbellew	53.47185	-8.50436	P	PPL	IE
7870006	Salthill	53.25987	-9.07488	P	PPL	IE
7870008	Castle Cove	51.77846	-10.03326	P	PPL	IE
7870065	Fossa	52.07033	-9.57759	P	PPL	IE
7870071	Glenflesk	52.01245	-9.36106	P	PPL	IE
7870352	Blacksod	54.09952	-10.07	P	PPL	IE
7870936	Knocknagoshel	52.33114	-9.37958	P	PPL	IE
7870937	Moyvane	52.50138	-9.37031	P	PPL	IE
7870938	Confey	53.37923	-6.49052	P	PPL	IE
7870939	The Curragh	53.14687	-6.83041	P	PPL	IE
7870940	Stoneyford	52.53703	-7.2293	P	PPL	IE
7870941	The Swan	52.88879	-7.16012	P	PPL	IE
7870942	Aughavas	53.958	-7.72476	P	PPL	IE
7870943	Dromahaire	54.22962	-8.30069	P	PPL	IE
7870944	Drumlease	54.2257	-8.29009	P	PPL	IE
7870945	Gortletteragh	53.88355	-7.81857	P	PPL	IE
7870946	Killargue	54.22962	-8.21013	P	PPL	IE
7870947	Newtowngore	54.04326	-7.67584	P	PPL	IE
7870948	Dromcollogher	52.33953	-8.90837	P	PPL	IE
7870950	Kilfinnane	52.35914	-8.4684	P	PPL	IE
7870953	Aughnacliffe	53.84772	-7.60451	P	PPL	IE
7870954	Newtowncashel	53.58649	-7.93771	P	PPL	IE
7870955	Newtownforbes	53.76718	-7.8336	P	PPL	IE
7870956	Darver	53.9282	-6.45979	P	PPL	IE
7870957	Faughart	54.06075	-6.37628	P	PPL	IE
7870958	Mellifont	53.74069	-6.44297	P	PPL	IE
7870959	Ballyvary	53.89508	-9.14989	P	PPL	IE
7870960	Belderrig	54.29719	-9.54678	P	PPL	IE
7870961	Bonniconlon	54.10956	-9.02484	P	PPL	IE
7870962	Carnacon	53.7346	-9.22294	P	PPL	IE
7870963	Cushlough	53.69025	-9.56248	P	PPL	IE
7870964	Mulranny	53.90626	-9.77955	P	PPL	IE
7870965	The Neale	53.57161	-9.23109	P	PPL	IE
7870966	Straide	53.92019	-9.13148	P	PPL	IE
7870967	Crossakiel	53.71398	-7.02095	P	PPL	IE
7870968	Drumconrath	53.85177	-6.65626	P	PPL	IE
7870969	Kentstown	53.62754	-6.52674	P	PPL	IE
7870970	Killanny	54.38511	-7.07279	P	PPL	IE
7870971	Knockatallon	54.29439	-7.14867	P	PPL	IE
7870972	Clonbullogue	53.26111	-7.08678	P	PPL	IE
7870973	Ballintubber	53.71769	-8.40952	P	PPL	IE
7870974	Ballyforan	53.46996	-8.26567	P	PPL	IE
7870975	Hodson Bay	53.45765	-7.99796	P	PPL	IE
7870976	Keadue	54.05042	-8.13744	P	PPL	IE
7870977	Mantua	53.83652	-8.28747	P	PPL	IE
7870978	Tarmonbarry	53.74211	-7.91925	P	PPL	IE
7870979	Cappawhite	52.58214	-8.16576	P	PPL	IE
7870980	Rathgormack	52.3037	-7.49783	P	PPL	IE
7870982	Ring	52.04726	-7.57147	P	PPL	IE
7870983	Castletown Geoghegan	53.44722	-7.48907	P	PPL	IE
7870984	Mount Temple	53.42933	-7.77755	P	PPL	IE
7870985	Tyrellspass	53.38783	-7.37715	P	PPL	IE
7870986	Our Lady's Island	52.21245	-6.38186	P	PPL	IE
7870987	Glen of Imail	52.98069	-6.57824	P	PPL	IE
7870988	Kilquade	53.09743	-6.08411	P	PPL	IE
7870989	Newtownmountkennedy	53.09052	-6.11149	P	PPL	IE
7870990	Stratford on Slaney	52.98079	-6.6669	P	PPL	IE
8015349	Roolagh	52.80282	-8.42956	P	PPL	IE
8030784	Carrickbyrne	52.36304	-6.78406	P	PPL	IE
8051264	Carrowmullen	55.0939	-7.45847	P	PPL	IE
8411052	Curracloe	52.39312	-6.39207	P	PPL	IE
8449477	Tullybryan	54.24316	-7.01855	P	PPL	IE
8604843	Coolrawer	53.99337	-8.86545	P	PPLL	IE
8617840	Rahanna	53.88122	-6.56304	P	PPL	IE
8642863	Carrigrohane	51.89381	-8.56393	P	PPL	IE
8642910	Balally	53.27504	-6.23594	P	PPL	IE
8643029	Barndarrig	52.90963	-6.11518	P	PPL	IE
8643239	Grahormack	52.24651	-6.39052	P	PPL	IE
8643241	Ballincar	54.29707	-8.50273	P	PPL	IE
8643242	Reardnogy	52.68574	-8.23844	P	PPL	IE
8643245	Balbradagh	53.59473	-6.72721	P	PPL	IE
8643246	Kilcloon	53.42414	-6.57409	P	PPL	IE
8643249	Grangemore	53.11974	-6.69278	P	PPL	IE
8643252	Slieverue	52.28336	-7.06807	P	PPL	IE
8643253	Glen	52.59282	-8.54944	P	PPL	IE
8643254	Lawcus	52.53596	-7.22941	P	PPL	IE
8643255	Moneenroe	52.84	-7.15549	P	PPL	IE
8643256	Fountainstown	51.78392	-8.30097	P	PPL	IE
8643281	Knockglass	51.89806	-8.04306	P	PPL	IE
8643288	Ballyoulster	53.3403	-6.51588	P	PPL	IE
8643289	Cnoc Na Muirleog	55.19658	-7.84643	P	PPL	IE
8643960	Ballycannan	52.70199	-8.65061	P	PPL	IE
8643962	Ballysax	53.12297	-6.83092	P	PPL	IE
8643963	Barntown	52.341	-6.53086	P	PPL	IE
8643964	Baylin	53.4337	-7.84072	P	PPL	IE
8643966	Beaulieu Cross	53.73823	-6.30671	P	PPL	IE
8643980	Cabragh	54.21635	-7.04354	P	PPL	IE
8643981	Churchbay	51.7958	-8.2821	P	PPL	IE
8643985	Cloughduv	51.84739	-8.7885	P	PPL	IE
8643988	Danescastle	52.24136	-6.73123	P	PPL	IE
8643989	Drumkeen	54.86715	-7.75279	P	PPL	IE
8643993	Killinierin	52.72977	-6.28272	P	PPL	IE
8643994	Kilmead	53.03414	-6.90117	P	PPL	IE
8643999	Ladytown	53.19989	-6.73535	P	PPL	IE
8644000	Maddenstown	53.14376	-6.86404	P	PPL	IE
8644006	Model Village	51.92595	-8.60448	P	PPL	IE
8644008	Oram	54.1488	-6.69318	P	PPL	IE
8644012	Rann Na Feirste	55.03461	-8.30674	P	PPL	IE
8644013	Rathard	51.84816	-8.73812	P	PPL	IE
8644018	Rivermeade	53.45291	-6.29115	P	PPL	IE
8644022	Rosscahill	53.38701	-9.24688	P	PPL	IE
8644024	The Commons	52.85643	-7.94822	P	PPL	IE
8644025	Tinure	53.79183	-6.41923	P	PPL	IE
8644026	Lough Gowna	53.8753	-7.53611	P	PPL	IE
8644027	Kernanstown	52.82257	-6.87766	P	PPL	IE
8658946	Kinsealy-Drinan	53.44395	-6.20334	P	PPL	IE
8658968	Burt	55.04057	-7.42895	P	PPL	IE
8692927	Ballycoolen	53.40772	-6.36529	P	PPL	IE
8714249	Garrettstown	51.64748	-8.58135	P	PPL	IE
9317433	Kilbrew	53.54689	-6.46554	P	PPL	IE
9409565	Clomacow	51.45895	-9.43442	P	PPL	IE
9409566	Farranacoush	51.48304	-9.41228	P	PPL	IE
9409567	Sherkin Island	51.479	-9.40344	P	PPL	IE
9804046	Carrickdull	54.15695	-10.20296	T	ISL	IE
9804049	Carricknaweelion	54.14642	-10.20958	P	PPL	IE
9804050	Drumacappul	54.13996	-10.20692	P	PPL	IE
9804051	Doon Lough	54.13986	-10.19885	H	LK	IE
9804052	Carrickaporl	54.14191	-10.20872	P	PPL	IE
9804053	Carrigee	54.1573	-10.19429	T	ISL	IE
9804054	Rusheen Island	54.11876	-10.20111	T	ISL	IE
9804058	Carricklaur	54.09731	-10.23272	T	ISL	IE
9804059	Carrigeenaballa	54.09723	-10.23476	T	ISL	IE
9804075	Carrickfad	54.09909	-10.23258	T	ISL	IE
9804079	Shiraghy Island	54.07191	-10.188	T	ISL	IE
9804080	Drumcappul Island	54.07263	-10.18516	T	ISL	IE
9804082	Annagh island	54.23927	-10.10635	T	ISL	IE
9804083	Ooghwee	54.29547	-10.00884	L	LCTY	IE
9804085	Pigeon Rock	54.30704	-10.00686	T	ISL	IE
9804086	Cone Island	54.28674	-9.97208	T	ISL	IE
9804087	Cone Island South	54.28129	-9.9644	T	ISL	IE
9804099	Gortmore Island	54.17265	-9.78043	T	ISL	IE
9804769	Muingerroon Island	54.20474	-9.79317	T	ISL	IE
9804770	Muingerroon	54.22066	-9.80095	P	PPL	IE
9804778	Rinn na Sionnach	54.21917	-9.86917	P	PPL	IE
9804783	Drumgollagh	53.97985	-9.83056	P	PPL	IE
9804785	Tallagh	54.0186	-9.8549	P	PPL	IE
9804786	Lough Creive	54.02949	-9.87616	H	LK	IE
9804806	Illanamona Islands	54.00538	-9.87354	T	ISLS	IE
9804809	Cregganroe	54.05949	-9.85871	P	PPL	IE
9804810	Trawboy	54.06639	-9.88524	P	PPL	IE
9804811	Muingnanarnad	54.09767	-9.81211	L	LCTY	IE
9804812	Ballina	54.13376	-9.81425	P	PPL	IE
9804813	Goolamore	54.1349	-9.82133	P	PPL	IE
9804814	Darraragh	54.13467	-9.78525	P	PPL	IE
9804815	Rosnagleragh	54.13681	-9.80165	P	PPL	IE
9804816	Drumanaffrin	54.15682	-9.81515	P	PPL	IE
9804817	Fauleens	54.17508	-9.84967	P	PPL	IE
9804822	Tonmore	54.2493	-10.00769	P	PPL	IE
9804823	Imleach Cais	54.23622	-10.03428	P	PPL	IE
9804826	Ard Eoghain	54.23909	-10.04477	P	PPL	IE
9804827	Tonamace	54.23885	-10.05033	P	PPL	IE
9804828	Carn	54.23137	-10.01224	P	PPL	IE
9804829	Carrick	54.23813	-10.01794	P	PPL	IE
9804830	An Ghleadraigh	54.26118	-10.06227	P	PPL	IE
9804831	Aughernagalliagh	54.27187	-10.06845	P	PPL	IE
9804832	Carricknaweeloge	54.29051	-10.02915	T	ISL	IE
9804833	Leamalaggart	54.29367	-10.00514	L	LCTY	IE
9804834	Pollnashantinny	54.2916	-9.99452	L	LCTY	IE
9804835	Illandavuck	54.30753	-9.99873	T	ISL	IE
9804836	Illanbaun	54.27274	-9.95986	T	ISL	IE
9804837	Illanfreach	54.27107	-9.94868	T	HDLD	IE
9804840	Pollacappul North	54.26834	-9.92332	T	HDLD	IE
9804841	Glash Island	54.26611	-9.88803	T	ISL	IE
9804842	An Baile Glas	54.2601	-9.90954	P	PPL	IE
9804843	Seanachadh	54.23514	-9.9301	P	PPL	IE
9804844	Muingmore	54.15649	-9.90265	P	PPL	IE
9804846	Doolough	54.14388	-9.94054	P	PPL	IE
9804847	Gubavilla	54.11881	-9.91961	P	PPL	IE
9804848	Trawnanaskil	54.08641	-9.89824	P	PPL	IE
9804854	Tullaghaunnashammer	54.11743	-9.83402	P	PPL	IE
9804855	Tawnanasool	54.11711	-9.79296	P	PPL	IE
9804856	Lagduff Beg	54.06831	-9.79823	P	PPL	IE
9804857	Lagduff More	54.07829	-9.78703	P	PPL	IE
9804858	Srahaderdaowon	54.0694	-9.7872	P	PPL	IE
9804859	Dunmore West	54.04502	-9.82366	P	PPL	IE
9804862	Cloghbrack	54.24369	-9.81249	P	PPL	IE
9804864	Barnacuille	54.2734	-9.81799	P	PPL	IE
9804865	Hag Island	54.34391	-9.8092	T	ISL	IE
9804867	Carrownaglogh	54.32397	-9.8119	P	PPL	IE
9804884	Kilcommon	54.25999	-9.80478	P	PPL	IE
9804886	Carrowkeel	54.18093	-9.89737	P	PPL	IE
9804887	An Baile Nua	54.12982	-10.11813	P	PPL	IE
9804890	Tornadoon	54.1085	-10.13387	T	PROM	IE
9804891	Surgeview	54.10452	-10.11973	P	PPL	IE
9804892	An Tearmann	54.10845	-10.10658	P	PPL	IE
9804894	Letierbeg	54.10795	-10.12142	P	PPL	IE
9804895	Cartur Ghilbeirt	54.09197	-10.09064	P	PPL	IE
9804896	Carrigeenmore	54.11049	-10.05733	T	ISL	IE
9804898	Cartron	54.12618	-10.09483	P	PPL	IE
9804899	Divish	54.1456	-10.08621	P	PPL	IE
9804900	An Mullach Rua	54.14012	-10.08586	P	PPL	IE
9805157	Tiraun	54.14172	-10.11385	P	PPLL	IE
9805158	An Bheairic	54.16338	-10.09104	P	PPL	IE
9805159	Leam	54.16911	-10.08775	P	PPLL	IE
9805161	Bearanach Thiar	54.17284	-10.08292	P	PPLL	IE
9805162	Barrettsplot West	54.17882	-10.07859	P	PPLL	IE
9805163	Lurgacloy	54.18151	-10.07899	P	PPLL	IE
9805164	An Droim	54.18385	-10.08083	P	PPL	IE
9805165	Bearanach Thoir	54.17224	-10.06026	P	PPL	IE
9805166	Barreitsplot East	54.17727	-10.05927	P	PPL	IE
9805168	Manraghrory	54.18413	-10.04567	P	PPL	IE
9805169	An Chrois	54.20296	-10.06738	P	PPLL	IE
9805170	Rinneanach	54.19931	-10.05968	P	PPL	IE
9805171	Coimin na Croise	54.20008	-10.08955	P	PPL	IE
9805173	An Chrois Thoir	54.19222	-10.02824	P	PPL	IE
9805174	Ardmore	54.19782	-10.01265	P	PPL	IE
9805175	Imleach Beag	54.21231	-10.03303	P	PPL	IE
9805176	Carricknaroun	54.2307	-10.08327	T	ISL	IE
9805178	Cross Rock	54.27968	-10.08396	T	ISL	IE
9805179	Roegil	53.97721	-10.25227	L	LCTY	IE
9805180	Garraunbaun	53.98081	-10.245	T	PROM	IE
9805182	Guheatacaduff	53.97341	-10.22795	L	LCTY	IE
9805184	Keem	53.96973	-10.19239	P	PPL	IE
9805185	Tonacroaghaun	53.98444	-10.1944	L	LCTY	IE
9805186	Toncroaghaun	53.99333	-10.19357	L	LCTY	IE
9805187	Glacknagloghraha	53.99645	-10.18735	L	LCTY	IE
9805188	Dunnafreva Lough	53.99542	-10.17968	H	LK	IE
9805189	Roenacoragh	54.00707	-10.17958	L	LCTY	IE
9805191	Loughannascaddy	53.98032	-10.02276	H	LK	IE
9805202	Dookinelly	53.9966	-10.05283	P	PPL	IE
9805203	Kell East	53.98016	-10.07733	P	PPL	IE
9805204	Tongree	53.97963	-10.12544	P	PPL	IE
9805206	Lough Corrynfawy	53.98607	-10.16592	H	LK	IE
9805207	Tawnaghlaur	53.9838	-10.15118	P	PPL	IE
9805208	Tawnaghmore	53.9867	-10.15138	P	PPL	IE
9805212	Slievemore	53.9914	-10.14025	L	LCTY	IE
9805927	Dooniver	53.99677	-9.94821	P	PPL	IE
9805928	Sand Hills	54.01719	-9.98146	L	LCTY	IE
9805930	Altderg	54.02704	-9.96809	L	LCTY	IE
9805932	Tonatanvally	54.00413	-9.96425	L	LCTY	IE
9805933	Porteen	54.01881	-9.97585	L	LCTY	IE
9805937	Tinny Lough	54.00412	-10.15321	H	LK	IE
9805939	Tawnaghmore	54.00791	-10.14767	T	HDLD	IE
9805940	Monemanragh	54.11386	-10.22532	L	LCTY	IE
9805942	Carricknaronty	54.20209	-10.12617	T	ISL	IE
9805943	Carricknaronty North	54.20706	-10.12742	T	ISL	IE
9805944	Bleankeragh	54.0667	-9.85493	P	PPL	IE
9805945	Carrigeenmore	54.08405	-9.86233	P	PPL	IE
9805946	Srahnamanragh	54.06966	-9.83247	P	PPL	IE
9805949	Illanbry	53.98584	-9.89234	T	ISL	IE
9805950	Dooniver Loughs	54.0001	-9.93909	H	LK	IE
9805952	Gortnahonagh	53.99116	-9.94003	T	HDLD	IE
9805959	Bunown	53.98211	-10.22067	L	LCTY	IE
9805960	Bleanroenacoragh	54.00649	-10.19015	T	HDLD	IE
9805961	Bellaveeny	53.97565	-9.79726	P	PPL	IE
9805964	Gubbinwee	54.04568	-9.90543	T	HDLD	IE
9805965	Drumsleed	54.03737	-9.87449	P	PPL	IE
9805967	Fahy	54.03981	-9.90325	P	PPL	IE
9805983	Urdcarrig	54.14767	-10.1121	L	LCTY	IE
9805989	Ballymacsherron	54.20403	-10.04652	P	PPL	IE
9805990	Curlew Hill	54.21861	-9.98871	L	LCTY	IE
9805992	Alliconaun	54.21198	-9.95558	P	PPL	IE
9805993	An Tuar Glas	54.20128	-9.95082	P	PPL	IE
9805994	Rathmorgan	54.17653	-9.82569	P	PPL	IE
9805995	Muingerroon North	54.24781	-9.7992	P	PPL	IE
9805996	Bellanaboy	54.23949	-9.78712	L	LCTY	IE
9805997	Aghoos	54.25247	-9.79051	P	PPL	IE
9806004	Bartrauve	54.25123	-9.97614	P	PPL	IE
9806010	An Gort Breac	54.27311	-10.01001	P	PPL	IE
9806013	Emlybeg South	54.20393	-10.01908	P	PPL	IE
9806015	Ardmore Lower	54.19705	-10.01677	P	PPL	IE
9806016	Curraghboy	54.19769	-10.0392	P	PPL	IE
9821235	Glencastle	54.1818	-9.87668	P	PPL	IE
9821236	Loughnahelly	54.16551	-9.91838	P	PPL	IE
9821237	Bunawillin	54.16105	-9.92877	P	PPL	IE
9864715	Lough Nakeeroge	53.9989	-10.13914	H	LK	IE
9866182	Knockmant	53.50579	-7.20249	P	PPL	IE
9866183	Porterstown	53.50102	-7.17885	P	PPL	IE
9866184	Newdown	53.51338	-7.18848	P	PPL	IE
9866185	Kerinstown and Balrowan	53.51445	-7.19636	P	PPL	IE
9866187	Sarsfieldstown	53.51081	-7.16454	P	PPL	IE
9866188	Mill Land	53.50714	-7.14658	P	PPL	IE
9866189	Rathwire Upper	53.51795	-7.15302	P	PPL	IE
9866190	Rathnarrow	53.51966	-7.16664	L	LCTY	IE
9866191	Castledown	53.52014	-7.18128	L	LCTY	IE
9866192	Cloncullen	53.52296	-7.19043	L	LCTY	IE
9866193	Glonickilvant	53.5348	-7.20169	P	PPL	IE
9866195	Rathbrack	53.52982	-7.16884	P	PPL	IE
9866196	Hodgestown	53.52613	-7.15135	P	PPL	IE
9866197	Edmondstown	53.53507	-7.1628	P	PPL	IE
9866198	Corbally	53.5397	-7.15516	L	LCTY	IE
9866199	Millerstown	53.53692	-7.15115	P	PPL	IE
9866200	Streamstown	53.54221	-7.20475	P	PPL	IE
9866201	Simonstown	53.52261	-7.1296	P	PPL	IE
9866203	Higginstown	53.5322	-7.13833	L	LCTY	IE
9866204	Thomastown	53.50292	-7.13041	P	PPL	IE
9866205	Ballyhaw	53.50197	-7.118	P	PPL	IE
9866206	Brulonstown	53.50677	-7.11041	P	PPL	IE
9866208	Curristown	53.5109	-7.11917	P	PPL	IE
9866209	Brutonstown Little	53.51465	-7.10895	L	LCTY	IE
9866210	Joristown Upper	53.52773	-7.11469	P	PPL	IE
9866213	Joristown Lower	53.53561	-7.12185	P	PPL	IE
9866214	Clonreagh	53.5393	-7.12346	P	PPL	IE
9866215	Corbetstown	53.54266	-7.13021	P	PPL	IE
9866216	Ralrass	53.51674	-7.07408	P	PPL	IE
9866217	Grange Beg	53.5106	-7.08273	P	PPL	IE
9866218	Riverdale	53.50504	-7.07191	P	PPL	IE
9866219	Clonbore	53.5233	-7.06489	P	PPL	IE
9866220	Belvue	53.53648	-7.04422	P	PPL	IE
9866221	Cloghanstown	53.51748	-7.0861	P	PPL	IE
9866222	Screggan	53.54329	-7.02957	L	LCTY	IE
9866223	Robbersbush	53.55521	-7.04017	P	PPL	IE
9866224	Bracklin	53.56912	-7.07135	L	LCTY	IE
9866225	Bracklin Lough	53.56377	-7.06985	H	LK	IE
9866226	Priesttown	53.54529	-7.12092	P	PPL	IE
9866227	Ballynaskeagh	53.55395	-7.10234	P	PPL	IE
9866228	Mucklin	53.56113	-7.10656	P	PPL	IE
9866229	Stonestown	53.57102	-7.10886	P	PPL	IE
9866230	Ballynacor	53.58274	-7.11421	L	LCTY	IE
9866231	Ballymaghery	53.58016	-7.12671	L	LCTY	IE
9866232	Graffanstown	53.57448	-7.13132	P	PPL	IE
9866234	Killagh	53.56471	-7.12879	P	PPL	IE
9866235	Greenan	53.56199	-7.13151	P	PPL	IE
9866236	Lunestown	53.55293	-7.13751	P	PPL	IE
9866238	Ballyowen	53.55978	-7.13945	P	PPL	IE
9866239	Dardistown	53.57042	-7.13993	P	PPL	IE
9866240	Hiskinstown	53.57881	-7.13288	P	PPL	IE
9866242	Chanonstown	53.55327	-7.15136	P	PPL	IE
9866245	Reynella Lough	53.56927	-7.16718	H	LK	IE
9866246	Williamstown	53.58057	-7.15018	P	PPL	IE
9866248	Ballycor	53.54597	-7.19383	P	PPL	IE
9866249	Aghadaugh	53.55222	-7.18753	P	PPL	IE
9866250	Turin	53.56795	-7.19123	P	PPL	IE
9866251	Balrath West	53.55855	-7.18378	P	PPL	IE
9866252	Balrath East	53.55685	-7.16985	P	PPL	IE
9866253	Balrath North	53.57064	-7.18764	P	PPL	IE
9866254	Knockbrack	53.57262	-7.21197	P	PPL	IE
9866255	Tevrin	53.57073	-7.20137	L	LCTY	IE
9866256	Clare	53.5739	-7.19035	P	PPL	IE
9866257	Crosserdree	53.5748	-7.18119	P	PPL	IE
9866259	Oldtown	53.57186	-7.19543	P	PPL	IE
9866261	Jeffrystown	53.58919	-7.20859	P	PPL	IE
9866262	Fennor	53.58981	-7.19282	P	PPL	IE
9866264	Killulagh	53.58859	-7.15606	P	PPL	IE
9866265	Dryderstown	53.59455	-7.15209	P	PPL	IE
9866266	Dysart	53.59535	-7.13549	P	PPL	IE
9866267	Mulchanstown	53.58695	-7.14441	P	PPL	IE
9866270	Caddagh	53.59928	-7.12271	P	PPL	IE
9866271	Lough Analla	53.60345	-7.13936	H	LK	IE
9866272	Billistown	53.59924	-7.10332	P	PPL	IE
9866274	Printinstown	53.606	-7.12582	P	PPL	IE
9866276	Mooretown	53.61038	-7.14482	P	PPL	IE
9866279	Rickardstown	53.6091	-7.18937	P	PPL	IE
9866281	Clondalever	53.60872	-7.21403	P	PPL	IE
9866282	Kilpatrick	53.62064	-7.21221	P	PPL	IE
9866284	Johnstown Lough	53.60619	-7.15394	H	LK	IE
9866285	Mullaghcroy	53.62796	-7.14708	P	PPL	IE
9866286	Lough Hoo	53.61567	-7.15309	H	LK	IE
9866288	Ballymacahil and Derries	53.63017	-7.16948	P	PPL	IE
9866289	Black Lough	53.62803	-7.17206	H	LK	IE
9866290	Long Lough	53.62954	-7.17278	H	LK	IE
9866291	Kennedy’s Lough	53.63274	-7.17101	H	LK	IE
9866292	Kilcumny	53.63164	-7.19084	P	PPL	IE
9866293	Robinstown	53.63813	-7.20708	L	LCTY	IE
9866294	Clondavreen	53.64	-7.20992	L	LCTY	IE
9866296	Johnstown	53.59994	-7.1699	P	PPL	IE
9866297	Gormanstown	53.63791	-7.16297	P	PPL	IE
9866298	Grangestown	53.63933	-7.15202	P	PPL	IE
9866299	Ballynaskeagh	53.61984	-7.12531	P	PPL	IE
9866300	Lough Nacarrick	53.62797	-7.13615	H	LK	IE
9866301	Long Lough	53.62856	-7.13001	H	LK	IE
9866302	Little Lough	53.6279	-7.12621	H	LK	IE
9866303	Mabestown	53.6354	-7.13468	P	PPL	IE
9866305	Ballinvally	53.62942	-7.12218	P	PPL	IE
9866306	Stonestown	53.63804	-7.10921	P	PPL	IE
9866307	Black Lough	53.62862	-7.10644	H	LK	IE
9866308	Bookers Lough	53.63045	-7.10326	H	LK	IE
9866311	Martinstown	53.59095	-7.09495	P	PPL	IE
9866312	Cartenstown	53.59089	-7.11778	P	PPL	IE
9866313	Bolandstown	53.58997	-7.08089	P	PPL	IE
9866314	Cumminstown	53.5984	-7.08296	P	PPL	IE
9866315	Mulliganstown	53.6459	-7.08762	P	PPL	IE
9866316	Moyleroe Big	53.62788	-7.09157	P	PPL	IE
9866317	Moyleroe Little	53.62575	-7.08344	P	PPL	IE
9866318	Clonagh Lake	53.62928	-7.08305	H	LK	IE
9866320	Clonarney	53.63475	-7.07495	P	PPL	IE
9866321	Cavestown and Rosmead	53.63706	-7.06088	P	PPL	IE
9866322	Ballinlig	53.64008	-7.0309	P	PPL	IE
9866323	Crowinstown Little	53.62884	-7.03659	P	PPL	IE
9866324	Loughanstown	53.6237	-7.03043	P	PPL	IE
9866325	Crowinstown Great	53.61656	-7.03396	P	PPL	IE
9866326	Stonestown	53.60587	-7.03477	P	PPL	IE
9866329	Ellenstown	53.61927	-7.07435	L	LCTY	IE
9866330	Robinstown Great	53.6245	-7.07036	P	PPL	IE
9866331	Robinstown Little	53.62732	-7.06382	L	LCTY	IE
9866332	Mitchelstown	53.61624	-7.06774	P	PPL	IE
9866333	Casstletowndelvin	53.61445	-7.08864	P	PPL	IE
9866335	Balrath South	53.59905	-7.07266	P	PPL	IE
9866336	Ballinlough	53.59743	-7.05787	L	LCTY	IE
9866337	Newtown	53.59414	-7.06182	P	PPL	IE
9866340	Clonleame	53.59208	-7.04173	P	PPL	IE
9866343	Lisclogher Great	53.59588	-7.00546	P	PPL	IE
9866344	Ballinn	53.60834	-7.01263	P	PPL	IE
9866347	Ballyhealy Lough	53.59998	-7.04855	H	LK	IE
9866348	Crowinstown Lough	53.62228	-7.03243	H	LK	IE
9866349	Dunganstown	53.62518	-7.10637	P	PPL	IE
9866350	Cunningham’s Lough	53.64432	-7.02052	H	LK	IE
9866353	Dervotstown	53.63435	-7.00694	P	PPL	IE
9866355	Cloran and Corcullentry	53.64001	-6.97729	P	PPL	IE
9866356	Paristown	53.63812	-7.00309	P	PPL	IE
9866357	Cloran Loughs	53.64811	-6.98777	H	LKS	IE
9866358	Moygrehan Lower	53.65298	-6.96506	P	PPL	IE
9866359	Moygrehan Upper	53.64776	-6.97792	P	PPL	IE
9866360	Knock Killua	53.65714	-6.98417	P	PPL	IE
9866361	Kilrush Lower	53.6555	-7.02132	P	PPL	IE
9866362	Newtown Lough	53.65707	-7.03427	H	LK	IE
9866363	Newtown	53.65236	-7.04486	P	PPL	IE
9866364	Carnybrogan	53.649	-7.05158	P	PPL	IE
9866366	Archerstown Lough	53.66008	-7.09698	H	LK	IE
9866368	Sheepstown	53.64916	-7.11854	P	PPL	IE
9866369	Brownstown	53.65949	-7.12896	P	PPL	IE
9866370	Kilgar	53.6746	-7.11954	P	PPL	IE
9866371	Lough Nasaggart	53.67375	-7.12896	H	LK	IE
9866373	Scurlockstown	53.64589	-7.14154	P	PPL	IE
9866374	Ben Lough	53.69428	-7.20587	H	LK	IE
9866375	Ben Lough Middle	53.69121	-7.20796	H	LK	IE
9866376	Ben Lough South	53.68792	-7.20659	H	LK	IE
9866377	Aghalasty and Ankersland	53.67532	-7.20076	P	PPL	IE
9866378	Christianstown	53.67281	-7.18461	P	PPL	IE
9866380	Balnavine	53.67976	-7.18004	P	PPL	IE
9866383	Cummerstown	53.66008	-7.17349	P	PPL	IE
9866386	Lough Glass	53.68513	-7.15146	H	LK	IE
9866387	Lough Adeel	53.65131	-7.16133	H	LK	IE
9866388	Cooleighter	53.64478	-7.1564	P	PPL	IE
9866389	Bananstown	53.65136	-7.17253	P	PPL	IE
9866390	Johnstown	53.65471	-7.17609	P	PPL	IE
9866391	Ballynagall	53.6436	-7.19296	P	PPLL	IE
9866392	Loughstown	53.63411	-7.16447	P	PPL	IE
9866393	Kilwalter	53.63304	-7.18215	P	PPL	IE
9866394	Glananea	53.63689	-7.18347	P	PPL	IE
9866421	Crossdrum Lower	53.75917	-7.18374	P	PPL	IE
9866422	Crossdrum Upper	53.7518	-7.17656	P	PPL	IE
9866423	Glebe	53.75067	-7.18816	P	PPL	IE
9866425	Ballynagranshy	53.7497	-7.20698	P	PPLL	IE
9866426	Moat	53.7633	-7.21009	P	PPL	IE
9866428	Tubride	53.75546	-7.16469	P	PPL	IE
9866429	Knockbrack	53.74363	-7.1624	P	PPL	IE
9866430	Glebe	53.7443	-7.15483	P	PPL	IE
9866431	Forkill	53.74859	-7.1533	L	LCTY	IE
9866432	Knockmacoony	53.76297	-7.14217	P	PPL	IE
9866433	Mullagh	53.73987	-7.1528	P	PPL	IE
9866434	Rahaghy	53.73691	-7.14807	P	PPL	IE
9866435	Drumsawry	53.75203	-7.13655	P	PPL	IE
9866436	Carnbane	53.74646	-7.14115	P	PPL	IE
9866437	Newtown	53.73346	-7.12498	P	PPL	IE
9866439	Ballinvally	53.75397	-7.11101	P	PPL	IE
9866441	Boolies	53.7637	-7.12309	P	PPL	IE
9866442	Ballynamona	53.72813	-7.11405	P	PPL	IE
9866443	Corstown	53.73642	-7.10999	P	PPL	IE
9866444	Balrath	53.7391	-7.09535	L	LCTY	IE
9866446	Thomastown	53.71818	-7.09663	P	PPL	IE
9866447	Galleastown	53.72274	-7.10961	L	LCTY	IE
9866448	Carrickawaddy	53.72446	-7.12144	L	LCTY	IE
9866449	Milltown	53.72783	-7.16952	P	PPL	IE
9866450	Belleek	53.71218	-7.14096	P	PPL	IE
9866451	Springhall	53.73075	-7.18396	P	PPL	IE
9866452	Moylagh	53.72153	-7.18733	P	PPL	IE
9866453	Murrens	53.7236	-7.20125	P	PPL	IE
9866454	Togher	53.72681	-7.20672	L	LCTY	IE
9866455	Togher Lough	53.72827	-7.20889	H	LK	IE
9866456	Cooherty’s Lough	53.72802	-7.20647	H	LK	IE
9866457	Inishatinny Lough	53.73139	-7.1935	H	LK	IE
9866458	Lough Bane North	53.72751	-7.20418	H	LK	IE
9866459	Lough Bane South	53.72681	-7.20342	H	LK	IE
9866460	Annagh	53.71582	-7.20725	L	LCTY	IE
9866461	Greenan	53.7179	-7.19412	P	PPL	IE
9866462	Garrynabolie	53.71981	-7.1714	P	PPL	IE
9866463	Loch Craobh	53.71803	-7.12773	H	LK	IE
9866464	Lough Roe	53.71218	-7.13333	H	LK	IE
9866465	Bleach Lough	53.71167	-7.14821	H	LK	IE
9866484	Keenaghan	53.68185	-7.13282	P	PPL	IE
9866486	Gortloney	53.71082	-7.15321	P	PPL	IE
9866487	Ballintogher	53.70243	-7.15979	P	PPL	IE
9866489	Lurganboy	53.69362	-7.15107	P	PPL	IE
9866491	Ballinlough	53.69212	-7.16894	P	PPL	IE
9866492	Lough Glass North	53.69433	-7.18935	H	LK	IE
9866493	Glenaward	53.70872	-7.19673	P	PPL	IE
9866494	Knocklough	53.70815	-7.13296	P	PPL	IE
9866496	Galmoystown	53.70045	-7.12031	P	PPL	IE
9866497	Herbertstown	53.68843	-7.10668	P	PPL	IE
9866500	Cross Keys	53.68665	-7.12795	P	PPL	IE
9866501	Rathbrack	53.69052	-7.13578	L	LCTY	IE
9866503	Ballany Lough	53.69897	-7.19995	H	LK	IE
9866504	Ballany	53.70034	-7.20013	P	PPL	IE
9866519	Geehanstown	53.66176	-7.08911	P	PPL	IE
9866520	Loughanbran	53.67605	-7.08172	P	PPL	IE
9866522	Diamor	53.70843	-7.08439	L	LCTY	IE
9866524	Galboystown	53.66823	-7.03638	P	PPL	IE
9866525	Hartstown	53.6817	-7.02296	P	PPL	IE
9866526	Rathniska	53.70056	-7.0107	P	PPL	IE
9866527	Saraghstown	53.69076	-7.02701	P	PPL	IE
9866529	Lough Shesk	53.65928	-7.06582	H	LK	IE
9866530	Freekan Lough	53.65252	-7.06156	H	LK	IE
9866531	Stranaboll	53.65384	-7.07073	P	PPL	IE
9866532	Cloneveran	53.65978	-7.05952	P	PPL	IE
9866535	Killacroy	53.66377	-7.05783	P	PPL	IE
9866537	Shanco	53.68313	-7.04403	P	PPL	IE
9866555	Rathbrack	53.66656	-7.07191	P	PPL	IE
9866557	Stillafiddler Lough	53.67064	-7.06264	H	LK	IE
9866558	Loughanderg	53.67728	-7.0502	P	PPL	IE
9866559	Killallon	53.67843	-7.06193	P	PPL	IE
9866562	Newtown	53.68602	-7.06505	P	PPL	IE
9866564	Gibbonstown	53.69355	-7.04857	P	PPL	IE
9866567	Pigotstown	53.68812	-7.09763	P	PPL	IE
9866568	Clongowny	53.6793	-7.09507	P	PPL	IE
9866569	Monennican	53.67327	-7.07751	P	PPL	IE
9866570	Newtown Lough	53.6947	-7.07772	H	LK	IE
9866571	Lordstown	53.70141	-7.06154	P	PPL	IE
9866572	Firpark	53.70825	-7.05068	P	PPL	IE
9866574	Carrick	53.70915	-7.00284	P	PPL	IE
9866578	Ardglassan	53.71191	-7.03522	P	PPL	IE
9866579	Carnelrussel	53.71572	-7.03969	L	LCTY	IE
9866580	Dogstown	53.72277	-7.03323	P	PPL	IE
9866584	Smithstown	53.73392	-7.02925	P	PPL	IE
9866588	Philipstown	53.72704	-7.05907	P	PPL	IE
9866589	Ballinlough	53.73529	-7.03285	P	PPL	IE
9866591	Knockrath	53.74023	-7.0637	P	PPL	IE
9866592	Ballinlouth Little	53.74464	-7.03565	P	PPL	IE
9866595	Patrickstown	53.74752	-7.07668	P	PPL	IE
9866598	Lough Crewe Forest	53.74945	-7.0669	V	FRST	IE
9866600	Kingsmountain	53.7591	-7.02986	P	PPL	IE
9866601	Ballyhist	53.74788	-7.0232	P	PPL	IE
9866603	Pottlereagh	53.76358	-7.01459	P	PPL	IE
9866604	Balgree	53.75958	-6.99775	P	PPL	IE
9866605	Pottlebane	53.75129	-6.98807	P	PPL	IE
9866606	Derver	53.76539	-6.98487	P	PPL	IE
9866607	Rahendrick	53.76312	-6.96826	P	PPL	IE
9866610	Boltown	53.70678	-6.98753	P	PPL	IE
9866611	Deer Park	53.72329	-6.98372	L	LCTY	IE
9866612	Balnagon Upper	53.71884	-6.9814	P	PPL	IE
9866613	Seymourstown Black	53.73959	-6.99854	P	PPL	IE
9866614	Seymourstown White	53.73154	-6.9892	P	PPL	IE
9866615	Castlekeeran	53.73067	-6.96112	P	PPL	IE
9866618	Light Town	53.71796	-6.94746	P	PPL	IE
9866619	Ballally	53.72256	-6.95257	P	PPL	IE
9866620	Springville	53.70862	-6.9647	P	PPL	IE
9866621	Drumbaragh	53.72626	-6.93909	P	PPL	IE
9866622	Destinrath	53.72725	-6.92629	L	LCTY	IE
9866623	Sheeny	53.72712	-6.91405	P	PPL	IE
9866624	Newrath Big	53.72846	-6.89824	P	PPL	IE
9866625	Newrath Little	53.7196	-6.89214	P	PPL	IE
9866626	Rafeehan	53.70878	-6.92543	P	PPL	IE
9866628	Barfordstown	53.7043	-6.91016	P	PPL	IE
9866629	The Rhine	53.70992	-6.90957	P	PPL	IE
9866630	Lackmelch	53.71285	-6.9022	P	PPL	IE
9866631	Rockfield	53.7106	-6.88593	P	PPL	IE
9866632	Cannonstown	53.70446	-6.88382	P	PPL	IE
9866633	Pepperstown	53.70118	-6.90044	P	PPL	IE
9866634	Chapelbride	53.70972	-6.92818	P	PPL	IE
9866635	Calliaghstown	53.71511	-6.9022	P	PPL	IE
9866636	Balgeeth	53.69929	-6.94251	P	PPL	IE
9866638	Boolies	53.71796	-6.91747	L	LCTY	IE
9866639	Castlepole	53.73592	-6.92902	P	PPL	IE
9866643	Ballynamona	53.74679	-6.93201	P	PPL	IE
9866645	Cornasaus	53.76306	-6.94277	P	PPL	IE
9866646	Clonfinnan	53.75402	-6.94083	P	PPL	IE
9866647	Woodpole	53.74915	-6.97129	P	PPL	IE
9866649	Maperath	53.76344	-6.91005	P	PPL	IE
9866651	Balnagon Lower	53.72732	-6.97321	P	PPL	IE
9866654	Dulane	53.75036	-6.88565	P	PPL	IE
9866655	Whitecommons	53.74234	-6.88442	P	PPL	IE
9866656	Febog	53.70109	-6.87943	P	PPLL	IE
9866658	Inan	53.4968	-7.04009	P	PPL	IE
9866659	Bigisland	53.50035	-7.02691	L	LCTY	IE
9866660	Clondalee More	53.50101	-7.01322	P	PPL	IE
9866661	Clonycovan	53.52301	-6.9917	P	PPL	IE
9866662	Robinstown	53.53452	-7.00557	P	PPL	IE
9866663	Glack	53.51214	-6.97664	P	PPL	IE
9866664	Clonygrange	53.53268	-6.98596	P	PPL	IE
9866665	Batterstown	53.4996	-6.97327	P	PPL	IE
9866666	Coolronan	53.55749	-6.99896	P	PPL	IE
9866668	Killaconnigan	53.53737	-7.00035	L	LCTY	IE
9866669	Carranstown Great	53.55362	-6.98714	P	PPL	IE
9866670	Carranstown Little	53.5453	-6.98678	P	PPL	IE
9866672	Crossanstown	53.54576	-6.96075	P	PPL	IE
9866674	Rathkenna	53.5588	-6.9556	P	PPL	IE
9866676	Woodtown	53.57026	-6.97849	P	PPL	IE
9866678	Ballynadrimna	53.57901	-6.96572	P	PPL	IE
9866681	Baskinagh Upper	53.5799	-6.95237	P	PPL	IE
9866682	Baskinagh Lower	53.57305	-6.94742	P	PPL	IE
9866683	Rathcormick	53.56586	-6.9455	P	PPL	IE
9866684	Balrath	53.59411	-6.97362	P	PPL	IE
9866685	Causestown	53.60748	-6.96837	P	PPL	IE
9866686	Pluckstown	53.6176	-6.96195	P	PPL	IE
9866687	Lisclogher Little	53.60489	-6.98126	P	PPL	IE
9866688	Knocknahatlin	53.62099	-6.94817	P	PPL	IE
9866689	Knockshangan	53.62579	-6.94965	P	PPL	IE
9866691	Castletown	53.61697	-6.93302	P	PPL	IE
9866692	Fraine	53.60099	-6.93802	P	PPL	IE
9866693	Higginstown	53.60159	-6.95482	P	PPL	IE
9866695	Grennanstown	53.6221	-6.97316	P	PPL	IE
9866697	Chapel Land	53.61461	-6.95217	L	LCTY	IE
9866698	Town Parks	53.61966	-6.92483	P	PPLL	IE
9866699	Martinstown	53.63312	-6.93502	P	PPL	IE
9866702	Kilkeelan	53.64342	-6.94657	P	PPL	IE
9866703	Clonleasan	53.65833	-6.94293	P	PPL	IE
9866704	White Lough	53.66391	-6.95427	H	LK	IE
9866705	Black Lough	53.66148	-6.95759	H	LK	IE
9866706	Drewstown Little	53.66351	-6.971	P	PPL	IE
9866709	Cloncat	53.68033	-6.95532	P	PPL	IE
9866711	Scurlockstown	53.68873	-6.95068	P	PPL	IE
9866715	Johnstown	53.67649	-6.9761	P	PPL	IE
9866717	Robinstown	53.69437	-6.97246	P	PPL	IE
9866718	Rodstown	53.69698	-6.92771	P	PPL	IE
9866719	Ethelstown	53.69028	-6.92907	P	PPL	IE
9866720	Meenlagh	53.74726	-6.94593	P	PPL	IE
9866721	Portan	53.50944	-6.94894	P	PPL	IE
9866722	Muchwood	53.51795	-6.93859	P	PPL	IE
9866723	Portlester	53.53093	-6.93352	P	PPL	IE
9866725	Shanco	53.5393	-6.92778	P	PPL	IE
9866727	Corballis	53.55009	-6.94508	P	PPL	IE
9866732	Fearmore	53.50844	-6.87963	P	PPL	IE
9866735	Glebe	53.50785	-6.92071	P	PPL	IE
9866736	Moyfeagher	53.52347	-6.91108	P	PPL	IE
9866738	Brannockstown	53.50426	-6.85215	P	PPL	IE
9866740	Monktown	53.5242	-6.87367	P	PPL	IE
9866741	Batterstown	53.51382	-6.88045	P	PPL	IE
9866742	Kilmurry	53.53263	-6.87254	P	PPL	IE
9866743	Bellewstown	53.54594	-6.85461	P	PPL	IE
9866745	Derrindaly	53.52177	-6.85018	P	PPL	IE
9866746	Portanab	53.55252	-6.90182	P	PPL	IE
9866747	Pubblestown	53.55258	-6.89275	P	PPL	IE
9866748	Woodtown	53.54586	-6.87856	L	LCTY	IE
9866749	Ballymulmore	53.5133	-6.89605	P	PPL	IE
9866752	Ballaghtallon	53.56043	-6.88034	P	PPL	IE
9866753	Moat Town	53.55792	-6.86537	P	PPL	IE
9866755	Tremblestown	53.56196	-6.85395	P	PPL	IE
9866758	Kilnagross	53.55473	-6.83663	P	PPL	IE
9866759	Roristown	53.53681	-6.83651	P	PPL	IE
9866763	Lady Island	53.55723	-6.84902	L	LCTY	IE
9866768	Kennastown	53.53757	-6.82997	P	PPL	IE
9866769	Newhaggard	53.55218	-6.82394	P	PPL	IE
9866770	Dogstown	53.53651	-6.80835	P	PPL	IE
9866771	Carberrystown	53.52948	-6.81398	P	PPL	IE
9866773	Moneymore	53.51469	-6.81548	P	PPL	IE
9866774	Summerstown	53.51313	-6.79839	P	PPL	IE
9866775	Moynasboy	53.53065	-6.79941	P	PPL	IE
9866776	Commons	53.54239	-6.80159	P	PPL	IE
9866777	Newtownmoynagh	53.52004	-6.82567	P	PPL	IE
9866778	Boards Mill	53.52084	-6.84608	L	LCTY	IE
9866779	Tromman	53.49567	-6.83184	P	PPL	IE
9866780	Castletown	53.50616	-6.8303	P	PPL	IE
9866783	Umberstown Great	53.50201	-6.76574	P	PPL	IE
9866784	Umberstown Little	53.5126	-6.77158	P	PPL	IE
9866785	Coolderry	53.49525	-6.78108	P	PPL	IE
9866786	Rathfleak	53.50044	-6.7939	P	PPL	IE
9866787	Stonehall	53.53929	-6.78947	P	PPL	IE
9866788	Stokestown	53.52282	-6.77275	P	PPL	IE
9866796	Tullaghmedan	53.51188	-6.63039	P	PPL	IE
9866797	Derrypatrick	53.50751	-6.65555	P	PPL	IE
9866799	Arodstown	53.49225	-6.66592	P	PPL	IE
9866801	Clongulery	53.53751	-6.64762	P	PPL	IE
9866802	Athronan	53.54042	-6.64682	P	PPL	IE
9866804	Grange	53.60601	-6.67165	P	PPL	IE
9866805	Odder	53.56817	-6.62417	P	PPL	IE
9866808	Foxtown	53.52385	-6.71211	P	PPL	IE
9866809	Adamstown	53.53842	-6.74256	P	PPL	IE
9866810	Shanbo	53.60667	-6.72648	P	PPL	IE
9866812	Macetown	53.61641	-6.70553	P	PPL	IE
9866815	Meadstown	53.61068	-6.79439	P	PPL	IE
9866817	Gainstown	53.6234	-6.70973	P	PPL	IE
9866818	Windtown	53.66984	-6.70333	P	PPL	IE
9866819	Moymet	53.58715	-6.82003	P	PPL	IE
9866821	Drissoge	53.61845	-6.84277	P	PPL	IE
9866822	Clonymore	53.63107	-6.85512	P	PPL	IE
9866823	Rathbonny	53.63545	-6.841	P	PPL	IE
9866827	Roestown	53.71939	-6.61348	P	PPL	IE
9866828	Rochestown	53.72404	-6.62937	P	PPL	IE
9866829	Scottstown	53.7187	-6.64794	P	PPL	IE
9866830	Rathcoon	53.70392	-6.65886	P	PPL	IE
9866832	Demailestown	53.7213	-6.68469	P	PPL	IE
9866833	Chamberstown	53.73429	-6.65608	P	PPL	IE
9866835	Mullagha	53.72506	-6.6468	P	PPL	IE
9866836	Clynch	53.73468	-6.69974	P	PPL	IE
9866838	Phoenixtown	53.68614	-6.7982	P	PPL	IE
9866839	Oldtown	53.67448	-6.80043	P	PPL	IE
9866840	Scallanstown	53.68389	-6.75281	P	PPL	IE
9866843	Milestown	53.69839	-6.73829	P	PPL	IE
9866844	Bloomsberry	53.71359	-6.79566	P	PPL	IE
9866845	Irishtown	53.63323	-6.77054	P	PPL	IE
9866846	Betaghstown	53.64075	-6.7506	P	PPL	IE
9866847	Neillstown	53.65106	-6.77149	P	PPL	IE
9866848	Hanlonstown	53.63047	-6.72304	P	PPL	IE
9866849	Curraghtown	53.62317	-6.72987	P	PPL	IE
9866850	Crannaghtown	53.6782	-6.88329	P	PPL	IE
9866851	Volvenstown	53.67583	-6.88765	P	PPL	IE
9866852	Balrathboyne Glebe	53.67395	-6.8707	P	PPL	IE
9866853	Moyagher Lower	53.66961	-6.84431	P	PPL	IE
9866854	Milltown	53.664	-6.83691	P	PPL	IE
9866855	Balruntagh	53.65744	-6.84808	P	PPLL	IE
9866856	Jamestown	53.65289	-6.83853	P	PPL	IE
9866857	Herbertstown	53.65471	-6.81962	P	PPL	IE
9866858	Jordanstown	53.66405	-6.80055	P	PPL	IE
9866860	Fordstown	53.66982	-6.90175	P	PPL	IE
9866861	Piercetown	53.68777	-6.89975	P	PPL	IE
9866862	Chamberlainstown	53.67899	-6.91839	P	PPL	IE
9866863	Girley	53.66241	-6.9186	P	PPL	IE
9866864	Gillstown Little	53.64595	-6.90945	P	PPL	IE
9866865	Gillstown Great	53.6427	-6.9091	P	PPL	IE
9866866	Newtown Girley	53.65545	-6.88277	P	PPL	IE
9866867	Greetlagh	53.65032	-6.8052	V	FRST	IE
9866868	Ongenstown	53.63888	-6.77673	P	PPL	IE
9866869	Durhamstown	53.65747	-6.77674	P	PPL	IE
9866870	Rodstown	53.66971	-6.82353	P	PPL	IE
9866872	Nugentstown	53.69529	-6.84101	P	PPL	IE
9866873	Athgaine Little	53.68869	-6.83034	P	PPL	IE
9866874	Cookstown Little	53.68621	-6.84807	P	PPL	IE
9866875	Martry	53.69585	-6.8046	P	PPL	IE
9866876	Kilmainham	53.71339	-6.83976	P	PPL	IE
9866877	Sedenrath	53.72859	-6.83001	P	PPL	IE
9866879	Milltown	53.69059	-6.87483	P	PPL	IE
9866880	Cookstown Great	53.69579	-6.85671	P	PPL	IE
9866881	Grangegoddan Glebe	53.70847	-6.8638	P	PPL	IE
9866882	Maudlin	53.73728	-6.86465	P	PPL	IE
9866884	Fyanstown	53.72355	-6.8057	P	PPL	IE
9866885	Rossmeen	53.73681	-6.80764	P	PPL	IE
9866888	Castlemartin	53.68276	-6.7801	L	LCTY	IE
9866893	Balsaw	53.72416	-6.71004	P	PPL	IE
9866897	Clongill	53.7274	-6.75128	P	PPL	IE
9866898	Dowdstown	53.74766	-6.7522	P	PPLL	IE
9866899	Red Island	53.73833	-6.77687	L	LCTY	IE
9866902	Silloge	53.69958	-6.6975	P	PPL	IE
9866903	Gibstown	53.70756	-6.74043	P	PPL	IE
9866904	Gibstown Demesne	53.70825	-6.74869	P	PPL	IE
9866908	Moortown	53.70922	-6.71366	P	PPL	IE
9866909	Knockstown	53.55727	-6.69889	P	PPL	IE
9866911	Finlaghtown Little	53.54772	-6.7022	P	PPL	IE
9866912	Finlaghtown Great	53.55356	-6.70978	P	PPL	IE
9866913	Kilcarty	53.5402	-6.67232	P	PPL	IE
9866914	Curtistown Upper	53.55248	-6.67976	P	PPL	IE
9866916	Baldoyle	53.55637	-6.67455	P	PPL	IE
9866918	Walterstown	53.53368	-6.70045	P	PPL	IE
9866919	Creroge	53.55356	-6.70978	P	PPL	IE
9866921	Ballynavaddog	53.56728	-6.68349	P	PPL	IE
9866922	Cooljohn	53.57077	-6.68201	P	PPL	IE
9866923	Ardbrackan	53.54176	-6.71267	P	PPL	IE
9866925	Castletownmoor	53.76027	-6.78426	P	PPL	IE
9866926	Emlagh	53.75229	-6.80706	L	LCTY	IE
9866928	Balreask	53.75067	-6.83413	P	PPL	IE
9866929	Grange Glebe	53.7401	-6.83141	P	PPL	IE
9866931	Grange	53.67416	-6.77357	P	PPL	IE
9866932	Hurdlestown	53.70293	-6.80815	P	PPL	IE
9866933	Mullaghard	53.67798	-6.7273	P	PPL	IE
9866934	Tatestown	53.68865	-6.74142	P	PPL	IE
9866936	Knightstown	53.74786	-6.7181	P	PPL	IE
9866937	Fletcherstown	53.74298	-6.74079	P	PPL	IE
9866939	Ladyrath	53.74864	-6.67265	P	PPL	IE
9866940	Dowthstown	53.74387	-6.73557	P	PPL	IE
9866941	Tankardrath	53.71468	-6.70849	P	PPL	IE
9866942	Graigs	53.69592	-6.64911	P	PPL	IE
9866943	Antylstown	53.68431	-6.66108	P	PPL	IE
9866944	Proudstown	53.68052	-6.67595	P	PPL	IE
9866946	Simonstown	53.67748	-6.69854	P	PPL	IE
9866947	Batterstown	53.67259	-6.67694	P	PPL	IE
9866948	Dunmoe	53.6836	-6.6319	P	PPL	IE
9866949	Cruicetown	53.69365	-6.60923	P	PPL	IE
9866950	Causestown	53.70582	-6.63285	P	PPL	IE
9866951	Harmanstown	53.69537	-6.62106	P	PPL	IE
9866954	Kingstown and Carnuff Great	53.66357	-6.6116	P	PPL	IE
9866955	Harristown	53.65542	-6.61895	P	PPL	IE
9866957	Mooretown	53.64404	-6.61805	P	PPL	IE
9866958	Alexander Reid	53.64756	-6.63467	P	PPL	IE
9866959	Ferganstown and Ballymacon	53.65922	-6.64823	P	PPL	IE
9866964	Nevinstown	53.65977	-6.70654	P	PPL	IE
9866966	Whistlemount	53.65912	-6.72176	P	PPL	IE
9866967	Neillstown Park	53.65261	-6.73021	L	PRK	IE
9866970	Mullaghboy	53.64501	-6.70765	P	PPL	IE
9866971	Commons	53.64078	-6.70937	P	PPL	IE
9866973	Robinrath	53.64426	-6.71739	P	PPL	IE
9866974	Parkboy	53.64152	-6.72541	P	PPL	IE
9866975	Boyerstown	53.63751	-6.73203	P	PPL	IE
9866976	Duncansland	53.63438	-6.7099	P	PPL	IE
9866977	Clonmalevan	53.61605	-6.71311	P	PPL	IE
9866978	Mullaghmore	53.63014	-6.74204	P	PPL	IE
9866979	Rataine	53.60455	-6.73538	P	PPL	IE
9866981	Halltown	53.62536	-6.76944	P	PPL	IE
9866982	Churchtown	53.62076	-6.76337	P	PPL	IE
9866983	Philpotstown	53.60959	-6.75748	P	PPL	IE
9866984	Dunlough	53.59287	-6.75529	P	PPL	IE
9866985	Yellow Walls	53.59215	-6.7751	P	PPL	IE
9866986	Balgill	53.59887	-6.69623	P	PPL	IE
9866987	Gillstown	53.60135	-6.70278	P	PPL	IE
9866989	Philpotstown	53.6234	-6.68982	P	PPL	IE
9866991	Balsoon	53.58703	-6.69677	P	PPL	IE
9866992	Assey	53.58854	-6.67767	P	PPL	IE
9866993	Bonfield	53.59196	-6.67356	P	PPL	IE
9866994	Bellewstown	53.6061	-6.70952	P	PPL	IE
9866995	Ballardan Great	53.6024	-6.77425	P	PPL	IE
9866996	Ballardan Little	53.59944	-6.77592	P	PPL	IE
9866997	Iskaroon Little	53.59614	-6.77564	L	LCTY	IE
9866998	Loganstown	53.55383	-6.7519	P	PPL	IE
9866999	Littlerath	53.56227	-6.75263	P	PPLL	IE
9867000	Kiltoome	53.56867	-6.76311	P	PPL	IE
9867001	Kilcooly	53.57255	-6.75008	P	PPLL	IE
9867002	Freffans Great	53.52806	-6.73366	P	PPL	IE
9867004	Freffans Little	53.53163	-6.76078	P	PPL	IE
9867005	Maudlin	53.54619	-6.77249	L	LCTY	IE
9867006	Knightsbrook	53.53229	-6.77584	P	PPL	IE
9867008	Readstown	53.52123	-6.75983	P	PPL	IE
9867009	Fosterstown	53.54194	-6.79345	P	PPL	IE
9867010	Shanlothe	53.54252	-6.78587	P	PPL	IE
9867017	Brownstown	53.54071	-6.77156	L	LCTY	IE
9867019	Peterstown	53.56383	-6.77475	P	PPL	IE
9867023	Cloneens	53.56586	-6.79014	L	LCTY	IE
9867024	Blackfriary	53.5677	-6.78797	P	PPL	IE
9867026	Steeplestown	53.57381	-6.7982	P	PPL	IE
9867027	Crowpark	53.55942	-6.80749	L	LCTY	IE
9867028	Dunleever Glebe	53.56417	-6.82297	P	PPL	IE
9867030	Capranny	53.56448	-6.83629	P	PPL	IE
9867032	Newtownclonbun	53.5731	-6.77949	P	PPL	IE
9867034	Addanstown	53.57956	-6.8559	P	PPL	IE
9867035	Gormanstown	53.57311	-6.86608	P	PPL	IE
9867036	Aghathomas	53.5756	-6.8578	P	PPL	IE
9867037	Phillinstown	53.57271	-6.85252	P	PPL	IE
9867038	Greatfurze	53.56537	-6.85753	P	PPL	IE
9867039	Stonestown	53.60044	-6.80464	P	PPL	IE
9867041	Iskaroon	53.59441	-6.79204	P	PPL	IE
9867042	Raheenacrehy	53.5839	-6.80749	P	PPL	IE
9867043	Oakstown	53.57054	-6.83129	P	PPL	IE
9867045	Clonfane	53.57841	-6.83818	P	PPL	IE
9867046	Woodside	53.56888	-6.81998	P	PPL	IE
9867047	Clondavan	53.57054	-6.81014	P	PPL	IE
9867048	Phillistown	53.56957	-6.80511	P	PPL	IE
9867049	Ballynafeeragh	53.56607	-6.80858	L	LCTY	IE
9867053	Kildakey	53.57838	-6.9186	P	PPLL	IE
9867054	Clonmore	53.59069	-6.90446	P	PPL	IE
9867055	Stocks	53.60533	-6.91843	P	PPL	IE
9867056	Otterstown	53.61252	-6.91471	P	PPL	IE
9867189	Neillstown	53.57967	-6.88502	P	PPL	IE
9867191	Moat	53.75267	-6.92395	P	PPL	IE
9867193	Turkstown	53.76177	-6.87036	P	PPL	IE
9867194	Mountainpole	53.74544	-6.89169	P	PPL	IE
9867199	Mullaghey	53.7452	-6.86699	P	PPL	IE
9867201	Gardenrath	53.71632	-6.8674	L	LCTY	IE
9867202	Large Island	53.7321	-6.85539	T	ISL	IE
9867203	Small Island	53.7296	-6.85066	T	ISL	IE
9867204	Knockglass	53.7564	-6.87235	P	PPL	IE
9867206	Mahonstown	53.76287	-6.86198	P	PPL	IE
9867207	Normanstown	53.75575	-6.84185	P	PPL	IE
9867208	Gravelstown	53.76064	-6.81654	P	PPL	IE
9867211	Saint Johns Rath	53.76298	-6.77137	P	PPL	IE
9867212	Drakestown	53.76282	-6.74596	L	LCTY	IE
9867214	Coghalstown	53.73664	-6.67913	P	PPL	IE
9867215	Knock	53.76043	-6.67967	P	PPL	IE
9867217	Mullaghroe	53.72921	-6.62609	P	PPL	IE
9867218	Braystown	53.73263	-6.60832	P	PPL	IE
9867219	Faganstown	53.73042	-6.60952	P	PPL	IE
9867220	Gernonstown	53.72668	-6.61475	P	PPL	IE
9867221	Horistown	53.74762	-6.62488	P	PPL	IE
9867222	Tankardstown	53.74103	-6.61315	P	PPL	IE
9867223	Black Lough	53.74654	-6.63433	H	LK	IE
9867224	Rushwee	53.7118	-6.61188	P	PPL	IE
9867225	Curniaghanstown	53.71064	-6.62951	P	PPL	IE
9867227	Dunderk	53.71191	-6.64313	P	PPL	IE
9867228	Corballis	53.71386	-6.66409	P	PPL	IE
9867229	Stackallan	53.6991	-6.61464	P	PPL	IE
9867232	Taaffe’s Loch	53.67502	-6.62235	L	LCTY	IE
9867233	Ardmulchan	53.66801	-6.62346	P	PPL	IE
9867235	Follistown	53.63925	-6.61129	P	PPL	IE
9867236	Brannanstown	53.64207	-6.62851	P	PPL	IE
9867237	Morrell	53.63346	-6.62309	L	LCTY	IE
9867238	Oldtown	53.62405	-6.61735	P	PPL	IE
9867240	Johnstown	53.63793	-6.64956	P	PPL	IE
9867241	Bailis	53.64691	-6.65551	P	PPL	IE
9867242	Boynehill	53.62485	-6.66305	P	PPL	IE
9867243	Ballybatter	53.62969	-6.66608	P	PPL	IE
9867246	Knockumber	53.64916	-6.72203	P	PPL	IE
9867247	Liscartan	53.66678	-6.72264	P	PPL	IE
9867249	Tullaghanstown	53.63176	-6.80381	P	PPL	IE
9867250	Banestown	53.68012	-6.82854	P	PPL	IE
9867251	Rathmore	53.64585	-6.8598	P	PPL	IE
9867252	Ballyboy	53.63908	-6.88539	P	PPL	IE
9867253	Mooneystown	53.64686	-6.87978	P	PPL	IE
9867254	Athgaine Great	53.67803	-6.84457	P	PPL	IE
9867255	Betaghstown	53.68187	-6.85795	P	PPL	IE
9867256	Hospital Land	53.63494	-6.91547	L	LCTY	IE
9867257	Fostersfield	53.63276	-6.9076	P	PPL	IE
9867258	Curleyland and Mill Land	53.63238	-6.89718	P	PPL	IE
9867259	Reily’s Cross	53.67625	-6.99267	L	LCTY	IE
9867260	Wardstown	53.62437	-6.87395	P	PPL	IE
9867261	Eightyeight Acres	53.62167	-6.9046	P	PPL	IE
9867262	Fordrath	53.61532	-6.89759	P	PPL	IE
9867264	Rathcarran	53.61407	-6.8596	P	PPL	IE
9867265	Vessingtown	53.59557	-6.88069	P	PPL	IE
9867266	Kilbride	53.59807	-6.83509	P	PPL	IE
9867267	Friarspark	53.58163	-6.80199	L	LCTY	IE
9867268	Broad	53.56733	-6.7802	L	LCTY	IE
9867269	Ardgreagh	53.58424	-6.77458	P	PPL	IE
9867271	Grange	53.56076	-6.72376	P	PPL	IE
9867272	Dunganny	53.57538	-6.74206	P	PPL	IE
9867273	Cloncullen	53.5861	-6.74284	P	PPL	IE
9867275	Balbrigh	53.58457	-6.73064	P	PPL	IE
9867280	Ennistown	53.57438	-6.69244	P	PPL	IE
9867281	Balreask	53.57597	-6.67983	P	PPL	IE
9867282	Craystown	53.58301	-6.68672	P	PPL	IE
9867283	Trubley	53.56897	-6.71728	P	PPL	IE
9867284	Ballina	53.57746	-6.70055	L	LCTY	IE
9867285	Balgeeth	53.58311	-6.66339	P	PPL	IE
9867288	Riverstown	53.58486	-6.63515	P	PPL	IE
9867289	Castletown Tara	53.58205	-6.62695	P	PPL	IE
9867290	Jordanstown	53.59171	-6.62339	P	PPL	IE
9867294	Philpotstown	53.60745	-6.61236	P	PPL	IE
9867295	Ringlestown	53.56905	-6.64529	P	PPL	IE
9867296	Farranderry	53.61096	-6.68508	L	LCTY	IE
9867297	Castleboy	53.57375	-6.61236	P	PPL	IE
9867298	Fodeen	53.57613	-6.61226	L	LCTY	IE
9867299	Belpere	53.55302	-6.61947	L	LCTY	IE
9867300	Arlonstown	53.5552	-6.62519	P	PPL	IE
9867301	Tullykane	53.55408	-6.63759	P	PPL	IE
9867302	Swainstown	53.55059	-6.64718	P	PPL	IE
9867304	Dunsany	53.53988	-6.61925	P	PPL	IE
9867305	Lamberstown	53.5509	-6.66138	P	PPL	IE
9867307	Crumpstown	53.54131	-6.69548	P	PPL	IE
9867309	Scurlockstown	53.54682	-6.73489	P	PPL	IE
9867310	Clonylogan	53.56592	-6.89148	P	PPL	IE
9867311	Derryconor	53.50097	-6.98417	P	PPL	IE
9867314	Ginnets Great	53.50613	-6.73511	P	PPL	IE
9867315	Ginnets Little	53.50167	-6.74025	P	PPL	IE
9867316	Drumard	53.49802	-6.73607	P	PPL	IE
9867319	Blackcut	53.50645	-6.69289	P	PPL	IE
9867320	Basketstown	53.50516	-6.71914	P	PPL	IE
9867321	Windtown	53.51904	-6.71771	P	PPL	IE
9867322	Ballynamona	53.50981	-6.70398	P	PPL	IE
9867323	Monenstown	53.51323	-6.71757	L	LCTY	IE
9867324	Mitchelstown	53.52983	-6.72216	P	PPL	IE
9867326	Branganstown	53.53061	-6.69033	P	PPL	IE
9867328	Boycetown	53.52285	-6.68535	P	PPL	IE
9867329	Martinstown	53.52012	-6.6836	P	PPL	IE
9867330	Batterjohn	53.52595	-6.67327	P	PPL	IE
9867331	Derrypatrick Grange	53.51828	-6.65744	P	PPL	IE
9867332	Batterjohn Big	53.51864	-6.63939	P	PPL	IE
9867333	Gibraltar	53.52096	-6.63336	L	LCTY	IE
9867334	Glane Great	53.53008	-6.63185	L	LCTY	IE
9867337	Derlangan	53.6206	-6.81965	P	PPL	IE
9867338	Woodtown	53.61106	-6.8253	P	PPL	IE
9875100	Leggagh	53.76239	-6.70755	P	PPL	IE
9875119	Dreminstown	53.74845	-6.63702	P	PPL	IE
9875180	Corballis	53.61711	-6.62881	P	PPL	IE
9876200	Killua	53.66436	-6.9981	P	PPL	IE
9878127	Toberultan	53.69635	-6.88915	P	PPL	IE
9878714	Tankardstown	53.68882	-6.76473	P	PPL	IE
9878715	Fordstown	53.68712	-6.90314	P	PPL	IE
9879786	Williamstown	53.61446	-6.69189	P	PPL	IE
9881921	Ardloughnabrackbaddy	55.06925	-8.05399	T	MT	IE
9881922	Crockskallabagh	54.96274	-8.05539	T	MT	IE
9881924	Meenirroy	54.91792	-8.00002	T	PASS	IE
9883868	Mullingar	53.526	-7.33981	L	LCTY	IE
9884062	Muckross Abbey	52.02525	-9.49159	P	PPL	IE
9884063	Abbey Cross	52.03019	-9.49137	P	PPL	IE
9884064	Muckross Village	52.03824	-9.47691	P	PPL	IE
9884065	Faughbane	52.04729	-9.47721	P	PPL	IE
9884070	Faugh	52.03322	-9.46412	P	PPL	IE
9884071	Coom	52.04199	-9.45558	P	PPL	IE
9884556	Ladestown	53.49182	-7.39826	P	PPLS	IE
9884557	Cartron	53.49647	-7.40912	P	PPLL	IE
9884558	Keoltown	53.49267	-7.41599	P	PPLL	IE
9884559	Ballina	53.50709	-7.42242	P	PPL	IE
9884560	Cro Inis	53.49251	-7.37472	T	ISL	IE
10099095	Ardbear Cottages	53.48391	-10.02528	P	PPL	IE
10099113	Derrygimla	53.44467	-10.06107	P	PPL	IE
10102097	Ballygillane Little	52.24449	-6.351	P	PPL	IE
10114609	Castlehaven	51.51205	-9.19985	P	PPL	IE
10129852	Roscahill	53.83332	-9.60805	P	PPL	IE
10129853	Drumgarve	53.82815	-9.59618	P	PPL	IE
10129854	Rosmindle	53.82823	-9.61327	P	PPL	IE
10129856	Ardkeen	53.84427	-9.59763	P	PPL	IE
10129857	Claggan	53.84296	-9.60501	P	PPL	IE
10129858	Castleaffy	53.83381	-9.59554	P	PPL	IE
10129859	Rassakeeran	53.84294	-9.58549	P	PPL	IE
10129860	Atticlea Island	53.84678	-9.58727	T	ISL	IE
10129861	Money	53.82323	-9.59723	P	PPL	IE
10129863	Beetle Island	53.81898	-9.62098	T	ISL	IE
10129864	Rocky Island	53.81582	-9.63022	T	ISL	IE
10129865	Carrickawart Island	53.81036	-9.61807	T	ISL	IE
10129866	Forillan	53.81177	-9.62265	T	ISL	IE
10129867	Inishraher	53.80481	-9.63071	T	ISL	IE
10129869	Inishgowla South	53.81118	-9.62931	T	ISL	IE
10129870	Stony Island	53.80749	-9.60455	T	ISL	IE
10129872	Carrowcally	53.81314	-9.61183	P	PPL	IE
10129873	Illanataggart	53.81967	-9.62732	T	ISL	IE
10129875	Corillan	53.80144	-9.61543	T	ISL	IE
10129876	Green Islands	53.80118	-9.60177	T	ISLS	IE
10129878	Inishdaweel	53.88262	-9.61235	T	ISL	IE
10129879	Rabbit Island	53.87967	-9.59508	T	ISL	IE
10129880	Inishturlin	53.87655	-9.59912	T	ISL	IE
10129882	Inishcuill	53.87095	-9.6197	T	ISL	IE
10129883	Inishmolt	53.86526	-9.62222	T	ISL	IE
10129884	Freaghillanluggagh	53.8764	-9.62767	T	ISL	IE
10129885	Illanascraw	53.876	-9.61491	T	ISL	IE
10129886	Kid Island East	53.89015	-9.59741	T	ISL	IE
10129889	Camel Island	53.89015	-9.5715	T	ISL	IE
10129890	Forillan	53.89115	-9.57856	T	ISL	IE
10129891	Illanavrick	53.89134	-9.57603	T	ISL	IE
10129895	Inishloy	53.86256	-9.5854	T	ISL	IE
10129899	Roslynagh	53.88767	-9.61871	T	ISL	IE
10129901	Illannambraher	53.88647	-9.63422	T	ISL	IE
10129902	Lough Stirkeen	53.90975	-9.61214	H	LK	IE
10129904	Rockfleet	53.89621	-9.63337	P	PPL	IE
10129905	Knockboy	53.89093	-9.60797	P	PPL	IE
10129906	Knockglass	53.89718	-9.60529	P	PPL	IE
10129908	An Cheathru Bheag	53.90494	-9.6302	P	PPL	IE
10129909	Knockbreaga	53.9064	-9.63303	P	PPL	IE
10129910	Gortfahy	53.89911	-9.6182	P	PPL	IE
10129911	Rusheens	53.89451	-9.61824	P	PPL	IE
10129912	Derrycooldrim	53.91027	-9.62151	P	PPL	IE
10129913	Lough Nacreeva	53.90543	-9.5925	H	LK	IE
10129914	Doontrusk Lough	53.90856	-9.60343	H	LK	IE
10129915	Lough Navrosky	53.91622	-9.59254	H	LK	IE
10129916	Lough Navroony	53.91871	-9.58756	H	LK	IE
10129917	Lough Ellinore	53.90845	-9.59358	H	LK	IE
10129918	Lough Pollagowly	53.9132	-9.58447	H	LK	IE
10129919	Lough Skahaghadrantan	53.91581	-9.58629	H	LK	IE
10129921	Keeloges	53.89777	-9.59819	P	PPL	IE
10129922	Knockalegan	53.90276	-9.58622	P	PPLL	IE
10129923	Rosgibbileen	53.89119	-9.58373	P	PPL	IE
10129924	Derradda	53.90428	-9.60537	P	PPL	IE
10129925	Inishower	53.90859	-9.57432	T	ISL	IE
10129926	Illanroe	53.91265	-9.56595	T	ISL	IE
10129927	Saint’s Island	53.91179	-9.56383	T	ISL	IE
10129929	Drumbrastle	53.89331	-9.56517	P	PPL	IE
10129930	Shanvallyhugh	53.90677	-9.567	P	PPL	IE
10129931	Cahergal	53.89711	-9.55454	P	PPL	IE
10129932	Fauleens	53.90722	-9.55253	P	PPL	IE
10129933	Cloonfohler	53.91353	-9.54989	P	PPL	IE
10129934	Callowbrack	53.9267	-9.5454	P	PPL	IE
10129935	Derryhillagh Lough	53.90924	-9.53126	H	LK	IE
10129936	Camcloon	53.90158	-9.53513	P	PPL	IE
10129937	Tawnawoggaun	53.90611	-9.52708	P	PPL	IE
10129938	Derryloughan	53.8957	-9.53974	P	PPL	IE
10129939	Derrintaggart	53.90272	-9.54491	P	PPL	IE
10129941	Treanbeg	53.94061	-9.55781	P	PPL	IE
10129942	Tawnamartela	53.93192	-9.54335	P	PPL	IE
10129943	Derrybrock	53.97397	-9.55524	P	PPL	IE
10129946	Goulaun	54.01125	-9.55771	P	PPL	IE
10129949	Glendavoolagh	54.00492	-9.50641	P	PPL	IE
10129950	Doo Lough	53.82177	-9.47312	H	LK	IE
10129951	Dooncastle	53.7994	-9.45299	P	PPL	IE
10129952	Meneen	53.78899	-9.46409	P	PPL	IE
10129953	Rockfield	53.79527	-9.43019	P	PPL	IE
10129954	Cushinkeel	53.79854	-9.43811	P	PPL	IE
10129955	Drumneen	53.81859	-9.42391	P	PPL	IE
10129956	Deerpark	53.77935	-9.46547	P	PPL	IE
10129957	Kinlooey Lough	53.77567	-9.463	H	LK	IE
10129958	Buncam	53.80619	-9.28028	P	PPL	IE
10129959	Buncam Lough	53.80044	-9.27823	H	LK	IE
10129961	Cloonfert	53.81388	-9.32931	P	PPL	IE
10129962	Westland	53.8054	-9.33349	P	PPL	IE
10129963	Derrycoosh	53.81842	-9.34069	P	PPL	IE
10129964	Liscunnell	53.78597	-9.27235	P	PPL	IE
10129965	Knockmoyleen	53.78145	-9.2842	P	PPL	IE
10129966	Errew	53.79603	-9.2699	P	PPL	IE
10129967	Parkroy	53.80266	-9.2973	P	PPL	IE
10129968	Kinturk	53.80058	-9.29994	P	PPL	IE
10129969	Cregganbell	53.8128	-9.29558	P	PPL	IE
10129970	Magheranagay	53.80657	-9.29749	P	PPL	IE
10129971	Cloonsunna	53.81581	-9.30502	P	PPL	IE
10129972	Creeragh	53.82073	-9.30457	P	PPL	IE
10129973	Cloondeash	53.82449	-9.31691	P	PPL	IE
10129974	Drumkeaghta	53.82014	-9.29297	P	PPL	IE
10129975	Derryool	53.82179	-9.27608	P	PPL	IE
10129976	Lisnaponra	53.81401	-9.28159	P	PPL	IE
10129977	Cloonshinnagh	53.81468	-9.31944	P	PPL	IE
10129978	Derrygarve	53.81131	-9.31516	P	PPL	IE
10129979	Derrinlevaun	53.82134	-9.32514	P	PPL	IE
10129980	Black Lough	53.8293	-9.32935	H	LK	IE
10129981	Cloondeash Lough	53.82935	-9.32269	H	LK	IE
10129982	Annagh Lough	53.83494	-9.36009	H	LK	IE
10129983	Annagh	53.83196	-9.36015	P	PPL	IE
10129984	Cock Island	53.83702	-9.35065	T	ISL	IE
10129985	Tully	53.85157	-9.33666	P	PPL	IE
10129986	Struaun	53.84629	-9.33789	P	PPL	IE
10129987	Pheasanthill	53.83185	-9.35166	P	PPL	IE
10129988	Ballymacrah	53.83627	-9.33732	P	PPL	IE
10129989	Cornanool	53.85225	-9.3538	P	PPL	IE
10129990	Graffa Beg	53.86215	-9.34787	P	PPL	IE
10129991	Graffa	53.86695	-9.36271	L	LCTY	IE
10129992	Tully Commons	53.86219	-9.33439	P	PPL	IE
10129993	Carha	53.8554	-9.39378	P	PPL	IE
10129994	Cummer	53.8668	-9.3981	P	PPL	IE
10129995	Tawnyeeny	53.87081	-9.38291	P	PPL	IE
10129996	Lenanasillagh	53.87771	-9.38899	P	PPL	IE
10129997	Killaghwaun	53.88143	-9.39911	P	PPL	IE
10129998	Sheean	53.80924	-9.46462	P	PPL	IE
10129999	Knockbrack	53.81086	-9.44525	P	PPL	IE
10130000	Doon	53.80583	-9.44352	P	PPL	IE
10130001	Derrygorman	53.79819	-9.47316	P	PPL	IE
10130002	Drumminwonagh	53.82202	-9.4918	P	PPL	IE
10130003	Carrownaclea	53.81605	-9.48532	P	PPL	IE
10130004	Cuiltrean	53.83881	-9.49256	P	PPL	IE
10130005	Cogaula Lough	53.81711	-9.451	H	LK	IE
10130006	Ballyglass	53.83514	-9.44268	P	PPL	IE
10130007	Derrygowla	53.83798	-9.4318	P	PPL	IE
10130008	Slinaun	53.84518	-9.46584	P	PPL	IE
10130009	Fahy	53.8487	-9.48973	P	PPL	IE
10130010	Buckwaria	53.79735	-9.49727	P	PPL	IE
10130011	Tree Island	53.91803	-9.43292	P	PPL	IE
10130012	Low Island	53.91803	-9.43129	T	ISL	IE
10130013	Coarse Island	53.9213	-9.42958	T	ISL	IE
10130015	Islandmore	53.92352	-9.42344	T	ISL	IE
10130016	Bush Island	53.92529	-9.41925	T	ISL	IE
10130017	Ballyteige	53.9285	-9.43037	P	PPL	IE
10130019	Loughanawillan Loughs	53.95016	-9.44014	H	LKS	IE
10130020	Bracklagh	53.95729	-9.40623	P	PPL	IE
10130021	Doogary	53.90702	-9.36871	P	PPL	IE
10130022	Shanvoley	53.94714	-9.28761	P	PPL	IE
10130023	Lough Beg	53.98386	-9.34455	H	LK	IE
10130024	Lough More	53.97993	-9.35136	H	LK	IE
10130025	Bofeenaun	53.98223	-9.34051	P	PPL	IE
10130026	Bofeenaun Loughs	53.9684	-9.36012	H	LKS	IE
10130027	Boggy	53.96541	-9.38909	L	LCTY	IE
10130028	Prughlish	53.98234	-9.39234	P	PPL	IE
10130029	Derryfadda	53.97023	-9.34413	P	PPL	IE
10130030	Curraghmore	53.96777	-9.33339	P	PPL	IE
10130031	Boleyglass	53.95257	-9.35917	P	PPL	IE
10130032	Derrymartin	53.98472	-9.37342	P	PPL	IE
10130033	An Chloch Bhreac	53.9989	-9.33072	P	PPL	IE
10130034	Farbreiga	53.96551	-9.26528	T	MT	IE
10130035	Gort	53.9538	-9.25156	P	PPL	IE
10130037	Terryduff	53.98444	-9.24981	P	PPL	IE
10130038	Loughanduff Little	53.98472	-9.24122	H	LK	IE
10130039	Loughanduff Big	53.98595	-9.23715	H	LK	IE
10130040	Ardboley	53.79455	-9.11966	P	PPL	IE
10130041	Ballymackeogh	53.78137	-9.13284	P	PPL	IE
10130042	Stonepark	53.77574	-9.14375	P	PPL	IE
10130043	Needhams Lough	53.7901	-9.16138	H	LK	IE
10130044	Dooros	53.81827	-9.1263	P	PPL	IE
10130045	Pollavaddy	53.805	-9.11212	P	PPL	IE
10130046	Portagh	53.77437	-9.1053	P	PPL	IE
10130047	Rush Hill	53.83972	-9.13729	P	PPL	IE
10130048	Craggagh	53.82809	-9.08503	P	PPL	IE
10130049	Derryvohy	53.81982	-9.05604	P	PPL	IE
10130050	Brees	53.78001	-9.07485	P	PPL	IE
10130051	Acres	53.79282	-9.06713	P	PPL	IE
10130052	Tawnylough	53.79328	-9.04259	P	PPL	IE
10130054	Tawny Lough	53.7921	-9.04795	H	LK	IE
10130055	Ballinagran	53.825	-9.10785	P	PPL	IE
10130056	Tawnagh More	53.83863	-9.11539	P	PPL	IE
10130057	Lough Naminnoo	53.82554	-9.12194	P	PPL	IE
10130058	Ballinlough	53.79564	-9.05922	P	PPL	IE
10130059	Monard	53.77701	-9.09521	P	PPL	IE
10130060	Corskeagh	53.76465	-9.0948	P	PPL	IE
10130061	Garhawnagh	53.79909	-9.10439	P	PPL	IE
10130062	Carrowgarve	53.79573	-9.09667	P	PPL	IE
10130063	Rathduff	53.78701	-9.09539	P	PPL	IE
10130064	Ballintleva	53.78173	-9.08267	P	PPL	IE
10130065	Coolaghbaun	53.78393	-9.06002	P	PPL	IE
10130066	Lakill	53.84172	-9.10248	P	PPL	IE
10130067	Bohamore	53.84999	-9.08758	P	PPL	IE
10130068	Shandrum	53.8624	-9.53796	P	PPL	IE
10130069	Knockmoyle	53.85814	-9.52474	P	PPL	IE
10130070	Roemore	53.8639	-9.51303	P	PPL	IE
10130071	Lecarrow	53.86819	-9.52124	P	PPL	IE
10130072	Lough Arrow	53.87471	-9.50677	H	LK	IE
10130073	Fahy Beg	53.86077	-9.50373	P	PPL	IE
10130074	Drumgar	53.8596	-9.50296	P	PPL	IE
10130075	Drumgoney	53.85802	-9.48596	P	PPL	IE
10130076	Knockglass	53.86555	-9.48694	P	PPL	IE
10130077	Conrea	53.82565	-9.5441	P	PPL	IE
10130078	Cross	53.82963	-9.55132	P	PPL	IE
10130079	Drumard	53.82912	-9.54639	P	PPL	IE
10130080	Derrylea	53.82279	-9.52195	P	PPL	IE
10130081	Slaugar	53.8156	-9.52122	P	PPL	IE
10130082	Attireesh	53.8106	-9.52033	P	PPL	IE
10130083	Gortaroe	53.81068	-9.50437	P	PPL	IE
10130084	Monamore	53.80844	-9.49748	P	PPL	IE
10130085	Drumminabo	53.82631	-9.49789	P	PPL	IE
10130086	Corratowick	53.81845	-9.50823	P	PPL	IE
10130087	Bellaburke	53.77218	-9.3705	P	PPL	IE
10130088	Balloor West	53.77871	-9.39463	P	PPL	IE
10130089	Killawullaun	53.77465	-9.33722	P	PPL	IE
10130090	Polladoon	53.76364	-9.35431	P	PPL	IE
10130091	Ballynamarroge	53.80659	-9.36735	P	PPL	IE
10130092	Knockaneden	53.79377	-9.37551	P	PPL	IE
10130093	Curnay Lough	53.79875	-9.36872	H	LK	IE
10130094	Cashel Turlough	53.78972	-9.39813	H	LK	IE
10130095	Derryskall Lough	53.79533	-9.38904	H	LK	IE
10130096	Cashel	53.7936	-9.40011	P	PPL	IE
10130097	Knockaturnin	53.79607	-9.40561	P	PPL	IE
10130098	Derrinumeera	53.87131	-9.46096	P	PPL	IE
10130099	Derryribbeen	53.8655	-9.45716	P	PPL	IE
10130100	Derrintloura	53.8655	-9.43404	P	PPL	IE
10130101	Lappallagh	53.88258	-9.43356	P	PPL	IE
10130102	Muckanagh	53.90272	-9.42966	P	PPL	IE
10130103	Drumilra	53.88734	-9.45892	P	PPL	IE
10130105	Deerpark	53.80942	-9.23363	P	PPL	IE
10130106	Curry	53.82903	-9.27312	P	PPL	IE
10130107	Drumneen	53.82956	-9.29061	P	PPL	IE
10130108	Clonnagh	53.8398	-9.3051	P	PPL	IE
10130109	Milebush	53.83636	-9.27886	P	PPL	IE
10130110	Carn	53.83662	-9.25704	P	PPL	IE
10130111	Cloonaghmore	53.83256	-9.25024	P	PPL	IE
10130112	Ballykill	53.82514	-9.24309	P	PPL	IE
10130113	Lissaniska	53.80314	-9.23823	P	PPL	IE
10130114	Cloonaghduff	53.79943	-9.25448	P	PPL	IE
10130115	Drumneen	53.77973	-9.27321	P	PPL	IE
10130116	Millerhill	53.77187	-9.28275	P	PPL	IE
10130117	Derryoran	53.76803	-9.31525	P	PPL	IE
10130118	Attavally	53.76533	-9.29856	P	PPL	IE
10130119	Ranns	53.77779	-9.30112	P	PPL	IE
10130120	Rann’s Lough	53.78291	-9.30386	H	LK	IE
10130121	Cogaula	53.77258	-9.26022	P	PPL	IE
10130122	Lisblowick	53.76745	-9.20342	P	PPL	IE
10130123	Doonamona	53.7732	-9.22047	P	PPL	IE
10130124	Corrabaun	53.77938	-9.22268	P	PPL	IE
10130125	Newtown	53.76409	-9.24739	P	PPL	IE
10130126	Prospect	53.77155	-9.58819	P	PPL	IE
10130127	Laghloon	53.76531	-9.57556	P	PPL	IE
10130128	Botara	53.76738	-9.57122	P	PPL	IE
10130129	Brackloon	53.76144	-9.56139	P	PPL	IE
10130130	Killeencoff	53.77085	-9.55341	P	PPL	IE
10130133	Ardoley	53.7822	-9.5518	P	PPL	IE
10130134	Streamstown	53.78435	-9.5632	P	PPL	IE
10130135	Clooneen	53.78769	-9.55657	P	PPL	IE
10130136	Belclare	53.78527	-9.57205	P	PPL	IE
10130137	Knappaghmore Lough	53.76469	-9.5452	H	LK	IE
10130138	Rossbeg	53.7952	-9.55471	P	PPL	IE
10130140	Cloghan	53.78936	-9.54942	P	PPL	IE
10130141	Knockfin	53.78402	-9.54743	P	PPL	IE
10130142	Clerhaun	53.78504	-9.54377	P	PPL	IE
10130144	Farnaght	53.77224	-9.53046	P	PPL	IE
10130145	Creggan Lough	53.77841	-9.51785	H	LK	IE
10130146	Knappagh Beg	53.76394	-9.51395	P	PPL	IE
10130147	Knappaghbeg Lough	53.76209	-9.50162	H	LK	IE
10130148	Ballynacorrick Lough	53.78388	-9.51034	H	LK	IE
10130149	Killaghhoor	53.79153	-9.51024	P	PPL	IE
10130150	Ballynacarriga	53.82817	-9.4428	P	PPL	IE
10130151	Derrycoeraun	53.8387	-9.41441	P	PPL	IE
10130152	Derrartan	53.85269	-9.44159	P	PPL	IE
10130153	Kilbree Lower	53.80946	-9.4299	P	PPL	IE
10130154	Black Lough	53.82254	-9.4098	H	LK	IE
10130155	Lismolin	53.80747	-9.39655	P	PPL	IE
10130156	Fairhill	53.80486	-9.38438	P	PPL	IE
10130157	Carrowbeg	53.79851	-9.39431	P	PPL	IE
10130158	Drumminahaha Lough	53.83459	-9.40078	H	LK	IE
10130159	Dambaduff Lough	53.83864	-9.39176	H	LK	IE
10130160	Drumadoon	53.83713	-9.38383	P	PPL	IE
10130161	Cloonkeen	53.81981	-9.35944	P	PPL	IE
10130162	Kilbree Upper	53.80099	-9.42112	P	PPL	IE
10130163	Keeloges	53.80783	-9.41465	P	PPL	IE
10130164	Cloonan	53.82357	-9.41268	P	PPL	IE
10130165	Derrylea	53.82778	-9.34352	P	PPL	IE
10130166	Ballynaboll	53.84121	-9.32844	P	PPL	IE
10130167	Aghadrinagh	53.83129	-9.29848	P	PPL	IE
10130168	Magherafadda	53.80283	-9.30871	P	PPL	IE
10130169	Cornaveagh	53.79914	-9.31615	P	PPL	IE
10130170	Kilkenny	53.85102	-9.26191	P	PPL	IE
10130171	Cottage	53.8423	-9.24944	P	PPL	IE
10130173	Ballyshane	53.8279	-9.22438	P	PPL	IE
10130174	Tully Beg	53.80574	-9.26567	P	PPL	IE
10130175	Lugaphuill	53.80889	-9.25114	P	PPL	IE
10130176	Cornamarrow	53.81863	-9.26367	P	PPL	IE
10130177	Corratanvally	53.83528	-9.2153	P	PPL	IE
10130178	Knockaunbaun	54.01636	-9.4458	P	PPL	IE
10130179	Coolnabinnia	54.00383	-9.43494	P	PPL	IE
10130181	Letterkeeghaun	53.976	-9.41818	L	LCTY	IE
10130182	Knockaskibbole	53.88784	-9.30367	P	PPL	IE
10130183	Dereenmanus	53.88161	-9.31158	P	PPL	IE
10130184	Ardvarney	53.90132	-9.29563	P	PPL	IE
10130185	Sranalee	53.90735	-9.25513	P	PPL	IE
10130186	Darrylahan	53.91707	-9.28919	P	PPL	IE
10130187	Contoon	53.90728	-9.28215	P	PPL	IE
10130188	Garraghill	53.91104	-9.24212	P	PPL	IE
10130189	Ross East	53.92686	-9.23877	P	PPL	IE
10130190	Cunnagher North	53.9339	-9.2438	P	PPL	IE
10130191	Rockfield	53.8871	-9.23924	P	PPL	IE
10130192	Cloonkesh	53.89213	-9.23777	P	PPL	IE
10130193	Cappa	53.88409	-9.28611	P	PPL	IE
10130194	Sallagher	53.91493	-9.26539	P	PPL	IE
10130195	Tawneyshane	53.91258	-9.27511	P	PPL	IE
10130196	Snugborough	53.86044	-9.32547	P	PPL	IE
10130197	Tawnycoolawee	53.87162	-9.32191	P	PPL	IE
10130198	Castlebar Reservoir	53.87557	-9.30944	H	RSV	IE
10130199	Newantrim Lough	53.86987	-9.30086	H	LK	IE
10130200	Newantrim	53.87403	-9.29073	P	PPL	IE
10130201	Coarsepark	53.86894	-9.31319	P	PPL	IE
10130202	Rathbaun	53.86612	-9.30622	P	PPL	IE
10130203	Rinshinna	53.85512	-9.26948	P	PPL	IE
10130204	Balloor	53.84138	-9.27095	P	PPL	IE
10130205	Knockrawer	53.84594	-9.27149	P	PPL	IE
10130206	Lisnageeha	53.84064	-9.28477	P	PPL	IE
10130207	Saleen Lough	53.8454	-9.29442	H	LK	IE
10130208	Demesne	53.83937	-9.24273	P	PPL	IE
10130209	Drumdoogh	53.84815	-9.21028	P	PPL	IE
10130210	Ballinvoash	53.85707	-9.21967	P	PPL	IE
10130211	Ballinvoash Lough	53.86116	-9.21618	P	PPL	IE
10130212	Windsor Lough	53.86418	-9.23193	H	LK	IE
10130213	Roemore	53.84949	-9.231	P	PPL	IE
10130214	Doogary	53.85495	-9.25866	P	PPL	IE
10130215	Carrownurlaur	53.85238	-9.24575	P	PPL	IE
10130216	Cloontybaunan	53.85908	-9.24722	P	PPL	IE
10130217	Clooneen	53.84443	-9.54238	P	PPL	IE
10130218	Knockboy	53.84147	-9.53583	P	PPL	IE
10130219	Drumhuskert	53.84631	-9.52987	P	PPL	IE
10130220	Bocullin	53.82672	-9.52868	P	PPL	IE
10130221	Ballin Lough	53.83093	-9.52667	H	LK	IE
10130222	Ballinlough	53.83136	-9.50849	P	PPL	IE
10130224	Gorteen Lough	53.84295	-9.5078	H	LK	IE
10130225	Illanulgue	53.96449	-9.19921	T	ISL	IE
10130227	Illanee	53.9652	-9.18828	T	ISL	IE
10130228	Caurans	53.9432	-9.20174	P	PPL	IE
10130229	Derryhick	53.93447	-9.20055	P	PPL	IE
10130230	Ballingarden	53.93829	-9.19315	P	PPL	IE
10130231	Derreenyanimna	53.93743	-9.15636	P	PPL	IE
10130232	Derryvulcaun	53.92956	-9.15765	P	PPL	IE
10130233	Clooncullenbaun	53.92674	-9.15316	P	PPL	IE
10130234	Mulroy’s Loughs	53.92316	-9.15221	H	LKS	IE
10130235	Bob Gay’s Lough	53.92841	-9.14944	H	LK	IE
10130236	Longfield	53.92989	-9.13742	P	PPL	IE
10130237	Pollagh	53.95881	-9.14343	P	PPL	IE
10130238	Derrygaury	53.97616	-9.12905	P	PPL	IE
10130239	Carranarah	53.97054	-9.0903	T	MT	IE
10130240	Shanwar	53.98194	-9.07434	P	PPL	IE
10130241	Belgarrow	53.98957	-9.09503	P	PPL	IE
10130242	Gortnadrehy	54.01444	-9.16199	P	PPL	IE
10130243	Carrowkeeran	53.78307	-9.63393	P	PPL	IE
10130244	Murrisknaboll	53.78232	-9.61995	P	PPL	IE
10130245	Killadangan	53.78096	-9.59348	P	PPL	IE
10130246	Roeillan	53.78345	-9.59921	T	ISL	IE
10130247	Annagh Island Middle	53.78622	-9.59677	T	ISL	IE
10130249	Annagh Island West	53.7865	-9.60559	T	ISL	IE
10130250	Annagh Island East	53.79035	-9.59264	T	ISL	IE
10130251	Annagh Lough	53.78997	-9.59423	H	LK	IE
10130252	Illanakishta	53.78331	-9.60324	T	ISL	IE
10130254	Bellataleen	53.77036	-9.62877	L	LCTY	IE
10130255	Deerpark West	53.77561	-9.61145	P	PPL	IE
10130256	Cloonagh	53.7742	-9.57973	P	PPL	IE
10130257	Killadangan Lough	53.77646	-9.58799	H	LK	IE
10130258	Prospect Lough	53.77486	-9.58827	H	LK	IE
10130259	Illanatee	53.78725	-9.58597	T	ISL	IE
10130260	Illanroe	53.79509	-9.57424	T	ISL	IE
10130261	Carricknacally	53.79908	-9.58893	T	ISL	IE
10130263	Inishweela	53.79884	-9.56795	T	ISL	IE
10130264	Monkellys Rocks	53.79987	-9.57246	T	ISL	IE
10130266	Carrigeen	53.79758	-9.56105	P	PPL	IE
10130270	Cloonkeen	53.82132	-9.56335	P	PPL	IE
10130271	Mucklagh	53.82325	-9.58147	P	PPL	IE
10130272	Knockavanloman	53.82184	-9.55777	P	PPL	IE
10130273	Westport Quay	53.79828	-9.55027	P	PPL	IE
10130275	Westport House Lough	53.80101	-9.53998	H	LK	IE
10130278	Westport Demesne	53.80861	-9.54618	P	PPL	IE
10130279	Creggaunnahorna	53.81468	-9.54009	P	PPL	IE
10130280	Coolbarren Lough	53.82125	-9.54574	H	LK	IE
10130281	Shanvallybeg	53.82244	-9.53535	P	PPL	IE
10130282	Derrynanaff	53.81759	-9.53694	P	PPL	IE
10130284	Cranareen	53.82006	-9.52335	P	PPL	IE
10130285	Cross Lough	53.8243	-9.56028	H	LK	IE
10130286	Coolbarreen	53.81709	-9.54523	P	PPL	IE
10130287	Buckfield	53.83646	-9.56365	P	PPL	IE
10130289	Knockychottaun	53.83536	-9.55275	P	PPL	IE
10130290	Knockysprickaun	53.8398	-9.56577	P	PPL	IE
10130291	Carrowbeg	53.84618	-9.55663	P	PPL	IE
10130292	Knocknaboley	53.84886	-9.54735	P	PPL	IE
10130294	Rosdogaun	53.854	-9.5558	P	PPL	IE
10130296	Lough Nambrackkeagh	53.95434	-9.52246	H	LK	IE
10130298	Pollawarla	53.99182	-9.31073	P	PPL	IE
10130299	Bush Island	53.98705	-9.30791	T	ISL	IE
10130300	Lough Nambrackkeagh	53.99744	-9.30137	H	LK	IE
10130301	Carrowgarve	54.02023	-9.20759	P	PPL	IE
10130302	Coiladussaun	54.01935	-9.19346	P	PPL	IE
10130305	Loosky Island	53.98789	-9.22686	T	ISL	IE
10130306	Freaghillan Island	53.98998	-9.21626	T	ISL	IE
10130307	Cliff Island	53.99144	-9.19973	T	ISL	IE
10130310	Cuingbeg	53.99391	-9.17037	P	PPL	IE
10130311	Gorteennamuck	53.9979	-9.15689	P	PPL	IE
10130312	Rinakilleen	54.01232	-9.19101	L	LCTY	IE
10130313	Sraheen	54.00626	-9.14107	P	PPL	IE
10130314	Curragh	54.01942	-9.12692	L	LCTY	IE
10130315	Derrynagran	53.98974	-9.14037	P	PPL	IE
10130316	Stonehall	54.00032	-9.13795	P	PPL	IE
10130317	Srah	53.99795	-9.12245	P	PPL	IE
10130318	Bellass	53.98326	-9.13074	P	PPL	IE
10130319	Clossaghroe	53.98576	-9.13814	P	PPL	IE
10130320	Cloonconra	53.92739	-9.10604	P	PPL	IE
10130321	Ardcloon	53.91938	-9.11083	P	PPL	IE
10130322	Ashbrook	53.9126	-9.10507	P	PPL	IE
10130323	Cornanaff	53.90738	-9.12665	P	PPL	IE
10130324	Carrownacross	53.8922	-9.11481	P	PPL	IE
10130325	Grallagh	53.90393	-9.10289	P	PPL	IE
10130326	Lisgormin	53.90006	-9.09463	P	PPL	IE
10130327	Rathrowan	53.88499	-9.09559	P	PPL	IE
10130328	Carroward	53.88375	-9.07525	P	PPL	IE
10130329	Castle Island	53.93735	-9.08925	T	ISL	IE
10130330	Lisduff	53.93697	-9.07027	P	PPL	IE
10130331	Gorteen	53.92858	-9.08577	P	PPL	IE
10130332	Pollnagawna	53.93735	-9.05593	P	PPL	IE
10130333	Cabragh	53.94101	-9.06632	P	PPL	IE
10130334	Toomore	53.94906	-9.07162	P	PPL	IE
10130335	Cashel	53.96485	-9.07784	P	PPL	IE
10130337	Cummauns	53.92346	-9.29676	P	PPL	IE
10130338	Sheeans	53.94165	-9.30456	P	PPL	IE
10130340	Skerdagh Lower	53.93112	-9.48502	P	PPL	IE
10130341	Pollnashelmida	53.92415	-9.50435	P	PPL	IE
10130342	Doogary	53.91994	-9.52132	L	LCTY	IE
10130343	Derrygarve	53.9181	-9.53072	L	LCTY	IE
10130344	Claggarnagh West	53.92943	-9.4788	P	PPL	IE
10130345	Claggarnagh East	53.93201	-9.47551	P	PPL	IE
10130346	Letter Lough	53.90791	-9.49831	H	LK	IE
10130347	Derrykill Lough West	53.90169	-9.50849	H	LK	IE
10130348	Lough Aleen	53.90488	-9.50113	H	LK	IE
10130349	Tawnawoggaun Lough	53.90544	-9.50698	H	LK	IE
10130350	Loughanaloy	53.90423	-9.49725	H	LK	IE
10130351	Lough Connor	53.90324	-9.49459	H	LK	IE
10130352	Graffy Lough	53.90649	-9.49285	H	LK	IE
10130354	Bleachyard Lough	53.89009	-9.53088	H	LK	IE
10130355	Knocknatinnyweel	53.88342	-9.53253	P	PPL	IE
10130356	Clooneshil	53.88448	-9.50609	P	PPL	IE
10130357	Tully Lough	53.88355	-9.5051	H	LK	IE
10130358	Cuilmore Lough	53.88264	-9.49967	H	LK	IE
10130359	Kiltyroe	53.8536	-9.51481	P	PPL	IE
10130360	Toorgarve	53.85508	-9.48901	P	PPL	IE
10130361	Aghagowla	53.85085	-9.50306	P	PPL	IE
10130362	Derrynaraw	53.84307	-9.52768	P	PPL	IE
10130363	Roekilmeena	53.8393	-9.52018	P	PPL	IE
10130364	Gorteen	53.84012	-9.50372	P	PPL	IE
10130365	Lisclovaun	53.83561	-9.50153	P	PPL	IE
10130366	Lugnafahy	53.84496	-9.49661	P	PPL	IE
10130367	Knockmuinard	53.83283	-9.4896	P	PPL	IE
10130368	Bunrawer	53.78874	-9.41536	P	PPL	IE
10130369	Mace North	53.78084	-9.42633	P	PPL	IE
10130370	Mace South	53.77535	-9.43153	P	PPL	IE
10130371	Knockroosky	53.7815	-9.44233	P	PPL	IE
10130372	Cloondacon	53.76672	-9.44145	P	PPL	IE
10130373	Toorbuck	53.78348	-9.40945	P	PPL	IE
10130374	Forkfield	53.78447	-9.40306	P	PPL	IE
10130375	Lough Brennan	53.76988	-9.38945	H	LK	IE
10130376	Lough Kin	53.76348	-9.39103	H	LK	IE
10130377	Cushin Lough	53.78749	-9.42749	H	LK	IE
10130378	Killadeen Lough	53.79563	-9.34243	H	LK	IE
10130379	Killadeen	53.79073	-9.3401	P	PPL	IE
10130380	Mahanagh	53.7761	-9.40209	P	PPL	IE
10130381	Aille Lough	53.76709	-9.40783	H	LK	IE
10130383	Lough Avoher	54.00499	-9.60831	H	LK	IE
10130384	Srahmore	53.98996	-9.60412	L	LCTY	IE
10130385	Srahrevagh	53.99037	-9.54397	L	LCTY	IE
10130386	Aghaloonteen	54.01675	-9.33869	P	PPL	IE
10130387	Doonbreedla Mountain	54.0247	-9.3677	L	LCTY	IE
10130388	Ross Lough	53.91685	-9.24016	H	LK	IE
10130389	Lough Doovoga	53.90312	-9.23551	H	LK	IE
10130390	Cloontubbrid	53.91152	-9.22217	P	PPL	IE
10130391	Cunnacher	53.92072	-9.22686	P	PPL	IE
10130392	Levallinree	53.92603	-9.21094	P	PPL	IE
10130393	Shinnagh	53.91319	-9.21085	P	PPL	IE
10130394	Cloonagleragh	53.90206	-9.21633	P	PPL	IE
10130395	Killard	53.89477	-9.21096	P	PPL	IE
10130396	Ballyart	53.90602	-9.19144	P	PPL	IE
10130397	Carrowkeel	53.90095	-9.19025	P	PPL	IE
10130398	Boyogonnell	53.90091	-9.20099	P	PPL	IE
10130399	Capparanny	53.89451	-9.18924	P	PPL	IE
10130400	Knockanour	53.88936	-9.20295	P	PPL	IE
10130401	Toor	53.92098	-9.18761	P	PPL	IE
10130402	Cashel	53.91484	-9.17294	P	PPL	IE
10130403	Black Lough	53.91275	-9.16284	H	LK	IE
10130404	Lough Hemush	53.92098	-9.15943	H	LK	IE
10130405	Richards Lough	53.91693	-9.14988	H	LK	IE
10130407	Lough Roo	53.91646	-9.15559	H	LK	IE
10130408	Corraun	53.9029	-9.15898	P	PPL	IE
10130409	Drumscoba	54.02954	-9.11489	P	PPL	IE
10130410	Moorbrook	54.00969	-9.10744	L	LCTY	IE
10130411	Creggagh	53.99885	-9.09176	P	PPL	IE
10130412	Boherhallagh	54.00439	-9.08517	P	PPL	IE
10130413	Roosky Lough	54.02963	-9.07864	H	LK	IE
10130414	Coolcronaun	54.02899	-9.14031	P	PPL	IE
10130415	Larganmore	54.01038	-9.04403	P	PPL	IE
10130416	Lundy’s Lough	53.99768	-9.05952	H	LK	IE
10130417	Avlog’s Lough	53.97684	-9.06736	H	LK	IE
10130418	Lough Akista	53.96595	-9.06533	H	LK	IE
10130419	Cuillonaghtan	53.97187	-9.04998	P	PPL	IE
10130420	Callow Lough Lower	53.97837	-9.04848	H	LK	IE
10130421	Callow Lough Upper	53.97104	-9.04279	H	LK	IE
10130423	Carrick	53.98398	-9.04738	P	PPL	IE
10130424	Askillaun	54.00331	-9.04285	P	PPL	IE
10130425	Coollagagh	53.99145	-9.05964	P	PPL	IE
10130426	Irishtown	53.98208	-9.10772	P	PPL	IE
10130427	Moyhastin	53.77964	-9.50292	P	PPL	IE
10130428	Garrow	53.77135	-9.49678	P	PPL	IE
10130429	Derrygarve	53.7795	-9.49333	P	PPL	IE
10130430	Lugrevagh	53.77325	-9.49608	P	PPL	IE
10130434	Tawnagh	53.76667	-9.4698	P	PPL	IE
10130435	Knockakeery	53.76858	-9.46603	L	LCTY	IE
10130436	Ballinvoy	53.78422	-9.46595	P	PPL	IE
10130437	Coolloughra	53.7833	-9.47836	P	PPL	IE
10130440	Tonaderrew	53.78003	-9.32458	P	PPL	IE
10130441	Derrew	53.78585	-9.32428	P	PPL	IE
10130442	Clooncrooeel	53.77608	-9.31237	P	PPL	IE
10130443	Cooley	53.78723	-9.31095	P	PPL	IE
10130444	Cloonaghmore	53.79315	-9.3151	P	PPL	IE
10130445	Loughaniggaun	53.77377	-9.35626	H	LK	IE
10130446	Derrycleetagh	53.89531	-9.49596	P	PPL	IE
10130447	Derrycontoort	53.89192	-9.48411	P	PPL	IE
10130448	Derryloughan	53.89568	-9.47616	P	PPL	IE
10130450	Derrartan Lough	53.85771	-9.44464	H	LK	IE
10130451	Slinaunroe	53.85398	-9.44756	P	PPL	IE
10130452	Ballintleva	53.84192	-9.46079	P	PPL	IE
10130453	Clooncanavan	53.83786	-9.4635	P	PPL	IE
10130454	Rushbrook	53.83316	-9.45898	P	PPL	IE
10130455	Tawnyemon	53.82407	-9.45971	P	PPL	IE
10130456	Black Lough	53.82363	-9.36777	H	LK	IE
10130457	Claggarnagh	53.8196	-9.3824	P	PPL	IE
10130458	Cushinsheeaun Loughs	53.78548	-9.44784	H	LK	IE
10130459	Lissalackaun	53.76993	-9.2237	L	LCTY	IE
10130460	Carrowmore	53.76875	-9.23912	P	PPL	IE
10130461	Curry	53.78591	-9.21965	P	PPL	IE
10130462	Curraghmore	53.78698	-9.23692	P	PPL	IE
10130463	Knocknaveagh	53.78529	-9.21402	P	PPL	IE
10130464	Drumcorrabaun	53.78274	-9.19843	P	PPL	IE
10130465	Cloghannageeragh	53.77944	-9.19619	P	PPL	IE
10130466	Walshpool	53.79577	-9.19475	P	PPL	IE
10130467	Gortaphuill	53.77054	-9.15819	P	PPL	IE
10130468	Lakeland Lough	53.82146	-9.20193	H	LK	IE
10130470	Sixpenny Island	53.87495	-9.56312	T	ISL	IE
10130471	Rosclave	53.87023	-9.57024	P	PPL	IE
10130472	Rossow	53.86311	-9.56067	P	PPL	IE
10130473	Rossanrubble	53.86787	-9.57351	P	PPL	IE
10130474	Rosbeg	53.85839	-9.58137	P	PPL	IE
10130475	Roslaher	53.85879	-9.57168	P	PPL	IE
10130479	Rostoohy	53.85232	-9.58711	P	PPL	IE
10130480	Rosnakilly	53.85301	-9.58319	P	PPL	IE
10130482	Moyna	53.84289	-9.57348	P	PPL	IE
10130483	Cushalogurt	53.84757	-9.56099	P	PPL	IE
10130486	Inishdaff	53.86133	-9.5987	T	ISL	IE
10130490	Illannaconney	53.85542	-9.6244	T	ISL	IE
10130491	Inishbollog	53.86067	-9.61823	T	ISL	IE
10130493	Carrigeenglass North	53.84751	-9.61862	T	ISL	IE
10130494	Moneybeg Island	53.84761	-9.62952	T	ISL	IE
10130496	Carrigeenglass	53.8471	-9.6154	T	ISL	IE
10130497	Carrigeenglass South	53.83807	-9.62531	T	ISL	IE
10130498	Illaunnamona	53.84193	-9.63132	T	ISL	IE
10130500	Rosmoney	53.82203	-9.61667	P	PPL	IE
10130506	Illinaun Island	53.80656	-9.62003	T	ISL	IE
10130508	Lough Duff	53.78464	-9.61955	H	LK	IE
10130509	Derrowel	53.79955	-9.06386	P	PPL	IE
10130510	Heathlawn	53.79181	-9.07933	P	PPL	IE
10130511	Carrownahaun	53.81218	-9.08984	P	PPL	IE
10130512	Lough Aveely	53.81261	-9.10411	H	LK	IE
10130513	Ballymacloughlin	53.81076	-9.11036	P	PPL	IE
10130514	Ballinhoe	53.83845	-9.15678	P	PPL	IE
10130515	Carrowmore	53.83156	-9.16147	P	PPL	IE
10130516	Carrowkeel	53.82638	-9.15763	P	PPL	IE
10130517	Rathredmond	53.82141	-9.15474	P	PPL	IE
10130518	Cartron	53.81743	-9.15093	P	PPL	IE
10130519	Drumadoon	53.8196	-9.14019	P	PPL	IE
10130520	Legaun	53.81675	-9.13592	P	PPL	IE
10130521	Lagnamuck	53.80849	-9.14507	L	LCTY	IE
10130522	Smuttanagh	53.8092	-9.16353	P	PPL	IE
10130523	Lisnolan	53.81267	-9.17313	P	PPL	IE
10130524	Cuilmore Lough	53.79955	-9.15444	H	LK	IE
10130525	Loughbunnaun	53.78641	-9.14273	H	LK	IE
10130526	Shanrawy	53.78776	-9.13854	L	LCTY	IE
10130527	Lagaturrin	53.79323	-9.13186	P	PPL	IE
10130528	Carrowtober	53.8163	-9.16026	P	PPL	IE
10130529	Lough Nambrackkeagh	53.80338	-9.1763	H	LK	IE
10130530	Curryeallaun Lough	53.81765	-9.18738	H	LK	IE
10130531	Roslahan	53.81396	-9.20257	P	PPL	IE
10130532	Knockmore	53.8117	-9.1831	P	PPL	IE
10130533	Ballinlassa	53.80601	-9.20094	P	PPL	IE
10130534	Cuillare	53.80572	-9.20903	P	PPL	IE
10130535	Creaghanboy	53.82212	-9.17652	P	PPL	IE
10130536	Derreen Lough	53.82816	-9.17346	H	LK	IE
10130537	Ballyrourke	53.80872	-9.12728	P	PPL	IE
10130539	Lough Darrdun	53.87456	-9.41958	H	LK	IE
10130540	Cartronduff	53.85704	-9.41195	P	PPL	IE
10130541	Bohehs	53.85672	-9.40157	P	PPL	IE
10130542	Derrycreeve	53.84755	-9.39221	P	PPL	IE
10130543	Carrowclogher	53.79019	-9.28864	P	PPL	IE
10130544	Burnataunia	53.76873	-9.21736	P	PPL	IE
10130545	Carrowjames	53.78685	-9.22833	P	PPL	IE
10130546	Ballaghfarna	53.79089	-9.22797	P	PPL	IE
10130548	Glebe	53.79597	-9.21455	P	PPL	IE
10130549	Gweeshadan	53.78855	-9.20321	P	PPL	IE
10130550	Lecarrow	53.78632	-9.19229	P	PPL	IE
10130551	Kilbrenan	53.79438	-9.20861	P	PPL	IE
10130552	Cloghanlucas North	53.76836	-9.19192	P	PPL	IE
10130553	Cloonflyn	53.77122	-9.18058	P	PPL	IE
10130554	Peenoge Lough	53.77032	-9.17305	H	LK	IE
10130555	Peenoge	53.76709	-9.16834	P	PPL	IE
10130556	Ballinlassa	53.78723	-9.2559	P	PPL	IE
10130557	Ballycarha	53.79071	-9.24984	P	PPL	IE
10130558	Cloonconragh	53.78759	-9.24979	P	PPL	IE
10130563	Cogaula	53.81797	-9.4648	P	PPL	IE
10130564	Bullaunmeneen	53.81916	-9.4394	P	PPL	IE
10130565	Rinnaseer	53.83074	-9.4078	P	PPL	IE
10130566	Barney	53.82419	-9.23384	P	PPL	IE
10130567	Gortnasmuttaun	53.81855	-9.25496	P	PPL	IE
10130568	Drumminracahill	53.82598	-9.26612	P	PPL	IE
10130569	Lightford	53.83161	-9.26991	P	PPL	IE
10130571	Curranny Lough	53.81781	-9.23211	H	LK	IE
10130572	Derreen Lough	53.82144	-9.22359	H	LK	IE
10130573	Elmhall	53.81033	-9.21908	P	PPL	IE
10130574	Kilnageer	53.8199	-9.21669	P	PPL	IE
10130575	Lisgowel	53.83848	-9.22767	P	PPL	IE
10130576	Derreen	53.81764	-9.22069	P	PPL	IE
10130577	Tully	53.8103	-9.25004	P	PPL	IE
10130578	Clogherowan	53.81509	-9.23458	P	PPL	IE
10130579	Lough Nabe	53.84	-9.21333	H	LK	IE
10130580	Kilknock	53.84076	-9.20645	P	PPL	IE
10130581	Cloonagh Lough	53.82618	-9.21295	H	LK	IE
10130582	Lakeland	53.82845	-9.20386	P	PPL	IE
10130583	Skiddernagh	53.83079	-9.18784	P	PPL	IE
10130584	Barrackland	53.84171	-9.17934	P	PPL	IE
10130585	Kilmacrade	53.84603	-9.1942	P	PPL	IE
10130586	Derreen	53.83385	-9.17134	P	PPL	IE
10130587	Drumnaslooeen	53.81997	-9.16686	P	PPL	IE
10130588	Cloghboley	53.85534	-9.17486	P	PPL	IE
10130589	Graffy	53.84747	-9.16946	P	PPL	IE
10130590	Burris	53.84638	-9.17828	P	PPL	IE
10130591	Keelkill	53.85671	-9.2038	P	PPL	IE
10130592	Capparicar Lough	53.8555	-9.21773	H	LK	IE
10130594	Creggannavar	53.85144	-9.22322	P	PPL	IE
10130595	Drumcorrabaun	53.84699	-9.20258	P	PPL	IE
10130596	Rinnahulty	53.83372	-9.17817	P	PPL	IE
10130597	Bohoge	53.84768	-9.1523	P	PPL	IE
10130598	Lissaniska	53.86313	-9.16121	P	PPL	IE
10130599	Keeloges	53.8701	-9.16413	P	PPL	IE
10130600	Erriff	53.87259	-9.21066	P	PPL	IE
10130601	Lugnavaddoge	53.86731	-9.19861	P	PPL	IE
10130602	Lugganashiere	53.87198	-9.19386	P	PPL	IE
10130603	Lecarrow	53.86556	-9.18933	P	PPL	IE
10130604	Gortlahan	53.87989	-9.18191	P	PPL	IE
10130605	Atticahill	53.88509	-9.13379	P	PPL	IE
10130606	Carrownaraha	53.88334	-9.12897	P	PPL	IE
10130607	Danganmore	53.87303	-9.13253	P	PPL	IE
10130608	Knocksaxon	53.86429	-9.12711	P	PPL	IE
10130610	Killeen	53.88193	-9.15684	P	PPL	IE
10130612	Tawnaghaknaff	53.86867	-9.09932	P	PPL	IE
10130613	Aghalusky	53.87322	-9.11355	P	PPL	IE
10130614	Carrowntleva	53.86448	-9.08093	P	PPL	IE
10130615	Altbaun	53.86705	-9.04977	P	PPL	IE
10130616	Tooromin	53.87272	-9.04877	P	PPL	IE
10130617	Carrownteeaun	53.86593	-9.03034	P	PPL	IE
10130619	Camderrynabinnia	53.83894	-9.08064	P	PPL	IE
10130620	Largan	53.82606	-9.07208	P	PPL	IE
10130621	Carrowndangan	53.81565	-9.05576	P	PPL	IE
10130622	Carrigeen Lough	53.81035	-9.04137	P	PPL	IE
10130623	Derrynagower	53.8003	-9.04585	P	PPL	IE
10130624	Knocknamoghalaun	53.79622	-9.08143	P	PPL	IE
10130625	Moat	53.80325	-9.13835	P	PPL	IE
10130626	Tully	53.79872	-9.14699	P	PPL	IE
10130627	Loona	53.79638	-9.17648	P	PPL	IE
10130628	Cornamonaster	53.78613	-9.16532	P	PPL	IE
10130629	Ballinafad	53.78245	-9.17995	P	PPL	IE
10130630	Hollowpark	53.77993	-9.17457	P	PPL	IE
10130631	Corvickremon	53.77431	-9.17566	P	PPL	IE
10130632	Cornahavoley	53.77871	-9.16551	P	PPL	IE
10130633	Curryapheeaghaun Lough	53.77688	-9.15965	H	LK	IE
10130635	Loughpark	53.77296	-9.16069	P	PPL	IE
10130636	Knockaraha	53.76602	-9.27509	P	PPL	IE
10130637	Creevagh	53.77415	-9.29518	P	PPL	IE
10130638	Pollawaddy	53.76705	-9.3061	P	PPL	IE
10170100	Parknasilla	51.81838	-9.87207	P	PPL	IE
10170105	Dromoland	52.7826	-8.90553	P	PPL	IE
10171057	Tolka Valley Park	53.39608	-6.38699	L	PRK	IE
10171059	Drimneen	53.64982	-9.36017	P	PPL	IE
10177671	Massbrook South	53.97987	-9.27535	P	PPL	IE
10177672	Massbrook Upper	53.97987	-9.29414	P	PPL	IE
10247799	River House	53.3981	-9.92186	P	PPL	IE
10247800	Boulard	53.39633	-9.93246	P	PPL	IE
10247802	Coogla	53.39014	-9.93971	P	PPL	IE
10247804	Crumpan	53.38914	-9.92233	P	PPL	IE
10277844	Derreennanalbanagh	53.61608	-9.8098	P	PPL	IE
10277846	Derreennawinshin	53.62199	-9.83032	P	PPL	IE
10277847	Derry	53.62968	-9.84109	P	PPL	IE
10277848	Uggool	53.63538	-9.86585	P	PPL	IE
10277849	Mweelin	53.64242	-9.85456	P	PPL	IE
10277850	Doovilra	53.64344	-9.88319	P	PPL	IE
10277851	Dardeen	53.65235	-9.86838	P	PPL	IE
10277854	Derraheeda	53.59388	-9.69505	P	PPL	IE
10297218	Baltimore Harbour	51.48611	-9.37164	P	PPL	IE
10297220	Fisherman's Row	51.48408	-9.3731	P	PPL	IE
10297221	Yokane	51.4816	-9.3755	P	PPL	IE
10297223	The Cove	51.47922	-9.38112	P	PPL	IE
10297225	Mariner's Row	51.47975	-9.37623	P	PPL	IE
10297228	Baltimore,	51.47729	-9.37636	L	LCTY	IE
10297231	Trafaska	51.4785	-9.36245	P	PPL	IE
10297232	Ballylincy	51.4805	-9.35791	L	LCTY	IE
10297234	Ballyinch East	51.48681	-9.34829	P	PPL	IE
10297235	Spain	51.48007	-9.33589	P	PPL	IE
10297236	Laghtneill	51.47847	-9.33559	P	PPL	IE
10297237	Rath South	51.49509	-9.34027	P	PPL	IE
10297238	Loughine	51.50564	-9.29963	P	PPL	IE
10297241	Knockomagh Wood	51.5056	-9.30893	V	FRST	IE
10376307	Upper Cloonsharragh	52.24706	-10.16905	P	PPL	IE
10376311	Goulane Ard	52.22893	-10.16184	P	PPL	IE
10376312	Drom	52.23101	-10.14703	P	PPL	IE
10376370	Dugort	54.00936	-10.02125	P	PPL	IE
10377017	Maharees	52.25581	-10.02262	P	PPL	IE
10628702	Creig an Chéirín	53.14566	-9.79955	P	PPL	IE
10628707	Sruthán	53.14312	-9.77032	P	PPL	IE
10628710	Fearann an Choirce	53.13099	-9.72517	P	PPL	IE
10628713	Corrúch	53.13019	-9.71449	P	PPL	IE
10628716	Baile na Creige	53.13136	-9.70878	P	PPL	IE
10628719	Mainistir	53.12906	-9.6838	P	PPL	IE
10793998	Collan More	53.83278	-9.63226	T	ISL	IE
10793999	Collan More	53.83262	-9.63286	P	PPL	IE
10860935	Clashmelcon	52.46354	-9.74333	P	PPL	IE
11001569	Clare	55.18494	-7.11725	P	PPL	IE
11055424	Glencorrib	53.51095	-9.17245	P	PPL	IE
11055442	Doogort	54.00442	-10.0385	P	PPL	IE
11055464	Derrynane	51.76566	-10.12098	P	PPL	IE
11055494	Danesfort	52.57378	-7.23827	P	PPLL	IE
11055569	Ballyfin	53.05236	-7.42009	P	PPL	IE
11055571	Ballykisteen	52.49993	-8.20949	P	PPL	IE
11056004	Templeglantine	52.39717	-9.1737	P	PPL	IE
11072112	Galley Cove	51.46692	-9.73131	P	PPL	IE
11072113	Breakwater Cottages	51.46807	-9.72303	P	PPL	IE
11072116	Sanavalley	51.4805	-9.70882	P	PPL	IE
11072119	Colleras	51.48729	-9.71363	P	PPL	IE
11072123	O'Callagha Park	51.49485	-9.71397	P	PPL	IE
11072124	Goleen Holiday Cottages	51.49661	-9.71191	P	PPL	IE
11103674	Ballilogue	52.43221	-7.00048	P	PPL	IE
11611093	Ballyogan	53.25769	-6.19401	P	PPL	IE
11611095	Cherrywood	53.24349	-6.13904	P	PPL	IE
11611445	Limerick City and County Council	52.6464	-8.63663	A	ADM2	IE
11611446	County Waterford	52.23999	-7.14386	A	ADM2	IE
11612344	Courtbrack	51.96677	-8.64611	P	PPLA2	IE
11612416	Mucklagh	53.25099	-7.54915	P	PPL	IE
11612419	Lordship	54.00119	-6.26912	P	PPL	IE
11612424	Irishtown	53.66224	-8.88906	P	PPL	IE
11612447	Ballinroad	52.10279	-7.57662	P	PPL	IE
11612449	The Ballagh	52.47962	-6.42104	P	PPL	IE
11612450	Ballybofey-Stranorlar	54.80165	-7.77437	P	PPL	IE
11612452	Charlestown-Bellahy	53.96598	-8.7961	P	PPL	IE
11612500	Knocknacarra	53.26655	-9.11556	P	PPLL	IE
11612520	Ardbear	53.47924	-10.02506	P	PPLL	IE
11704352	Caherfenick	52.74398	-9.48197	P	PPL	IE
11749852	Panorama Dublin	53.38141	-6.1524	L	RGNL	IE
11749928	Stephenstown Pond Nature Park	53.96305	-6.4591	L	PRK	IE
11749937	Ward River Valley Park	53.45684	-6.23706	L	PRK	IE
11776715	Tralee Town Park	52.26625	-9.70454	L	PRK	IE
11776787	Pollardstown Fen Nature Reserve	53.18358	-6.84579	L	RESN	IE
11776796	Secret Valley Wildlife Park	52.42705	-6.75554	L	PRK	IE
11776923	Mayo Memorial Peace Park	53.85349	-9.30622	L	PRK	IE
11777049	Newgrange Falconry	53.69471	-6.47549	L	PRK	IE
11777063	John F. Kennedy Arboretum	52.32099	-6.93371	L	PRK	IE
11777070	Inch Wildfowl Reserve	55.05165	-7.44406	L	RESW	IE
11777218	Eyre Square	53.27453	-9.04917	L	PRK	IE
11777219	Merlin Woods Park	53.27953	-8.9969	L	PRK	IE
11777270	Newbridge Demesne	53.48639	-6.16798	L	PRK	IE
11777274	Donadea Forest Park	53.34264	-6.74586	L	PRK	IE
11777298	The Gearagh	51.88574	-8.99766	L	RESN	IE
11777301	Rinville Park	53.24567	-8.96173	L	PRK	IE
11777302	Rathbeggan Lakes	53.46772	-6.50947	L	PRK	IE
11777317	Birds of Prey Educational Centre	53.09059	-9.14653	L	PRK	IE
11777484	The Burren National Park	52.99683	-9.03736	L	PRK	IE
11777485	Coole Park	53.09266	-8.83731	L	PRK	IE
11777490	Woodlands Falconry and Bird of Prey Centre.	53.14076	-6.57165	L	PRK	IE
11807094	Killarney National Park	52.02039	-9.58282	L	PRK	IE
11809524	Killinure	53.47298	-7.91101	P	PPLL	IE
11822660	Bridge of Ross	52.59195	-9.87213	T	PROM	IE
11903476	Eyeries Island	51.70349	-9.97558	T	ISL	IE
11906075	Carna Village	53.32426	-9.83532	P	PPL	IE
11999315	Abbeyville	53.42721	-6.18436	P	PPL	IE
12000192	Irishtown Park	53.33612	-6.19672	L	PRK	IE
12000193	Sean Moore Park	53.33564	-6.21423	L	PRK	IE
12000274	Edenmore	53.38597	-6.18458	P	PPL	IE
12000275	Fairview Park	53.35998	-6.23606	L	PRK	IE
12000276	Poppintree Park	53.39726	-6.2824	L	PRK	IE
12000306	Brickfields Park	53.33013	-6.30357	L	PRK	IE
12018830	Blackwater Bridge	53.42299	-6.89272	P	PPL	IE
12018833	Leinster Bridge	53.43469	-7.00364	P	PPL	IE
12018874	Togher	53.47162	-6.85505	L	LCTY	IE
12018988	Baconstown	53.43782	-6.80121	P	PPL	IE
12018989	Moynalvy	53.47816	-6.67967	P	PPL	IE
12018990	KIlmore Cross Roads	53.45715	-6.67055	P	PPL	IE
12019000	Hill of Down	53.47351	-6.99209	P	PPL	IE
12019001	Ardanew	53.47744	-6.86697	P	PPL	IE
12019120	Farrahill	52.92823	-8.34667	P	PPL	IE
12019121	Meelick	52.93738	-8.36639	P	PPL	IE
12019122	Ringroe	52.93131	-8.35851	P	PPL	IE
12019123	Ringroe Islands	52.92767	-8.36026	P	PPL	IE
12019124	Hare Island	52.92464	-8.34444	T	ISL	IE
12020154	Church Island	52.92931	-8.35433	T	ISL	IE
12020155	Crane Island	52.93052	-8.36677	T	ISL	IE
12020157	Ringaloughaun Point	52.92619	-8.37995	T	ISL	IE
12020158	Maidens Island	52.92672	-8.39351	T	ISL	IE
12020161	Cribby Islands	52.92333	-8.41353	T	ISL	IE
12020162	Cloonoolia South	52.93125	-8.40239	P	PPL	IE
12020163	Cloonamirran	52.94224	-8.40576	P	PPL	IE
12020164	Cloonoolia North	52.94543	-8.39987	P	PPL	IE
12020166	Boleynagoagh North	52.95265	-8.41476	P	PPL	IE
12020196	Gregg	52.9572	-8.38823	P	PPL	IE
12020197	Gweeneeny	52.94543	-8.37155	P	PPL	IE
12020198	Birchpark	52.94413	-8.38269	P	PPL	IE
12020199	Ashtree Cross Roads	52.9586	-8.34816	P	PPL	IE
12020200	Cappantruhaun	52.95381	-8.35456	P	PPL	IE
12020201	Ballinrooaun	52.93471	-8.37627	P	PPL	IE
12020202	Ballynamona	52.92996	-8.39106	P	PPL	IE
12020210	Carton	52.94069	-8.37479	P	PPL	IE
12020212	Boleynagoagh South	52.9365	-8.38789	P	PPLL	IE
12020214	Ballynakillew	52.93016	-8.37932	P	PPL	IE
12020463	Coole	52.9052	-8.3766	P	PPL	IE
12020464	Cornode	52.90457	-8.36151	P	PPL	IE
12020465	Lackaroe	52.89926	-8.37171	P	PPL	IE
12020466	Ballywilliam	52.88729	-8.3651	P	PPL	IE
12020467	Landsdown	52.88197	-8.36424	P	PPL	IE
12020468	Shesharoe	52.88705	-8.35443	P	PPL	IE
12020469	Faha	52.87877	-8.34212	P	PPL	IE
12020490	Drummaan South	52.94462	-8.34233	L	LCTY	IE
12020491	Drummaan West	52.95043	-8.34959	L	LCTY	IE
12020492	Drummaan East	52.95227	-8.33066	L	LCTY	IE
12020493	Cloonmohaun	52.94419	-8.35289	P	PPL	IE
12020494	Lakyle	52.94687	-8.36816	P	PPL	IE
12020495	Deer Park	52.90486	-8.38837	L	PRK	IE
12020498	Laghtea	52.86957	-8.39139	L	LCTY	IE
12020500	Cooneen	52.87525	-8.38622	P	PPL	IE
12020501	Ballingeer	52.87132	-8.36937	P	PPL	IE
12020503	Drum	52.86682	-8.36329	P	PPL	IE
12020504	Townlough Lower	52.86467	-8.40523	P	PPLL	IE
12020506	Townlough Upper	52.85701	-8.40561	L	LCTY	IE
12020507	Cloneybrien	52.8583	-8.38244	P	PPL	IE
12020508	Coolbaun	52.85394	-8.40772	P	PPL	IE
12020509	Ballyvaughan	52.90072	-8.33796	P	PPL	IE
12020510	Garranashingaun	52.8943	-8.3359	P	PPL	IE
12020513	Lisheentyrone	52.87836	-8.35323	L	LCTY	IE
12020514	Lisheentyrone South	52.87324	-8.34978	L	LCTY	IE
12020515	Lisheenbrien	52.87486	-8.35735	P	PPL	IE
12020516	Corbally	52.85772	-8.35955	P	PPLL	IE
12020518	Coumbeg Lough	52.84173	-8.37431	H	LK	IE
12020519	Killary	52.84426	-8.40706	L	LCTY	IE
12020529	Glencrue	52.88995	-8.34327	P	PPL	IE
12020861	Black Lough	52.84508	-8.38817	H	LK	IE
12020862	Englishtown	52.83948	-8.40257	L	LCTY	IE
12020864	Killary	52.83269	-8.40433	P	PPLL	IE
12020865	Leagane	52.8253	-8.40828	L	LCTY	IE
12020866	Gortlassabrien	52.82045	-8.38379	P	PPL	IE
12020869	Ballyea South	52.79894	-8.38537	P	PPL	IE
12020870	Chadrinagh	52.79538	-8.40193	P	PPL	IE
12020871	Greenhills	52.78278	-8.40106	P	PPL	IE
12020872	Rossfinch	52.77746	-8.38128	P	PPL	IE
12020873	Shanbally	52.77689	-8.39374	L	LCTY	IE
12020874	Cappanakeady	52.77089	-8.39959	P	PPL	IE
12020875	Ballinahinch	52.76777	-8.37395	P	PPL	IE
12020876	Farneigh	52.75549	-8.38178	P	PPL	IE
12020877	Ballykinlalee	52.75286	-8.39859	P	PPL	IE
12020878	Controversy	52.75613	-8.36361	P	PPL	IE
12020879	Coolross	52.74026	-8.40261	P	PPL	IE
12020880	Gortshane Middle	52.74651	-8.39108	P	PPL	IE
12020881	Gortshane East	52.74777	-8.37959	P	PPLL	IE
12020882	Gortshane West	52.73771	-8.38771	L	LCTY	IE
12020883	Rootagh	52.73624	-8.37208	P	PPL	IE
12020884	Coole	52.7259	-8.4071	P	PPL	IE
12020885	Freagh	52.73081	-8.40045	P	PPL	IE
12020886	Oakhampton	52.73002	-8.37995	P	PPL	IE
12020888	Rockvale Bridge	52.71992	-8.38922	P	PPL	IE
12020889	Folldarrig	52.72471	-8.39924	P	PPL	IE
12020890	Rockvale	52.7162	-8.38818	P	PPL	IE
12020891	Ahane	52.71719	-8.38025	P	PPL	IE
12020995	Tullow	52.70537	-8.39985	P	PPL	IE
12020996	Carrowkeale	52.70756	-8.37453	P	PPL	IE
12020997	Cranavaneen	52.70002	-8.39676	P	PPL	IE
12020998	Coolnacalla	52.69657	-8.39443	P	PPL	IE
12021000	Mountrivers	52.69463	-8.40319	L	LCTY	IE
12021002	Kilnacappagh	52.69889	-8.36746	P	PPL	IE
12021003	Ahane Cross Roads	52.71923	-8.37726	P	PPL	IE
12021004	Ahane Bridge	52.71654	-8.37335	P	PPL	IE
12021005	Newross	52.72976	-8.36286	P	PPL	IE
12021006	Gortacoula	52.73083	-8.35331	L	LCTY	IE
12021007	Gortacoula Cross Roads	52.73152	-8.34976	P	PPL	IE
12021008	Kilmacogue	52.73733	-8.36882	P	PPL	IE
12021009	Gortolee	52.74074	-8.36606	P	PPL	IE
12021010	Coolboreen	52.7438	-8.36251	P	PPL	IE
12021011	Curraghduff	52.74344	-8.33105	P	PPL	IE
12021012	Garraunbeg	52.7554	-8.33708	P	PPL	IE
12021013	Munnia	52.7606	-8.35611	P	PPL	IE
12021014	Clonygaheen	52.76735	-8.32753	P	PPL	IE
12021015	Clonalough	52.76804	-8.3467	P	PPL	IE
12021016	Greenhall	52.78545	-8.33762	P	PPL	IE
12021017	Killalane	52.7852	-8.35051	P	PPL	IE
12021018	Knockmeale	52.7749	-8.32789	P	PPL	IE
12021027	Barbana	52.84164	-8.32442	P	PPL	IE
12021028	Carrigmadden	52.84906	-8.30249	P	PPL	IE
12021029	Toorfune	52.85189	-8.27468	P	PPLL	IE
12021030	Bawnakey	52.85141	-8.28056	P	PPL	IE
12021032	Toor	52.856	-8.28114	P	PPL	IE
12021033	Ballinagore	52.85562	-8.28942	P	PPL	IE
12021036	Carrigmadden Bridge	52.85213	-8.29129	P	PPL	IE
12021038	Clashabreeda	52.8571	-8.30604	P	PPL	IE
12021039	Boolaglass	52.8573	-8.32299	P	PPL	IE
12021099	Curraheen	52.78954	-8.32778	P	PPL	IE
12021100	Goulreagh	52.78303	-8.30551	P	PPL	IE
12021101	Knockaunreagh	52.78007	-8.31686	P	PPL	IE
12021102	Longstone	52.77475	-8.31954	P	PPL	IE
12021103	Shallee Upper & Lower	52.78892	-8.31671	L	LCTY	IE
12021104	Kilnacranna Bridge	52.79338	-8.32054	P	PPL	IE
12021106	Gortnaskehy	52.79606	-8.34453	P	PPL	IE
12021107	Kilacranna	52.79879	-8.32859	P	PPL	IE
12021108	Cranna Bridge	52.7985	-8.31968	P	PPL	IE
12021109	Castlecranna	52.80578	-8.3171	P	PPL	IE
12021110	Gortmore	52.8131	-8.31226	P	PPL	IE
12021111	Newline Bridge	52.80726	-8.32557	P	PPL	IE
12021112	Pollagh	52.80788	-8.29996	P	PPL	IE
12021113	Scragg	52.81914	-8.34583	P	PPL	IE
12021114	Gortroe	52.82359	-8.33855	P	PPL	IE
12021115	Ballywilliam	52.82215	-8.29728	P	PPL	IE
12021116	Burgesbeg	52.82799	-8.33769	P	PPL	IE
12021117	Carrigeen	52.83192	-8.32897	P	PPL	IE
12021118	Ballycuddy Beg	52.82809	-8.3069	P	PPL	IE
12021147	Mountsack	52.83307	-8.31566	P	PPL	IE
12021148	Cloghleigh	52.83144	-8.29943	P	PPL	IE
12021149	Gortycullane	52.83436	-8.29852	P	PPLL	IE
12021150	Ballyhogan	52.838	-8.30087	P	PPL	IE
12021151	Patricls Well	52.8425	-8.29383	P	PPL	IE
12021156	Coum	52.85313	-8.33687	P	PPL	IE
12021157	Curraghbaun	52.84801	-8.34243	L	LCTY	IE
12021158	Ballympylin	52.87224	-8.32217	P	PPL	IE
12021159	Kilparteen	52.87516	-8.33496	L	LCTY	IE
12021160	Knockrinahan	52.87942	-8.31762	L	LCTY	IE
12021161	Ballinamoe	52.87834	-8.32404	P	PPL	IE
12021162	Carrownalough South	52.8781	-8.30738	P	PPLL	IE
12021163	Carrownaclogh	52.88351	-8.30422	P	PPL	IE
12021164	Garranakeevin	52.88643	-8.31686	P	PPL	IE
12021165	Ballycarridoge Bridge	52.88255	-8.31762	P	PPL	IE
12021166	Garrymacteige	52.88083	-8.32921	P	PPL	IE
12021168	Youghalvillage	52.89582	-8.31394	P	PPL	IE
12021178	Barnagree	52.9567	-7.83477	P	PPL	IE
12021179	Timeighter	52.95756	-7.83951	P	PPL	IE
12021180	Borris	52.95014	-7.83353	P	PPL	IE
12021181	Inane	52.9441	-7.83688	P	PPL	IE
12021183	Spruce Hill	52.95263	-7.85368	P	PPL	IE
12021184	Cloncracken	52.94688	-7.85617	P	PPL	IE
12021185	Glascloon	52.94358	-7.87523	P	PPL	IE
12021186	Ballystanly	52.93759	-7.87255	P	PPLL	IE
12104291	Hog Island	51.69558	-9.47785	T	ISL	IE
12104297	Rabbit Island	51.68501	-9.4916	T	ISL	IE
12105158	Killylea	53.78071	-8.8524	P	PPLL	IE
12105159	Trouthill	53.94309	-8.84348	P	PPLL	IE
12105160	Lough Coghlan	53.85237	-8.84003	H	LK	IE
12105162	Casheltourly	53.83907	-8.83537	P	PPLL	IE
12105163	Lugbrack	53.83283	-8.83527	P	PPLL	IE
12105164	Lough Cloghvoley	53.85539	-8.85125	P	PPLL	IE
12105165	Cloghvoley	53.85427	-8.84446	P	PPLL	IE
12105168	Kilmannin	53.77291	-8.76442	P	PPLL	IE
12105169	Tooraree	53.77067	-8.77557	P	PPLL	IE
12105170	Cartron	53.79239	-8.78313	P	PPLL	IE
12105171	Annagh Loughs	53.77698	-8.77445	H	LK	IE
12105173	Cave	53.78161	-8.76132	P	PPLL	IE
12105174	Shammerdoo	53.89376	-8.84538	P	PPLL	IE
12105175	Carn	53.92732	-8.84969	P	PPLL	IE
12105176	Killeen	53.93564	-8.85138	P	PPLL	IE
12105177	Knockbrack	53.94372	-8.83063	P	PPLL	IE
12105178	Bracklaghboy	53.77297	-8.78996	P	PPLL	IE
12105179	Bohogerawer	53.76976	-8.80348	P	PPLL	IE
12105180	Derragh	53.88099	-8.83849	P	PPLL	IE
12105181	Shammer Lough	53.88566	-8.84935	H	LK	IE
12105182	Falleighter	53.85867	-8.82637	P	PPLL	IE
12105183	Lough Caldragh	53.85356	-8.82625	H	LK	IE
12105184	Rath	53.84643	-8.82286	P	PPLL	IE
12105185	Carrowbaun	53.84759	-8.80279	P	PPLL	IE
12105186	Barcull	53.89535	-8.82381	P	PPLL	IE
12105187	Kilmore	53.87186	-8.82995	P	PPLL	IE
12105190	Cashels	53.81451	-8.7953	P	PPLL	IE
12105191	Carrowneden	53.80218	-8.80289	P	PPLL	IE
12105192	Coolnaha North	53.80581	-8.78454	P	PPLL	IE
12105193	Coolnaha South	53.79809	-8.76875	P	PPLL	IE
12105194	Ballynacloy	53.83487	-8.80105	P	PPLL	IE
12105195	Scregg	53.82759	-8.79958	P	PPLL	IE
12105196	Cornageaghta	53.82298	-8.8055	P	PPLL	IE
12105197	Laralac	53.81964	-8.79779	P	PPLL	IE
12105198	Eden	53.81315	-8.88925	P	PPLL	IE
12105199	Shanaghmoyle	53.8152	-8.89866	P	PPLL	IE
12105200	Sallyhernaun	53.81343	-8.91051	P	PPLL	IE
12105201	Derragh	53.8085	-8.9071	P	PPLL	IE
12105202	Derrykinlough	53.83933	-8.95645	P	PPLL	IE
12105203	Cloonnagrally Lough	53.83339	-8.94868	H	LK	IE
12105204	Cloonnagleragh	53.8304	-8.93709	P	PPLL	IE
12105205	Addergoole	53.82787	-8.91396	P	PPLL	IE
12105206	Cloondace	53.80613	-8.91509	P	PPLL	IE
12105207	Cuillatinny	53.80454	-8.89069	P	PPLL	IE
12105208	Cloontarriff	53.79879	-8.89535	P	PPLL	IE
12105209	Cregganbrack	53.76974	-8.89414	P	PPLL	IE
12105210	Carrownamallaght	53.78691	-8.89682	P	PPLL	IE
12105211	Caher	53.84958	-8.89886	P	PPLL	IE
12105212	Cloonnahulty	53.84115	-8.90283	P	PPLL	IE
12105213	Drumman Lough	53.86221	-8.89279	H	LK	IE
12105214	Derrybrack	53.86227	-8.89913	P	PPLL	IE
12105215	Derryool	53.85727	-8.90174	P	PPLL	IE
12105217	Tawnagh	53.84921	-8.93212	P	PPLL	IE
12105218	Barnagurry	53.84081	-8.92179	P	PPLL	IE
12105219	Lough Nasnadda	53.84911	-8.94297	P	PPLL	IE
12105220	Derryclaha	53.85182	-8.91992	P	PPLL	IE
12105221	Derrynaned	53.85312	-8.92834	P	PPLL	IE
12105222	Canbrack	53.85016	-8.95131	P	PPLL	IE
12105223	Cuilgar	53.85019	-8.93894	P	PPLL	IE
12105224	Rinn Lough	53.86758	-8.91409	H	LK	IE
12105225	Cuiltybo	53.86919	-8.92577	P	PPL	IE
12105226	Castleroyan	53.87993	-8.94613	P	PPL	IE
12105227	Ballindrehid	53.886	-8.96917	P	PPLL	IE
12105230	Derrycashel	53.87241	-8.89602	P	PPLL	IE
12105231	Rinn	53.86849	-8.90419	P	PPLL	IE
12105232	Balloorclerhy	53.8657	-8.94056	P	PPLL	IE
12105234	Devleash	53.85919	-8.93425	P	PPLL	IE
12105235	Derrygay	53.86122	-8.91595	P	PPLL	IE
12105236	Treankeel	53.87989	-8.98555	P	PPLL	IE
12105237	Shanvally	53.87586	-8.97531	P	PPLL	IE
12105238	Lisduff	53.87211	-8.9711	P	PPLL	IE
12105239	Ballynamona	53.8665	-8.96153	P	PPLL	IE
12105240	Carrownaculla	53.91043	-8.95235	P	PPLL	IE
12105241	Tullanacorra	53.91055	-8.97381	P	PPLL	IE
12105242	Ardlee	53.90156	-8.96388	P	PPLL	IE
12105243	Knocklanny	53.91268	-8.90406	P	PPLL	IE
12105244	Castlecrunnogg	53.90569	-8.90778	P	PPLL	IE
12105245	Castlesheenaghan	53.91237	-8.92488	P	PPLL	IE
12105246	Castlebarnagh	53.90385	-8.92937	P	PPLL	IE
12105247	Carn	53.88568	-8.90533	P	PPLL	IE
12105248	Tawnaglass	53.88922	-8.92218	P	PPLL	IE
12105249	Faheens	53.88814	-8.93833	P	PPLL	IE
12105250	Woods	53.87571	-8.92907	P	PPLL	IE
12105251	Johnsfort	53.90379	-8.95488	P	PPLL	IE
12105252	Brackloon	53.89972	-8.94424	P	PPLL	IE
12105253	Treanlaur	53.8975	-8.92134	P	PPLL	IE
12105254	Lagcurragh	53.95124	-8.96571	P	PPLL	IE
12105256	Carrowbeg	53.94229	-8.9593	P	PPLL	IE
12105257	Deer Park	53.93784	-8.93434	P	PPL	IE
12105258	Tawnamullagh	53.95047	-8.94328	P	PPLL	IE
12105259	Ballydrum	53.96029	-8.91026	P	PPLL	IE
12105260	Cuillaun	53.93947	-8.90576	P	PPLL	IE
12105261	Rathscanlan	53.94856	-8.93524	P	PPLL	IE
12105262	Carrowbaun	53.92084	-8.95298	P	PPLL	IE
12105263	Rabaun	53.91866	-8.94269	P	PPLL	IE
12105264	Carrowcanada	53.92446	-8.93837	P	PPLL	IE
12105265	Derryronan	53.92184	-8.91029	P	PPLL	IE
12105266	Newpark	53.93427	-8.95058	P	PPL	IE
12105267	Esker	53.9319	-8.97868	P	PPLL	IE
12105268	Lislackagh	53.9257	-8.97157	P	PPLL	IE
12105269	Lissanumera	53.91944	-8.97733	P	PPLL	IE
12105270	Doonmaynor	53.99085	-8.95169	P	PPLL	IE
12105271	Magheraboy	53.9901	-8.97597	P	PPLL	IE
12105272	Tiraninny	53.98031	-8.97632	P	PPLL	IE
12105273	Listernan	53.9795	-8.96202	P	PPLL	IE
12105274	Knockmullin	53.99893	-8.96293	P	PPLL	IE
12105275	Attnaskollia	54.00038	-8.94929	P	PPLL	IE
12105276	Drumagh	54.00594	-8.93479	P	PPLL	IE
12105277	Carrowliam Beg	54.00018	-8.93014	P	PPLL	IE
12105278	Carrowbeg	53.97287	-8.93849	P	PPLL	IE
12105279	Carrowmoremoy	53.9676	-8.96794	P	PPLL	IE
12105280	Cloonlumney	53.96325	-8.94565	P	PPLL	IE
12105281	Esker	53.95737	-8.94284	P	PPLL	IE
12105282	Blackpatch	53.97553	-8.96547	P	PPLL	IE
12105283	Boleyboy	53.97713	-8.95546	P	PPLL	IE
12105284	Clooncleevragh	53.97626	-8.93423	P	PPLL	IE
12105285	Tulleague	54.00686	-8.92014	P	PPLL	IE
12105286	Knocks	54.0068	-8.90422	P	PPLL	IE
12105287	Cloonacannana	53.96004	-8.92632	P	PPLL	IE
12105288	Killaturly Lough	53.93166	-8.89478	H	LK	IE
12105289	Drumalooaun	53.96832	-8.91422	P	PPLL	IE
12105290	Loobnamuck	53.97622	-8.92606	P	PPLL	IE
12105291	Cartronmacmanus	54.0098	-8.96985	P	PPLL	IE
12105292	Toorard	54.00357	-8.97377	P	PPLL	IE
12105293	Carrowna geeragh	54.00289	-8.96429	P	PPLL	IE
12105294	Derryool	53.78948	-8.87969	P	PPLL	IE
12105295	Cullentragh Lough	53.78822	-8.87007	H	LK	IE
12105296	Cullentragh	53.78745	-8.86151	P	PPLL	IE
12105297	Caldragh	53.78561	-8.87345	P	PPLL	IE
12105298	Aghtaboy	53.81484	-8.87275	P	PPLL	IE
12105299	Liscat	53.80256	-8.87556	P	PPLL	IE
12105300	Kilgarriff	53.79765	-8.86574	P	PPLL	IE
12105301	Cloonturnaun Lough	53.78087	-8.87543	H	LK	IE
12105302	Cloonturnaun	53.78522	-8.88264	P	PPLL	IE
12105303	Killoveeny	53.77313	-8.87848	P	PPLL	IE
12105304	Black Lough	53.93587	-8.8853	H	LK	IE
12105305	Lispatrick	53.78249	-8.86204	P	PPLL	IE
12105306	Curragh Lough	53.78068	-8.86102	H	LK	IE
12105307	Ballyroe	53.77932	-8.86376	P	PPLL	IE
12105308	Loughanboy	53.77388	-8.85991	P	PPLL	IE
12105310	Black Lough	54.01949	-8.99473	H	LK	IE
12105311	Treanrevagh	54.00628	-8.99415	P	PPLL	IE
12105312	Doonty	54.00898	-9.00151	P	PPLL	IE
12105313	Lough Nambrackkeagh	54.01584	-9.01262	H	LK	IE
12105314	Cloonygowan	53.96451	-9.02014	P	PPLL	IE
12105315	Pollsharvoge	53.95895	-9.00182	P	PPLL	IE
12105317	Creggaballagh	53.96573	-8.9868	P	PPLL	IE
12105318	Lisdurraun	53.94704	-9.00926	P	PPLL	IE
12105319	Ballintemple	53.95178	-9.0223	P	PPLL	IE
12105320	Lismoran	53.96861	-9.03074	P	PPLL	IE
12105321	Derreenadooey Lough	53.98404	-9.01806	H	LK	IE
12105322	Carrowneden	53.99272	-8.998	P	PPLL	IE
12105323	Prebaun	53.9994	-9.02671	P	PPLL	IE
12105325	Cuildoo	53.9727	-9.0088	P	PPLL	IE
12105326	Carn	53.97801	-9.02986	P	PPL	IE
12105327	Coolcashla	53.98399	-9.02196	P	PPLL	IE
12105328	Lecarrow	53.91501	-9.03068	P	PPLL	IE
12105330	Tullyroe	53.91569	-9.01823	P	PPLL	IE
12105331	Collagh	53.91478	-9.00643	P	PPLL	IE
12105332	Carrownacross	53.92292	-8.99975	P	PPLL	IE
12105333	Gortnasillagh	53.904	-9.00896	L	LCTY	IE
12105334	Clooneen	53.90445	-9.03133	P	PPLL	IE
12105335	Garrowreagh	53.93315	-8.99548	P	PPLL	IE
12105336	Lisbrogan	53.93463	-8.9868	P	PPLL	IE
12105337	Lisheenabrone	53.94243	-8.98819	P	PPLL	IE
12105338	Knockavilla	53.94248	-9.0215	P	PPL	IE
12105339	Clooninshin	53.92742	-9.03061	P	PPLL	IE
12105341	Killeen	53.93339	-9.02756	P	PPLL	IE
12105342	Bothaul	53.93528	-9.01556	P	PPLL	IE
12105343	Killedan	53.87937	-9.01766	P	PPLL	IE
12105344	Treanfohanaun	53.88736	-8.99832	L	LCTY	IE
12105345	Lismiraun	53.89114	-9.02713	P	PPLL	IE
12105346	Carrowkeel	53.89586	-9.02953	P	PPLL	IE
12105347	Pollronahan More	53.87683	-8.99734	P	PPLL	IE
12105349	Brownespark	53.8692	-9.01577	P	PPLL	IE
12105350	Rathslevin	53.87663	-9.02836	P	PPLL	IE
12105351	Ballyglass	53.91559	-8.99073	P	PPL	IE
12105352	Ballinvoher	53.92182	-8.99085	P	PPLL	IE
12105353	Lisbaun	53.92628	-8.98565	P	PPLL	IE
12105354	Liscottle	53.91774	-8.99765	P	PPLL	IE
12105355	Carrowmore	53.89944	-9.01734	P	PPL	IE
12105356	Ballinlag	53.90003	-9.0015	P	PPLL	IE
12105357	Knockbrack	53.89663	-8.98713	P	PPLL	IE
12105358	Tonroe	53.90974	-8.98551	P	PPLL	IE
12105359	Cuiltrasna	53.84919	-8.97382	P	PPL	IE
12105360	Carrick	53.85841	-8.97219	P	PPLL	IE
12105361	Corrahoor	53.85876	-8.98615	P	PPLL	IE
12105362	Lisnamaneeagh	53.85894	-8.99765	P	PPLL	IE
12105363	Oxford	53.84442	-9.02145	P	PPLL	IE
12105364	Gortgarve	53.84527	-9.01284	P	PPLL	IE
12105365	Cordarragh	53.84382	-8.99717	P	PPLL	IE
12105366	Gowelboy	53.84511	-8.98636	P	PPLL	IE
12105371	Cloonkedagh	53.85937	-9.01156	P	PPLL	IE
12105372	Cloomdoolough	53.86126	-9.02646	P	PPLL	IE
12105373	Cartron	53.86336	-9.0052	P	PPLL	IE
12105374	Faughil	53.82339	-8.95452	P	PPLL	IE
12105375	Cloonmore Lower	53.81617	-8.98612	P	PPLL	IE
12105376	Bohaun	53.82735	-8.96457	P	PPLL	IE
12105377	Woods	53.83621	-8.9732	P	PPLL	IE
12105378	Cloonlavis Lower	53.81138	-8.9672	P	PPLL	IE
12105379	Cloonlavis Upper	53.79631	-8.95763	P	PPLL	IE
12105380	Curraghteemore	53.81098	-8.95638	P	PPLL	IE
12105381	Roosky	53.81856	-8.94094	P	PPLL	IE
12105383	Carrownageeragh	53.83104	-9.02233	P	PPLL	IE
12105384	Carrowreagh	53.83332	-9.01406	P	PPLL	IE
12105385	Knocknaskeagh	53.84782	-9.03028	P	PPLL	IE
12105386	Kincon	53.82747	-8.9808	P	PPL	IE
12105387	Cuiltybo Lough	53.82186	-9.01127	H	LK	IE
12105388	Cuiltybo	53.81523	-9.01092	P	PPLL	IE
12105389	Coolaght	53.81217	-9.02606	P	PPLL	IE
12105390	Killeen	53.78825	-8.94378	P	PPL	IE
12105391	Esker	53.79047	-8.94846	P	PPL	IE
12105392	Knockroe	53.79085	-8.95433	P	PPLL	IE
12105393	Dalteen	53.7945	-8.96928	P	PPLL	IE
12105394	Rockfield	53.76841	-8.94976	P	PPLL	IE
12105395	Magheraboy	53.77457	-8.94558	P	PPLL	IE
12105396	Ballintaffy	53.79624	-9.02715	P	PPLL	IE
12105397	Tawnaghlahard	53.79977	-9.01619	P	PPLL	IE
12105398	Curneen	53.80441	-9.0012	P	PPLL	IE
12105399	Cloonmore Upper	53.80172	-8.97691	P	PPLL	IE
12105400	Mace Middle	53.78705	-8.97757	P	PPLL	IE
12105401	Mace Lower	53.79181	-8.99278	P	PPLL	IE
12105402	Murneen North	53.78526	-9.0055	P	PPLL	IE
12105403	Ballynacarrick	53.78016	-9.02122	P	PPLL	IE
12105404	Churchfield	53.78599	-8.90783	P	PPLL	IE
12105405	Eskerymorilly	53.77831	-8.92162	P	PPLL	IE
12105406	Slievenabrehan	53.77689	-8.91448	P	PPLL	IE
12105407	Magheramore	53.76838	-8.91401	P	PPLL	IE
12105408	Drum	53.79755	-8.91204	P	PPLL	IE
12105409	Cloonlee	53.80564	-8.93721	P	PPLL	IE
12105410	Lecarrow	53.80307	-8.94742	P	PPLL	IE
12105411	Carrowmore	53.79426	-8.9262	P	PPL	IE
12105412	Kilcolman	53.76783	-8.99732	P	PPLL	IE
12105413	Murneen South	53.77118	-8.98888	P	PPLL	IE
12105414	Ballynabrehon North	53.76871	-8.97732	P	PPLL	IE
12105415	Mace Upper	53.77148	-8.97048	P	PPLL	IE
12105416	Knockbaun	53.77795	-8.93243	P	PPLL	IE
12105417	Derry	53.77172	-8.93633	P	PPLL	IE
12105418	Gortnaraha	53.77702	-9.02575	P	PPLL	IE
12105419	Tawnagh	53.76817	-9.02135	P	PPLL	IE
12105420	Ballyglass West	53.94722	-8.79602	P	PPLL	IE
12105421	Ballyglass East	53.95672	-8.79144	P	PPLL	IE
12105422	Lowpark	53.95933	-8.80208	P	PPLL	IE
12105423	Kilgarriff West	53.91376	-8.82394	P	PPLL	IE
12105424	Loughapharbera	53.93268	-8.80195	P	PPLL	IE
12105425	Ranaranny	53.92894	-8.81946	P	PPLL	IE
12105426	Cloonlyon	53.93017	-8.83306	P	PPLL	IE
12105427	Forthill	53.78496	-8.73736	P	PPLL	IE
12105428	Barheen	53.77989	-8.74067	P	PPLL	IE
12105429	Carrowreagh	53.77394	-8.75171	P	PPLL	IE
12105431	Loughanshoheen	53.80016	-8.73352	H	LK	IE
12105432	Loughannamona	53.80627	-8.73266	H	LK	IE
12105433	Tawnaghmore	53.80227	-8.74372	P	PPLL	IE
12105434	Mountain	53.79051	-8.74474	P	PPLL	IE
12105435	Annagh	53.78559	-8.77948	P	PPLL	IE
12105436	Classaghroe	53.7733	-8.73405	P	PPLL	IE
12105437	Bunnadober	53.76948	-8.74054	P	PPLL	IE
12105438	Pollnacroaghy	53.76761	-8.76102	P	PPLL	IE
12105439	Togher	53.78432	-8.75239	P	PPLL	IE
12105441	Spaddagh	53.77085	-8.71674	P	PPLL	IE
12105442	Arderry	53.77332	-8.71434	P	PPLL	IE
12105443	Derrynacong	53.77693	-8.70575	P	PPLL	IE
12105444	Lisbaun East	53.79197	-8.72058	P	PPLL	IE
12105445	Grallaghgarden	53.78771	-8.71662	P	PPLL	IE
12105446	Gorteen Beg	53.78623	-8.71987	P	PPLL	IE
12105447	Gorteen More	53.79214	-8.72785	P	PPLL	IE
12105448	Brackloon South	53.78205	-8.70831	P	PPLL	IE
12105449	Brackloon	53.78911	-8.70947	P	PPLL	IE
12105450	Brackloon East	53.79056	-8.70483	P	PPLL	IE
12105451	Brackloon North	53.79725	-8.71562	P	PPLL	IE
12105452	Carrowscoltia	53.83925	-8.78324	P	PPLL	IE
12105453	Tooreen	53.83245	-8.76687	P	PPLL	IE
12105454	Cappagh	53.83593	-8.77771	P	PPLL	IE
12105455	Ballyhine	53.83281	-8.7897	P	PPLL	IE
12105456	Cloonfeaghra	53.85647	-8.77036	P	PPLL	IE
12105457	Cloonean	53.84634	-8.76668	P	PPLL	IE
12105458	Arderry	53.85361	-8.79257	P	PPLL	IE
12105459	Scardaun	53.84678	-8.78158	P	PPLL	IE
12105460	Carn More	53.81663	-8.78553	P	PPLF	IE
12105461	The Turlough	53.7717	-8.83794	H	LK	IE
12105462	Turlough	53.77322	-8.83511	P	PPLL	IE
12105463	Killeen	53.8279	-8.83523	P	PPLL	IE
12105464	Mountaincommon	53.81823	-8.82164	P	PPLL	IE
12105465	Larganboy East	53.78836	-8.82149	P	PPLL	IE
12105466	Greenwood	53.76891	-8.83973	P	PPLL	IE
12105467	Cloonacurry Lough	53.7779	-8.8448	P	PPLL	IE
12105468	Cloonacurry	53.77312	-8.84865	P	PPLL	IE
12105469	Carrownamallaght Lough	53.792	-8.8874	H	LK	IE
12105470	Clooncah	53.84211	-8.85003	P	PPLL	IE
12105471	Treanacally	53.93671	-8.80627	P	PPLL	IE
12105472	Carn Beg	53.81314	-8.77949	P	PPLF	IE
12105474	Crossard	53.81077	-8.75427	P	PPL	IE
12105475	Boleyboy	53.83075	-8.78035	P	PPLL	IE
12105476	Cartron North	53.82236	-8.77558	P	PPLL	IE
12105478	Crossbeg	53.81762	-8.76762	P	PPLL	IE
12105479	Sonvolaun	53.8896	-8.75332	P	PPLL	IE
12105480	Lower Gower	53.87885	-8.7711	H	LK	IE
12105481	Tavraun	53.87661	-8.76239	P	PPLF	IE
12105482	Loughaveenagh	53.86413	-8.77116	H	LK	IE
12105483	Lurga Upper	53.91326	-8.78974	P	PPLL	IE
12105484	Tawnyinah Lower	53.91413	-8.77281	P	PPLL	IE
12105485	Tawnyinah Middle	53.90891	-8.76375	P	PPLL	IE
12105486	Illannaskenoga	53.84748	-8.73719	P	PPL	IE
12105488	Aghataharn	53.84398	-8.74576	P	PPLL	IE
12105489	Cloongawnagh	53.82625	-8.74727	P	PPLL	IE
12105490	Black Lough	53.85971	-8.7739	H	LK	IE
12105491	Carrowbeg	53.86513	-8.79299	P	PPLL	IE
12105492	Urlaur	53.85641	-8.73479	P	PPL	IE
12105493	Derrydorneen	53.9785	-8.73961	P	PPLL	IE
12105494	Cloonaweema	53.97179	-8.76608	P	PPLL	IE
12105495	Lavy More	53.9631	-8.7638	P	PPLL	IE
12105496	Lavy Beg	53.96049	-8.7841	P	PPLL	IE
12105497	Gowel	53.95988	-8.73781	P	PPLL	IE
12105498	Clooncous	53.96276	-8.7446	P	PPLF	IE
12105499	Ballintadder	53.966	-8.73256	P	PPLL	IE
12105500	Tonroe	53.97306	-8.73219	P	PPLL	IE
12105501	Lurga Lower	53.92812	-8.79144	P	PPLL	IE
12105502	Lurga Cross Roads	53.92522	-8.77774	P	PPL	IE
12105503	Lurga	53.92162	-8.78757	P	PPL	IE
12105504	Bulcaun	53.9515	-8.77739	P	PPLL	IE
12105505	Puntabeg	53.94643	-8.77348	P	PPLL	IE
12105507	Cloonalison	53.92458	-8.8035	P	PPLL	IE
12105508	Tullyganny	53.85186	-8.71007	P	PPLL	IE
12105509	Aghadiffin	53.86571	-8.71506	P	PPLL	IE
12105511	Cloonfaulus	53.87784	-8.72335	P	PPLL	IE
12105512	Derrylahan	53.78932	-8.69278	P	PPLL	IE
12105513	Cummer	53.83533	-8.72698	P	PPLL	IE
12105514	Cashel	53.93154	-8.76625	P	PPLL	IE
12105515	Lecarrow	53.93812	-8.76225	P	PPLL	IE
12105516	Speck	53.9475	-8.7628	P	PPLL	IE
12105517	Cloonfane	53.95314	-8.7283	P	PPLL	IE
12105519	Cloonnamna	53.89797	-8.73033	P	PPLL	IE
12105520	Uggool	53.9076	-8.72833	P	PPLL	IE
12105521	Glenmullynaha West	53.92256	-8.75267	P	PPLL	IE
12105522	Lurgan	53.77034	-8.69912	P	PPLL	IE
12105523	Killunagher	53.77532	-8.6821	P	PPLL	IE
12105524	Loughanboy	53.78445	-8.69452	H	LK	IE
12105525	Lisnagross	53.85391	-8.87712	P	PPLL	IE
12105526	Lurgan	53.8527	-8.88365	P	PPLL	IE
12105527	Doogary	53.8407	-8.86662	P	PPLL	IE
12105528	Cloonturk	53.86181	-8.85931	P	PPLL	IE
12105529	Cloontarriff	53.86699	-8.86971	P	PPLL	IE
12105530	Woodfield	53.86159	-8.88027	P	PPLL	IE
12105531	Barnahesker	53.85173	-8.86082	P	PPL	IE
12105532	Corhawnagh	53.83143	-8.87454	P	PPLL	IE
12105533	Lismaganshion	53.83982	-8.89034	P	PPLL	IE
12105534	Meellran	53.83126	-8.88511	P	PPLL	IE
12105535	Shanvaghera	53.82333	-8.88167	P	PPLL	IE
12105536	Bruff	53.83548	-8.85332	P	PPLL	IE
12105538	Lismeegaun	53.83384	-8.86475	P	PPLL	IE
12105539	Ballinacostello	53.82653	-8.86626	P	PPLL	IE
12105540	Tumgesh	53.97621	-8.90706	P	PPLL	IE
12105541	Cloontubbrid	53.9735	-8.8806	P	PPLL	IE
12105542	Curryaun	53.90475	-8.88483	P	PPLL	IE
12105543	Cornaveagh	53.90013	-8.8916	P	PPLL	IE
12105544	Knocknaseagh	54.01605	-8.90537	P	PPLL	IE
12105545	Knockmanagh	54.01182	-8.89982	P	PPLL	IE
12105547	Derrynaleck	53.87724	-8.8849	P	PPLL	IE
12105548	Balloor	53.87332	-8.87972	P	PPLL	IE
12105549	Derrycoosh	53.86855	-8.8825	P	PPLL	IE
12105550	Derrynarud	53.86988	-8.88245	P	PPLL	IE
12105551	Middle Lough	53.89261	-8.88111	H	LK	IE
12105552	Lough Nambrackkeagh	53.8961	-8.88498	H	LK	IE
12105553	Tullynahoo	53.89322	-8.89368	P	PPLL	IE
12105554	Lough Doo	53.88386	-8.89254	H	LK	IE
12105555	Cornageeha	53.98556	-8.89732	P	PPLL	IE
12105556	Cloonainra	53.995	-8.88857	P	PPLL	IE
12105557	Killaturly	53.93254	-8.87995	P	PPLL	IE
12105558	Mullenmadoge	53.94657	-8.8638	P	PPLL	IE
12105559	Cartron	53.9537	-8.85773	P	PPLL	IE
12105560	Gorteen Bridge	53.98221	-8.89274	P	PPLL	IE
12105561	Coogue North	53.81505	-8.86036	P	PPLL	IE
12105562	Tober	53.82382	-8.85138	P	PPLL	IE
12105563	Ballyglass	53.86978	-8.8551	P	PPLL	IE
12105566	Coogue South	53.80616	-8.84273	P	PPLL	IE
12105567	Coogue Middle	53.80916	-8.84888	P	PPLL	IE
12105568	Pollboy Lough	53.81564	-8.84917	H	LK	IE
12105569	Lough Nadramina	53.8865	-8.86835	H	LK	IE
12105570	Loughanhoera	53.89424	-8.85921	H	LK	IE
12105571	Crocknacloy Lough	53.89148	-8.87243	H	LK	IE
12105572	Stripe	53.93244	-8.86564	P	PPLL	IE
12105573	Liscosker	53.86601	-8.84472	P	PPLL	IE
12105574	Knockbrack	53.87844	-8.85371	P	PPLL	IE
12105575	Gowlaun	53.88133	-8.8652	P	PPLL	IE
12105576	Shammerbaun	53.88951	-8.8623	P	PPLL	IE
12105577	Reask	53.7822	-8.83922	P	PPLL	IE
12105578	Erriff	53.77202	-8.82091	P	PPLL	IE
12105579	Cloonfallagh	53.85089	-8.92261	P	PPL	IE
12105580	Cloontarriff Lough	53.79531	-8.89558	H	LK	IE
12105581	Ballyfarnagh	53.78307	-8.95206	P	PPLL	IE
12105582	Larganboy West	53.7925	-8.83297	P	PPLL	IE
12105583	Lisbaun West	53.77796	-8.85497	P	PPLL	IE
12105584	Mannin	53.8176	-8.83521	P	PPLL	IE
12105585	Grallaghlea	53.78812	-8.8317	H	LK	IE
12105586	Corgarriff	53.88601	-8.71949	P	PPLL	IE
12105588	Culliagh	53.88091	-8.69658	P	PPLL	IE
12105589	Sraheens	53.89213	-8.71011	P	PPLL	IE
12105590	Rusheens West	53.89956	-8.68364	P	PPLL	IE
12105591	Ballinrumpa	53.89494	-8.68022	P	PPLL	IE
12105592	Carrownlacka	53.90524	-8.68277	P	PPLL	IE
12105593	Cloonierin	53.91578	-8.70165	P	PPLL	IE
12105594	Glenmullynaha East	53.92313	-8.72709	P	PPLL	IE
12105596	Cappulcorragh	53.94247	-8.74316	P	PPLL	IE
12105597	Cashelduff	53.94348	-8.70499	P	PPLL	IE
12105598	Carrowntober	53.97045	-8.70627	P	PPLL	IE
12105599	Tonnagh	53.98375	-8.71081	P	PPLL	IE
12105600	Cornagallagh	54.02022	-8.66558	P	PPLL	IE
12105601	Cloontaconnagh	54.02139	-8.62616	P	PPLL	IE
12105602	Cloonfeightrin	53.99749	-8.60496	P	PPLL	IE
12105604	Cloonakillina	54.00626	-8.62472	P	PPLL	IE
12105605	Derrykinlough	53.99947	-8.63644	P	PPLL	IE
12105606	Gowlaun	53.99032	-8.65104	P	PPLL	IE
12105607	Cloonmeen East	53.96966	-8.6246	P	PPLL	IE
12105608	Derrynabrock	53.966	-8.62892	P	PPLL	IE
12105609	Lissymulgee	53.95701	-8.69369	P	PPLL	IE
12105610	Cranmore	53.94712	-8.69544	P	PPLL	IE
12105611	Corragooly	53.94482	-8.68477	P	PPLL	IE
12105612	Cragagh	53.94816	-8.67261	P	PPLL	IE
12105613	Glastrasna	53.93416	-8.69093	P	PPLL	IE
12105614	Skeneen	53.90397	-8.66563	P	PPLL	IE
12105615	Cashellahenny	53.90062	-8.65567	P	PPLL	IE
12105616	Rusheens East	53.89822	-8.6644	P	PPLL	IE
12105617	Ranagissaun	53.88691	-8.66667	P	PPLL	IE
12105618	Kilcasel	53.88329	-8.67935	P	PPLL	IE
12105619	Magheraboy	53.87359	-8.65003	P	PPLL	IE
12105620	Killaclare	53.8782	-8.65762	P	PPLL	IE
12105621	Ballyglass	53.88676	-8.64455	P	PPLL	IE
12105622	Clooncarna	53.88365	-8.63209	P	PPLL	IE
12105623	Raherolus	53.89542	-8.64208	P	PPLL	IE
12105624	Toomour	54.02849	-8.65762	P	PPLL	IE
12105625	Leveelick	53.88313	-8.64633	P	PPLL	IE
12106335	Kiltycreen	54.02678	-8.55837	P	PPLL	IE
12106336	Cloonsillagh	53.97783	-8.51977	P	PPLL	IE
12106337	Kilstraghlan	53.98639	-8.51836	P	PPLL	IE
12106338	Rathmadder	53.99412	-8.52693	P	PPLL	IE
12106339	Calteraun	54.00253	-8.52654	P	PPLL	IE
12106340	Clooneen	54.01193	-8.52336	P	PPLL	IE
12106341	Riverstown	54.01122	-8.51194	P	PPLL	IE
12106342	Cloonaraher	54.01874	-8.50841	P	PPLL	IE
12106343	Clooncunny	54.02821	-8.51707	P	PPLL	IE
12106344	Phaleesh	54.03207	-8.53672	P	PPLL	IE
12106345	Drumanaraher	54.03639	-8.52589	P	PPLL	IE
12106346	Ballintrofaun	54.03626	-8.53701	P	PPLL	IE
12106347	Knockatelly	54.03597	-8.50462	P	PPLL	IE
12106348	Knocknagore	54.03214	-8.49684	P	PPLL	IE
12106349	Kildarganmore	54.02527	-8.50248	P	PPLL	IE
12106350	Attiville	54.0241	-8.48815	P	PPLL	IE
12106351	Tawnagh	54.01887	-8.48597	P	PPLL	IE
12106369	Rathmagurry	54.01242	-8.78658	P	PPLL	IE
12106370	Carrownagappul	54.03028	-8.79892	P	PPLL	IE
12106372	Cloonagh	53.98878	-8.84449	P	PPLL	IE
12106373	Kileen	54.00297	-8.81313	P	PPLL	IE
12106374	Dawros	54.01692	-8.83916	P	PPLL	IE
12106375	Curraghboy	54.02829	-8.83133	P	PPLL	IE
12106377	Knockbrack	54.01441	-8.93546	P	PPLL	IE
12106378	Seraigh	54.02705	-8.97151	P	PPL	IE
12106380	Ballycashel	54.03086	-8.98233	P	PPLL	IE
12106381	Belclare	54.02235	-8.95084	P	PPLL	IE
12106382	Sargirra	53.99005	-8.8172	P	PPLL	IE
12106383	Montiagh	53.99869	-8.80663	P	PPLL	IE
12106384	Curryfule	53.98777	-8.76146	P	PPLL	IE
12106385	Lissard	53.98577	-8.77168	P	PPLL	IE
12106386	Drumbaun	54.00476	-8.75278	P	PPLL	IE
12106387	Carns	54.03238	-8.89408	P	PPLL	IE
12106389	Maghera	54.02943	-8.87969	P	PPLL	IE
12106391	Carns Hill	54.03502	-8.88906	P	PPL	IE
12106393	Ballygallagart	54.02314	-8.86987	P	PPLL	IE
12106394	Old Town	54.02904	-8.8602	P	PPL	IE
12106395	New Town	54.0283	-8.86923	P	PPL	IE
12106396	Coolrecuill	54.02557	-8.88118	P	PPLL	IE
12106397	Rathmagurry	54.01177	-8.80789	P	PPL	IE
12106398	Cashel South	54.02513	-8.74795	P	PPLL	IE
12106401	Rathscanlan	54.03419	-8.74548	P	PPLL	IE
12106402	Ballincurry	54.00954	-8.71823	P	PPLL	IE
12106403	Killeens	54.01966	-8.71807	P	PPLL	IE
12106404	Magheranore	54.03547	-8.66656	P	PPLL	IE
12106405	Doobeg	54.03328	-8.63318	P	PPLL	IE
12106407	Kilturra	54.02743	-8.60488	P	PPLL	IE
12106408	Ogham	54.01914	-8.59186	P	PPL	IE
12106409	Knockrawer	54.02872	-8.58964	P	PPLL	IE
12106410	Everlaun	54.03459	-8.59397	P	PPLL	IE
12106411	Knockkalass	54.03557	-8.6035	P	PPLL	IE
12106412	Rathbaun South	54.03265	-8.5862	P	PPLL	IE
12106413	Rathbaun North	54.03495	-8.57769	P	PPLL	IE
12106414	Knockgrania	54.02728	-8.57795	P	PPLL	IE
12106415	Knocknageeha	54.03205	-8.56513	P	PPLL	IE
12106416	Bellanalack Ballyfah	54.0362	-8.56426	P	PPLL	IE
12106417	Ardraheen Beg	54.02423	-8.54446	P	PPLL	IE
12106418	Ardraheen More	54.02015	-8.54491	P	PPLL	IE
12106419	Rinn	54.03108	-8.5453	P	PPL	IE
12106420	Knocknaskeah	54.01646	-8.54451	P	PPLL	IE
12106421	Mountirvine	54.01646	-8.56919	P	PPLL	IE
12106422	Gortygara	54.0081	-8.55226	P	PPLL	IE
12106423	Knocknahoo	54.00352	-8.55281	P	PPLL	IE
12106424	Knocknashammer	53.99739	-8.54139	P	PPLL	IE
12106425	Cuilmore	53.99619	-8.56478	P	PPLL	IE
12106426	Cloonmeen	53.98607	-8.58456	P	PPLL	IE
12106427	Carrowntemple	53.96815	-8.58573	P	PPLL	IE
12106428	Doon	53.9651	-8.55472	P	PPLL	IE
12106429	Kilfree	53.97133	-8.53205	P	PPLL	IE
12106430	Alter	53.97786	-8.53662	P	PPLL	IE
12106438	Cloonena	54.01447	-8.4862	P	PPLL	IE
12106439	Drumrolla	54.01055	-8.48636	P	PPLL	IE
12106440	Cloonanure	54.00615	-8.4866	P	PPLL	IE
12106441	Maydough	54.00096	-8.4939	P	PPLL	IE
12106442	Cloontycarn	53.99363	-8.47064	P	PPLL	IE
12106443	Cuilprughlish	53.99028	-8.47748	P	PPLL	IE
12106444	Gorteen Bridge	53.98708	-8.48645	P	PPLL	IE
12106445	Moygara	53.97824	-8.48493	P	PPLL	IE
12106446	Monasterredan	53.96248	-8.52618	P	PPLL	IE
12106447	Townaghbrack	53.96352	-8.50747	P	PPLL	IE
12106449	Derrynagraug	54.00789	-8.46728	P	PPLL	IE
12106450	Killined	54.0184	-8.47134	P	PPLL	IE
12106451	Kiltyteige	54.03105	-8.4823	P	PPLL	IE
12106452	Kilnaharry	54.02686	-8.48412	P	PPLL	IE
12106453	Lisconwy	54.03196	-8.47533	P	PPLL	IE
12106454	Knockbrack	54.03588	-8.45885	P	PPLL	IE
12106455	Daghloonagh	54.03646	-8.44708	P	PPLL	IE
12106456	Toomour	54.03575	-8.43294	P	PPLL	IE
12106457	Sralea	54.0292	-8.44597	P	PPLL	IE
12106458	Chacefield	53.9938	-8.44596	P	PPLL	IE
12106459	Tawran	53.98322	-8.42971	P	PPLL	IE
12106460	Cloonshanbally	54.02476	-8.46985	P	PPLL	IE
12106461	Tawnaghmore	54.01321	-8.4631	P	PPLL	IE
12106462	Eagle Island	53.96652	-8.45216	T	ISL	IE
12106464	Derrybeg	53.9433	-8.4302	P	PPLL	IE
12106465	Sragh	53.99983	-8.43847	P	PPLL	IE
12106467	Ross	53.93493	-8.43062	P	PPLL	IE
12106469	Lomcloon	53.93113	-8.4713	P	PPLL	IE
12106470	Annaghbeg	53.92922	-8.47727	P	PPLL	IE
12106471	Tawnymucklagh	53.93629	-8.49682	P	PPLL	IE
12106472	Monasteradon	53.94146	-8.48868	P	PPLL	IE
12106473	Clogher	53.94714	-8.51774	P	PPLL	IE
12106474	Annagh	53.91694	-8.46072	P	PPLL	IE
12106475	Inchmore	53.93837	-8.45163	P	PPL	IE
12106476	Coagh	54.03331	-8.52589	P	PPL	IE
12106477	Battefield	54.02067	-8.45707	P	PPLL	IE
12106478	Drumaneel	54.02874	-8.45525	P	PPLL	IE
12106479	Dooballa	53.96681	-8.43681	P	PPLL	IE
12106480	Crow Island	53.95616	-8.4487	T	ISL	IE
12106481	Tawnalion	54.01227	-8.44387	P	PPLL	IE
12106482	Corradoo Lough	54.01543	-8.43775	H	LK	IE
12106483	Corradoo	54.013	-8.43418	P	PPLL	IE
12106484	Rathtermon	53.93801	-8.43199	P	PPLL	IE
12106485	Clooncunny	53.92984	-8.44554	P	PPLL	IE
12106486	Mweelroe	53.99835	-8.44571	P	PPLL	IE
12106487	Stoney Island	53.96376	-8.44211	T	ISL	IE
12111841	Druminagh Wood	53.83075	-8.52136	V	FRST	IE
12111844	Loughannaganny	53.80335	-8.70795	H	LK	IE
12111845	Loughaniea	53.81472	-8.72101	H	LK	IE
12111846	Figh Lough	53.84766	-8.60317	H	LK	IE
12111847	Drumalough	53.79021	-8.5575	H	LK	IE
12111848	Lough Glinn	53.82673	-8.55527	H	LK	IE
12111849	Lough Adreen	53.85498	-8.69551	H	LKS	IE
12111850	Derrycoagh	53.92194	-8.43275	P	PPL	IE
12111851	Kilcolman	53.90482	-8.56774	P	PPL	IE
12111852	Ardsoreen	53.92697	-8.43452	P	PPL	IE
12111853	Portnacrinnaght	53.91749	-8.43641	P	PPL	IE
12111854	Sracocka	53.91013	-8.43171	P	PPL	IE
12111855	Ardmore	53.9063	-8.42964	P	PPL	IE
12111856	Dower	53.90789	-8.44131	P	PPL	IE
12111857	Deer Park	53.88622	-8.43028	P	PPL	IE
12111858	Toomanagh	53.89526	-8.5862	P	PPL	IE
12111859	Friarshill	53.8973	-8.58422	P	PPL	IE
12111860	Cross South	53.93723	-8.5313	P	PPLL	IE
12111861	Cross North	53.93905	-8.52125	P	PPLL	IE
12111862	Frasnadeffa	53.93243	-8.54243	P	PPLL	IE
12111863	Fallsollus	53.93652	-8.54703	P	PPLL	IE
12111864	Edmondstown Cross Roads	53.92821	-8.52874	P	PPLL	IE
12111865	Tullaghanmore	53.92411	-8.5439	P	PPLL	IE
12111866	Tullaghanrock	53.91441	-8.54669	P	PPLL	IE
12111867	Lung	53.8904	-8.56684	P	PPLL	IE
12111868	Aghalustia	53.87263	-8.55984	P	PPLL	IE
12111869	Cartron More	53.86149	-8.54219	P	PPLL	IE
12111870	Lissergool	53.86629	-8.52179	P	PPLL	IE
12111871	Cappagh	53.87557	-8.52465	P	PPLL	IE
12111872	Lissian	53.87913	-8.53587	P	PPLL	IE
12111873	Banada	53.90353	-8.53721	P	PPLL	IE
12111874	Ballinphuill	53.89023	-8.51684	P	PPLL	IE
12111875	Keelbanada	53.90194	-8.52119	P	PPLL	IE
12111876	Creggan	53.92228	-8.51465	P	PPLL	IE
12111877	Callow	53.91482	-8.492	P	PPLL	IE
12111878	Cloonmagunnaun	53.90418	-8.48152	P	PPLL	IE
12111879	Cartron Beg	53.89663	-8.47108	P	PPLL	IE
12111880	Slieveroe	53.89708	-8.4541	P	PPLL	IE
12111881	Turlagharee	53.8905	-8.46205	P	PPLL	IE
12111882	Glebe East	53.88667	-8.4662	P	PPLL	IE
12111883	Rathkeery	53.88433	-8.47158	P	PPLL	IE
12111884	Teevnacreeva	53.88878	-8.48728	P	PPLL	IE
12111885	Tibohine	53.88365	-8.5009	P	PPLL	IE
12111886	Carrowgarve	53.8794	-8.51047	P	PPLL	IE
12111887	Lissacurkia	53.87412	-8.49344	P	PPLL	IE
12111888	Cloonfad	53.86588	-8.49176	P	PPLL	IE
12111889	Buckill	53.85336	-8.51641	P	PPLL	IE
12111890	Lisduff	53.85738	-8.47697	P	PPLL	IE
12111891	Lisdrumneill	53.852	-8.48057	P	PPLL	IE
12111892	Lisdrumneill Cross Roads	53.84755	-8.48494	P	PPLL	IE
12111893	Mullaghnashee	53.84527	-8.48788	P	PPLL	IE
12111894	Fairymount	53.84024	-8.47653	P	PPLL	IE
12111895	Leitrim	53.8417	-8.45204	P	PPLL	IE
12111896	Cornamucklach	53.83398	-8.44632	P	PPLL	IE
12111897	Arraghan	53.83189	-8.43318	P	PPLL	IE
12111898	Lugakeeran	53.82352	-8.43419	P	PPLL	IE
12111899	Cloonfinglas	53.82268	-8.45086	P	PPLL	IE
12111900	Tully	53.80666	-8.42793	P	PPLL	IE
12111901	Brackloon	53.80102	-8.43889	P	PPLL	IE
12111902	Corlis	53.78936	-8.43036	P	PPLL	IE
12111903	Baslick	53.78799	-8.43497	P	PPLL	IE
12111904	Cloonbard	53.79308	-8.45086	P	PPLL	IE
12111905	Cloonarragh Bridge	53.79294	-8.48788	P	PPLL	IE
12111906	Cloonarragh	53.79767	-8.48582	P	PPLL	IE
12111907	Lissananny	53.80332	-8.48125	P	PPLL	IE
12111908	Cloonsheever	53.81006	-8.47136	P	PPLL	IE
12111909	Parkeel	53.82544	-8.48148	P	PPLL	IE
12111910	Stonepark	53.8279	-8.47598	P	PPLL	IE
12111911	Tully	53.80772	-8.71814	P	PPLL	IE
12111912	Cloondart	53.82149	-8.71393	P	PPLL	IE
12111913	Derrinea	53.84378	-8.69668	P	PPLL	IE
12111914	Clooncrim	53.76969	-8.67261	P	PPLL	IE
12111915	Cloontarsna	53.77746	-8.62466	P	PPLL	IE
12111916	Taghnarra	53.78336	-8.63175	P	PPLL	IE
12111917	Mountain Lower	53.76813	-8.61424	P	PPLL	IE
12111918	Cloonconra	53.7686	-8.59928	P	PPLL	IE
12111919	Kilmore	53.77635	-8.61388	P	PPLL	IE
12111920	Cloonsuck	53.77883	-8.59831	P	PPLL	IE
12111921	Cloonelt	53.78796	-8.61504	P	PPLL	IE
12111922	Derreen	53.78708	-8.59789	P	PPLL	IE
12111923	Cloonbonniff	53.78227	-8.58617	P	PPLL	IE
12111924	Taghnoose	53.79514	-8.64909	P	PPLL	IE
12111925	Lecarrow	53.79691	-8.68352	P	PPLL	IE
12111926	Derreenamackaun	53.80449	-8.69023	P	PPLL	IE
12111927	Gortaganny	53.81287	-8.6864	P	PPLL	IE
12111928	Carrowbehy	53.81303	-8.67247	P	PPLL	IE
12111929	Caher	53.80488	-8.66234	P	PPLL	IE
12111930	Errit	53.83015	-8.6979	P	PPLL	IE
12111931	Cloonagh	53.82848	-8.67504	P	PPLL	IE
12111932	Clooncah	53.83212	-8.66472	P	PPLL	IE
12111933	Corracommeen	53.83705	-8.6733	P	PPLL	IE
12111934	Cloonacolly	53.8461	-8.67449	P	PPLL	IE
12111935	Silverfield	53.85089	-8.67697	P	PPLL	IE
12111936	Cloonargid	53.85471	-8.68169	P	PPLL	IE
12111937	Curraghsallagh	53.86748	-8.67566	P	PPLL	IE
12111938	Lissydaly	53.86114	-8.64878	P	PPLL	IE
12111939	Carrownaknocraun	53.85562	-8.65468	P	PPLL	IE
12111940	Curraghard	53.84373	-8.63669	P	PPLL	IE
12111941	Cloontowart	53.83309	-8.63256	P	PPLL	IE
12111942	Derry	53.83031	-8.64414	P	PPLL	IE
12111943	Drummad	53.82467	-8.64788	P	PPLL	IE
12111944	Urrasaun	53.80996	-8.63825	P	PPLL	IE
12111945	Cloonmaul	53.80728	-8.62236	P	PPLL	IE
12111946	Breanamore	53.8077	-8.59969	P	PPLL	IE
12111947	Kilroddan	53.8155	-8.60317	P	PPLL	IE
12111948	Meelick	53.81773	-8.61475	P	PPLL	IE
12111949	Ballyglass West	53.82388	-8.61483	P	PPLL	IE
12111950	Corracoggil South	53.84097	-8.61131	P	PPLL	IE
12111951	Klrooan	53.84497	-8.61434	P	PPLL	IE
12111952	Corracoggil North	53.85197	-8.63113	P	PPLL	IE
12111953	Figh	53.84995	-8.5998	P	PPLL	IE
12111954	Calveagh Lower	53.96317	-8.67822	P	PPLL	IE
12111955	Clveagh Upper	53.95396	-8.68036	P	PPLL	IE
12111956	Derrynanaff	53.94978	-8.66326	P	PPLL	IE
12111957	Gortanure	53.93985	-8.67033	P	PPLL	IE
12111958	Boghtaduff	53.92346	-8.67011	P	PPLL	IE
12111959	Currinah	53.93299	-8.65415	P	PPLL	IE
12111960	Cashelcolaun	53.92871	-8.64215	P	PPLL	IE
12111961	Pollboy	53.92258	-8.64011	P	PPLL	IE
12111962	Casherlard	53.92018	-8.63608	P	PPLL	IE
12111963	Ardkill	53.9113	-8.65645	P	PPLL	IE
12111964	Ishlaun	53.89419	-8.627	P	PPLL	IE
12111965	Barnaboy	53.90495	-8.63407	P	PPLL	IE
12111966	Kilvanlon	53.91676	-8.62616	P	PPLL	IE
12111967	Killdangan	53.9092	-8.61964	P	PPLL	IE
12111968	Crunaun	53.88739	-8.6073	P	PPLL	IE
12111969	Drumnalassan	53.89524	-8.60273	P	PPLL	IE
12111970	Glebe	53.89832	-8.59497	P	PPLL	IE
12111971	Knockanaconny	53.90458	-8.59802	P	PPLL	IE
12111972	Doogary	53.91295	-8.60169	P	PPLL	IE
12111973	Derrynagur	53.91606	-8.59848	P	PPLL	IE
12111974	Kilkeeran	53.91713	-8.60597	P	PPLL	IE
12111975	Bohalas	53.92129	-8.61464	P	PPLL	IE
12111976	Bohalas	53.93105	-8.62707	P	PPLL	IE
12111977	Hawksford	53.93994	-8.63832	P	PPLL	IE
12111978	Tonregee	53.93634	-8.62074	P	PPLL	IE
12111979	Bockagh	53.92857	-8.60318	P	PPLL	IE
12111980	Brogher	53.94011	-8.60016	P	PPLL	IE
12111981	Emlagh	53.92523	-8.43051	P	PPLL	IE
12111982	Callow	53.90316	-8.43272	P	PPLL	IE
12111983	Runnameelta	53.90668	-8.44914	P	PPLL	IE
12111984	Carrownurlar	53.90152	-8.43846	P	PPLL	IE
12111985	Barnaboy	53.89701	-8.44541	P	PPLL	IE
12111986	Runnabehy	53.89755	-8.43108	P	PPLL	IE
12111987	Sheepwalk	53.89012	-8.44603	P	PPLL	IE
12111988	Churchstreet	53.88221	-8.4435	P	PPLL	IE
12111989	French Park Demesne	53.88117	-8.43075	P	PPLL	IE
12111990	Turlaghmamaddy	53.87137	-8.43456	P	PPLL	IE
12111991	Raheely	53.86893	-8.45144	P	PPLL	IE
12111992	Portaghard	53.8774	-8.45056	P	PPLL	IE
12111993	Mullen	53.85778	-8.44057	P	PPLL	IE
12111994	Leveelick	53.77539	-8.57962	P	PPLL	IE
12111995	Cloonchambers	53.77478	-8.55215	P	PPLL	IE
12111996	Creglahan	53.78253	-8.54462	P	PPLL	IE
12111997	Drumalough	53.78519	-8.5575	P	PPLL	IE
12111998	Breanabeg	53.80069	-8.58208	P	PPLL	IE
12111999	Clooncraffield	53.80439	-8.56687	P	PPLL	IE
12112000	Annaghmaghere	53.79845	-8.54099	P	PPLL	IE
12112001	Cloonaff	53.78775	-8.52234	P	PPLL	IE
12112002	Cloonalis	53.7799	-8.51712	P	PPLL	IE
12112003	Termon More	53.77311	-8.46726	P	PPLL	IE
12112004	Ardass	53.77264	-8.44564	P	PPLL	IE
12112005	Southpark Demesne	53.77043	-8.43617	P	PPLL	IE
12112006	Ballinphuill	53.77243	-8.42719	P	PPLL	IE
12112007	Carradooan	53.77647	-8.43533	P	PPLL	IE
12112008	Carrowbaun	53.78156	-8.429	P	PPLL	IE
12112009	Termon Beg	53.78211	-8.44425	P	PPLL	IE
12112010	Tonrevagh	53.7827	-8.45842	P	PPLL	IE
12112011	Ballindrumica	53.78448	-8.49806	P	PPLL	IE
12112012	Cloonree	53.79609	-8.51161	P	PPLL	IE
12112013	Tawnyover	53.80453	-8.51132	P	PPLL	IE
12112014	Cloonard	53.80929	-8.51836	P	PPLL	IE
12112015	Aghalour	53.81088	-8.54794	P	PPLL	IE
12112016	Coolagarry	53.81841	-8.54664	P	PPLL	IE
12112017	Cloonbunny	53.81659	-8.57966	P	PPLL	IE
12112018	Cuiltyboe	53.82412	-8.57402	P	PPLL	IE
12112019	Cloonmullin	53.82853	-8.59306	P	PPLL	IE
12112020	Driney	53.83308	-8.58359	P	PPLL	IE
12112021	Aghaderry	53.84223	-8.56416	P	PPLL	IE
12112022	Loughglinn Demesne	53.83438	-8.5312	P	PPLL	IE
12112023	Druminagh	53.82686	-8.52459	P	PPLL	IE
12112024	Ballyglass East	53.82202	-8.52631	P	PPLL	IE
12112025	Kilgarve	53.81336	-8.50545	P	PPLL	IE
12112026	Clerragh	53.82494	-8.50957	P	PPLL	IE
12112027	Eden	53.82893	-8.49306	P	PPLL	IE
12112028	Curreentorpan	53.83659	-8.49546	P	PPLL	IE
12112029	Barnacawley	53.84259	-8.51888	P	PPLL	IE
12112030	Aghacurreen	53.85532	-8.56312	P	PPLL	IE
12112031	Aghadrestan	53.85318	-8.57998	P	PPLL	IE
12112032	Creevy	53.86252	-8.62251	P	PPLL	IE
12112033	Bellanaheltia Bridge	53.8693	-8.62264	P	PPLL	IE
12112034	Kiltymaine	53.87303	-8.62474	P	PPLL	IE
12112035	Kiltybranks	53.87043	-8.60661	P	PPLL	IE
12112036	Roosky	53.87507	-8.59499	P	PPLL	IE
12112037	Cloonavullaun	53.88856	-8.57994	P	PPLL	IE
12112038	Derrynacross	53.91164	-8.58467	P	PPLL	IE
12112039	Ballyoughter	53.91544	-8.57809	P	PPLL	IE
12112040	Coolaghtane	53.91962	-8.58647	P	PPLL	IE
12112041	Toobracken	53.92082	-8.57343	P	PPLL	IE
12112042	Attiantaggart	53.93438	-8.59095	P	PPLL	IE
12112043	Boleysillagh	53.93992	-8.58041	P	PPLL	IE
12112044	Drumacoo	53.94735	-8.53844	P	PPLL	IE
12112055	Killelton	52.57126	-9.51035	P	PPL	IE
12112056	Carrigafoyle	52.56421	-9.49892	P	PPLL	IE
12112058	Martara	52.56074	-9.50004	P	PPLL	IE
12112059	Gortard	52.5572	-9.49956	P	PPLL	IE
12112065	Coolnaleen Lower	52.43001	-9.5171	P	PPLL	IE
12112066	Scartleigh	52.4396	-9.52368	P	PPLL	IE
12112067	Rusheen	52.55778	-9.48208	P	PPLL	IE
12112068	Aghanagran Lower	52.53472	-9.49422	P	PPL	IE
12112070	Ballyline West	52.52425	-9.48249	P	PPLL	IE
12112071	Coolkeragh	52.49736	-9.50037	P	PPLL	IE
12112072	Drombeg	52.48526	-9.47986	P	PPL	IE
12112073	Bedford	52.47327	-9.48522	P	PPLL	IE
12112074	Burntwood Cross Roads	52.46429	-9.49981	P	PPL	IE
12112075	Shrone East	52.46814	-9.50627	P	PPLL	IE
12112076	Coolnalaght	52.45906	-9.50216	P	PPL	IE
12112077	Derra East	52.45893	-9.51347	P	PPLL	IE
12112078	Curraghatoosane	52.45132	-9.50111	P	PPLL	IE
12112080	Islandganniv	52.44595	-9.50447	P	PPLL	IE
12112081	Islandmacloughry	52.44136	-9.49442	P	PPLL	IE
12112082	Coolnaleen Upper	52.42539	-9.49311	P	PPLL	IE
12112083	Ballyduhig	52.41669	-9.49465	P	PPL	IE
12112084	Carrigane	52.56799	-9.56711	P	PPLL	IE
12112085	Sliss	52.56416	-9.58396	P	PPL	IE
12112086	Kylatallin	52.56906	-9.58962	P	PPL	IE
12112087	Kilcolman	52.55957	-9.58865	P	PPL	IE
12112088	Curraghderrig	52.55273	-9.58406	P	PPL	IE
12112089	Tullahennel North	52.53953	-9.53624	P	PPLL	IE
12112090	Larha	52.53242	-9.5686	P	PPLL	IE
12112091	Kilcock	52.52252	-9.55941	P	PPLL	IE
12112092	Gunard North	52.51083	-9.55012	P	PPLL	IE
12112093	Gunard South	52.50527	-9.55864	P	PPLL	IE
12112094	Killomeerhoe	52.51236	-9.58263	P	PPL	IE
12112095	Lacka	52.50731	-9.58605	P	PPL	IE
12112096	Ballingowan	52.50017	-9.58411	P	PPL	IE
12112097	Loughanes	52.49159	-9.58023	P	PPLL	IE
12112098	Moybella South	52.48164	-9.58503	P	PPLL	IE
12112099	Redmond’s Bridge	52.47138	-9.61322	P	PPLL	IE
12112100	Roohana	52.47664	-9.59789	P	PPLL	IE
12112102	Mweevoo	52.4746	-9.62558	P	PPL	IE
12112103	Ayle	52.47439	-9.65326	P	PPLL	IE
12112105	Shrone West	52.47189	-9.52146	P	PPLL	IE
12112106	Kilcreen	52.44326	-9.51261	P	PPL	IE
12112107	Gortcurreen	52.44627	-9.52626	P	PPLL	IE
12112108	Derra West	52.45735	-9.52471	P	PPLL	IE
12112109	Gortacrossane	52.44699	-9.54446	P	PPLL	IE
12112112	Inch-Moor	52.46133	-9.54438	P	PPLL	IE
12112113	Inch-West	52.46235	-9.55214	P	PPLL	IE
12112114	Garryard	52.47648	-9.53397	P	PPLL	IE
12112115	Coolard	52.4821	-9.53627	P	PPLL	IE
12112116	Knockenagh	52.49287	-9.52111	P	PPLL	IE
12112117	Glouria	52.49542	-9.54392	P	PPLL	IE
12112119	Affouley	52.47184	-9.55663	P	PPLL	IE
12112120	Corcas and Sandhills	52.57692	-9.60904	L	LCTY	IE
12112121	Castlequarter	52.57468	-9.60266	P	PPL	IE
12112122	Acres	52.56646	-9.60511	P	PPLL	IE
12112123	Derra	52.54666	-9.60292	P	PPLL	IE
12112124	Tulla More	52.53579	-9.61843	P	PPLL	IE
12112125	Urlee	52.51645	-9.6022	P	PPL	IE
12112126	Lahesheragh North	52.51221	-9.61215	P	PPLL	IE
12112127	Lackaboy	52.50292	-9.61246	P	PPLL	IE
12112128	Barnadarrig	52.50144	-9.62629	P	PPLL	IE
12112129	Curraghweesha	52.49445	-9.6119	P	PPLL	IE
12112130	Ballyloughran	52.48725	-9.61654	P	PPL	IE
12112131	Rathroe	52.49006	-9.62813	P	PPLL	IE
12112132	Lakesheragh South	52.50435	-9.62568	P	PPLL	IE
12112133	Gortnaskcha	52.5167	-9.6242	P	PPL	IE
12112134	Lahardane	52.51839	-9.6364	P	PPLL	IE
12112135	Tulla Beg	52.53916	-9.63629	P	PPLL	IE
12112136	Trippul	52.5485	-9.62976	P	PPLL	IE
12112137	Gullane	52.55697	-9.63099	P	PPLL	IE
12112138	Faha	52.54612	-9.66717	P	PPLL	IE
12112139	Drom	52.54301	-9.66053	P	PPLL	IE
12112140	Moohane	52.51675	-9.65334	P	PPL	IE
12112141	Gortnaskeha	52.4993	-9.64732	P	PPLL	IE
12112142	Killehenny	52.50129	-9.66579	P	PPLL	IE
12112143	Farranpierce	52.52078	-9.64543	P	PPLL	IE
12112144	Lisladraun	52.48307	-9.61736	P	PPLL	IE
12112145	Rahoonagh	52.48552	-9.64492	P	PPL	IE
12112146	Dunferris	52.48633	-9.63093	P	PPL	IE
12112147	Coolagowan	52.43915	-9.58863	P	PPLL	IE
12112148	Bawnachaulig	52.43589	-9.57888	P	PPLL	IE
12112149	Beennameelane	52.44002	-9.5601	P	PPLL	IE
12112150	Killarida	52.4466	-9.58643	P	PPLL	IE
12112151	Dromalught	52.45998	-9.57969	P	PPLL	IE
12112152	Gortnaminsha	52.43333	-9.55025	P	PPL	IE
12112153	Dromloughra	52.439	-9.5452	P	PPLL	IE
12112154	Killacrim	52.42747	-9.55357	P	PPLL	IE
12112155	Cap Island	52.4241	-9.55249	T	ISL	IE
12112157	Leagh	52.46271	-9.65204	P	PPLL	IE
12112158	Knoppoge	52.47087	-9.6701	P	PPLL	IE
12112159	Derryco	52.47465	-9.63923	P	PPLL	IE
12112161	Ballyhorgan West	52.41726	-9.57883	P	PPLL	IE
12112163	Poulnahaha	52.42532	-9.56474	P	PPLL	IE
12112164	Knockaunacurraheen	52.41945	-9.60113	P	PPLL	IE
12112165	Farrandeen	52.41262	-9.60246	P	PPL	IE
12112166	Curraghcroneen	52.42586	-9.60113	P	PPLL	IE
12112171	Muckemagh	52.42259	-9.65199	P	PPLL	IE
12112172	Sleveen	52.43479	-9.64801	P	PPLL	IE
12112173	Glanerdalliv	52.43346	-9.66564	P	PPLL	IE
12112174	Lisnagoneeny	52.42766	-9.67021	P	PPLL	IE
12112175	Knockercreeveen	52.4247	-9.67977	P	PPLL	IE
12112176	Corbally	52.43289	-9.67725	P	PPLL	IE
12112177	Ballincrossig	52.42301	-9.69696	P	PPLL	IE
12112178	Tullaghna	52.43107	-9.7116	P	PPLL	IE
12112179	Knockavaghig	52.43566	-9.69808	P	PPLL	IE
12112180	Purthaheen	52.43429	-9.68619	P	PPLL	IE
12112181	Ballinbranhig	52.44061	-9.69211	P	PPLL	IE
12112182	Beenduff	52.4423	-9.70078	P	PPLL	IE
12112184	Reahealy	52.44646	-9.6796	P	PPLL	IE
12112186	Knockananore	52.44038	-9.66577	P	PPLL	IE
12112187	Knocknacree	52.45608	-9.68741	P	PPLL	IE
12112188	Benmore	52.44944	-9.66792	P	PPL	IE
12112189	Lacka	52.45837	-9.66889	P	PPLL	IE
12112191	Mweevuck	52.46491	-9.62275	P	PPLL	IE
12112192	Ahascra	52.46628	-9.61086	P	PPLL	IE
12112193	Slievawaddra	52.45689	-9.71288	P	PPLL	IE
12112195	Ardagh	52.44699	-9.73217	P	PPLL	IE
12112196	Meenogahane	52.45067	-9.74794	P	PPL	IE
12112197	Knockaunakioun	52.43725	-9.75039	P	PPLL	IE
12112198	Knockgloss	52.42112	-9.9091	P	PPL	IE
12112199	Maulin	52.41719	-9.88515	P	PPLL	IE
12112200	Bishopscourt	52.44669	-9.65648	P	PPLL	IE
12112201	Sheepwalk	52.45735	-9.65388	P	PPLL	IE
12112204	Glandahalin West	52.42489	-9.8756	P	PPL	IE
12112205	Glandahalin East	52.42336	-9.85749	P	PPL	IE
12112206	Cloghaun	52.41157	-9.85626	P	PPLL	IE
12112207	Glenlea	52.41658	-9.83391	P	PPL	IE
12112208	Cloghaneleesh	52.42888	-9.81686	P	PPL	IE
12112209	Cloghanebane	52.4303	-9.80267	P	PPL	IE
12112210	Caherulla	52.41159	-9.80174	P	PPL	IE
12112211	Cleanderry	52.42669	-9.78199	P	PPL	IE
12112212	Dromnacarra	52.43838	-9.78209	P	PPLL	IE
12112213	Feeans	52.42955	-9.75186	P	PPLL	IE
12112214	Dromkeen West	52.41113	-9.74762	P	PPLL	IE
12112215	Farran	52.42182	-9.73726	P	PPL	IE
12112216	Dromkeen East	52.41947	-9.71848	L	LCTY	IE
12112217	Clooneen	52.41238	-9.70429	L	LCTY	IE
12112222	Aghanagran Upper	52.55597	-9.51135	L	LCTY	IE
12112223	Cloghaun Lough	52.57328	-9.83436	H	LK	IE
12112224	Lissalougha	52.58093	-9.83222	P	PPLL	IE
12112225	Cloghaunsavaun	52.58527	-9.83272	P	PPL	IE
12112226	Kilballyowen	52.59847	-9.78139	P	PPL	IE
12112227	Rehy West	52.57972	-9.77491	P	PPL	IE
12112228	Rehy East	52.58203	-9.75805	P	PPL	IE
12112246	Rinermackaderrig	52.59925	-9.70807	P	PPL	IE
12112247	Kilcredaun	52.58306	-9.70572	P	PPL	IE
12112248	Ladder Rock	52.57905	-9.7112	T	ISL	IE
12112249	Killeenagh	52.6022	-9.7456	P	PPLL	IE
12112250	Moyarta West	52.60882	-9.73116	P	PPLL	IE
12112251	Moyarta East	52.61398	-9.7086	P	PPLL	IE
12112252	Killinny	52.61501	-9.74791	P	PPLL	IE
12112253	Carrownaweelaun	52.63159	-9.73005	P	PPL	IE
12112255	Moveen Hill	52.65727	-9.68936	T	MT	IE
12112256	Moveen East	52.65286	-9.68925	P	PPLL	IE
12112257	Kilcasheen	52.64799	-9.68309	L	LCTY	IE
12112258	Lisheenfurroor	52.6286	-9.66883	P	PPLL	IE
12112259	Foohagh	52.67151	-9.67875	P	PPL	IE
12112260	Knockroe	52.67745	-9.67064	P	PPLL	IE
12112263	Illaunawhilla	52.6764	-9.68196	T	ISL	IE
12112265	Taiscumar Chill Chaoi	52.69545	-9.62811	H	RSV	IE
12112266	Coosheen	52.70377	-9.62612	L	LCTY	IE
12112267	Lismuse	52.6847	-9.59222	P	PPLL	IE
12112268	Lisgurreen	52.68139	-9.58489	P	PPLL	IE
12112269	Baunmore	52.67051	-9.57262	P	PPL	IE
12112271	Black Island	52.65466	-9.55424	T	ISL	IE
12112272	Illaunmore	52.65605	-9.55556	T	ISL	IE
12112273	Carrowmore North	52.76889	-9.48971	P	PPL	IE
12112274	Carrowmore	52.7523	-9.48416	P	PPL	IE
12112278	Doonbeg Lough	52.73367	-9.52573	H	LK	IE
12112279	Durha	52.65445	-9.48349	P	PPL	IE
12112280	Breaghva	52.66302	-9.48659	P	PPL	IE
12112281	Carnaun	52.65153	-9.50633	P	PPLL	IE
12112282	Ballyurra	52.64715	-9.48367	P	PPL	IE
12112283	Leadmore East	52.64424	-9.49605	P	PPL	IE
12112284	Leadmore West	52.63549	-9.51099	P	PPL	IE
12112285	Ballynote West	52.62698	-9.47894	P	PPL	IE
12112290	Carrowncalla North	52.65896	-9.52686	P	PPLL	IE
12112291	Carrowncalla South	52.6473	-9.52102	P	PPLL	IE
12112293	Cammoge	52.64545	-9.55439	P	PPLL	IE
12112294	Clarefield	52.63904	-9.55745	P	PPL	IE
12112295	Illaunaclaggin	52.65096	-9.54906	T	ISL	IE
12112297	Shanganagh	52.63694	-9.58385	P	PPL	IE
12112298	Kilnagalliagh	52.64904	-9.56517	P	PPLL	IE
12112299	Leaheen	52.65249	-9.57435	P	PPLL	IE
12112300	Termon East	52.6543	-9.58616	P	PPL	IE
12112302	Termon West	52.66007	-9.60416	P	PPL	IE
12112304	Beevrack	52.72344	-9.57439	P	PPL	IE
12112305	Carrowblough Beg	52.71547	-9.57158	P	PPLL	IE
12112306	Carrowmore South	52.70985	-9.56322	P	PPLL	IE
12112307	Glascloon	52.73553	-9.58766	P	PPL	IE
12112309	Carricknacleara	52.74247	-9.612	T	ISL	IE
12112311	Ballard	52.72824	-9.60517	P	PPL	IE
12112312	Black Rock	52.61574	-9.80706	T	ISL	IE
12112315	Carhoonaknock	52.48068	-9.52006	P	PPL	IE
12112316	Lyre	52.50462	-9.57321	P	PPL	IE
12112470	Curragh	52.86035	-6.574	P	PPL	IE
12112471	Ballykillane	52.86079	-6.59068	P	PPLL	IE
12112472	Stralusky	52.85743	-6.59615	P	PPLL	IE
12112473	Porchavodda	52.87878	-6.57534	P	PPL	IE
12112474	Borkill More	52.89173	-6.56608	P	PPL	IE
12112475	Borkill Beg	52.89297	-6.56155	P	PPLL	IE
12112477	Highpark Lower	52.90544	-6.56796	P	PPLL	IE
12112478	Highpark Upper	52.90123	-6.55908	P	PPLL	IE
12112480	Crossnacole	52.90382	-6.5836	P	PPLL	IE
12112481	Fiddancoyle	52.91263	-6.57746	P	PPL	IE
12112482	Deerpark	52.9124	-6.56115	P	PPL	IE
12112483	Danesfort Lower	52.91743	-6.56347	P	PPLL	IE
12112484	Danesfort Upper	52.92156	-6.57229	P	PPLL	IE
12112485	Carrig Upper	52.92958	-6.583	P	PPLL	IE
12112486	Carrig Lower	52.93522	-6.59062	P	PPLL	IE
12112487	Muckduff Lower	52.92797	-6.56994	P	PPLL	IE
12112488	Muckduff Upper	52.94237	-6.56736	P	PPLL	IE
12112489	Slievereagh Upper	52.94405	-6.55055	P	PPLL	IE
12112490	Slievereagh Lower	52.94028	-6.54114	P	PPLL	IE
12112491	Cornan East	52.9312	-6.54001	P	PPLL	IE
12112492	Bernagh	52.93274	-6.55352	P	PPLL	IE
12112493	Bawnoge	52.92274	-6.55681	P	PPL	IE
12112494	Toorboy	52.93388	-6.51023	P	PPLL	IE
12112495	Drim	52.92509	-6.52471	P	PPLL	IE
12112496	Mullanacranna	52.92089	-6.52549	P	PPLL	IE
12112497	Knooknagree	52.91687	-6.5129	P	PPLL	IE
12112499	Ballymaconey	52.91018	-6.52429	P	PPLL	IE
12112500	Rathcoyle	52.90984	-6.50678	P	PPLL	IE
12112501	Kilcarney Lower	52.89367	-6.5051	P	PPLL	IE
12112502	Rathduffbeg	52.89881	-6.52444	P	PPLL	IE
12112503	Ballybrack Beg	52.88946	-6.54583	P	PPL	IE
12112504	Ballykilmurry Upper	52.89809	-6.54425	P	PPLL	IE
12112505	Ballykilmurry Lower	52.89316	-6.53123	P	PPLL	IE
12112506	Ballybrack More	52.8794	-6.54627	P	PPL	IE
12112507	Borough	52.87302	-6.55345	P	PPL	IE
12112508	Rathnalushhoge	52.87577	-6.53888	P	PPLL	IE
12112509	Rathnagrew Lower	52.86872	-6.53409	P	PPL	IE
12112510	Rathnagrew Upper	52.87392	-6.51275	P	PPLL	IE
12112511	Knocknagily Lower	52.88936	-6.49916	P	PPLL	IE
12112512	Knocknagilky Upper	52.88512	-6.48418	P	PPLL	IE
12112514	Ballinasilloge	52.87572	-6.48808	P	PPL	IE
12112518	Rathmeague	52.86522	-6.47573	P	PPLL	IE
12112520	Kyle	52.84918	-6.47134	P	PPLF	IE
12112523	Mullans North	52.84059	-6.4826	P	PPLL	IE
12112524	Mullans South	52.83149	-6.4882	P	PPLL	IE
12112525	Blindennis	52.84354	-6.52726	P	PPL	IE
12112527	Island	52.84086	-6.61599	L	LCTY	IE
12112528	Ballyknockan	52.94321	-6.52903	P	PPLL	IE
12112529	Kilcarney Upper	52.90784	-6.48686	P	PPLL	IE
12112530	Slievenamough	52.91878	-6.49364	P	PPLL	IE
12112531	Slieveboy Lower	52.92041	-6.47862	L	LCTY	IE
12112532	Slieveboy Upper	52.93114	-6.46889	L	LCTY	IE
12112533	Ballinguilehill	52.93531	-6.48822	L	LCTY	IE
12112534	Rathgorragh Lower	52.94482	-6.5068	P	PPLL	IE
12112535	Garrigatherne	52.9387	-6.46674	L	LCTY	IE
12112536	Aghavannagh Mountain	52.94064	-6.46235	T	MT	IE
12112538	Slievenamough Plain	52.91497	-6.47799	P	PPLL	IE
12112539	Knockanooker Lower	52.90067	-6.47591	P	PPLL	IE
12112540	Carrignamweel	52.90772	-6.46449	P	PPLL	IE
12112541	Knockanooker Upper	52.89611	-6.46574	P	PPLL	IE
12112542	Carrignamuck	52.89922	-6.45611	L	LCTY	IE
12112547	Ballygobban	52.90567	-6.4263	L	LCTY	IE
12112549	Mucklagh	52.91015	-6.40436	L	LCTY	IE
12112552	Coolgarrow Mountain	52.90009	-6.37395	T	MT	IE
12112555	Ballinagappoge	52.9051	-6.37994	P	PPLL	IE
12112556	Lyregore	52.91551	-6.37144	L	LCTY	IE
12112557	Drumgoff	52.94568	-6.37587	L	LCTY	IE
12112558	Ballinabarny	52.94366	-6.30505	P	PPLL	IE
12112560	Greenan More	52.92921	-6.27823	P	PPLL	IE
12112562	Ballinderry Lower	52.94555	-6.2591	P	PPLL	IE
12112564	Tanseyclose	52.9355	-6.2555	P	PPLL	IE
12112565	Ballygannon	52.93871	-6.24519	P	PPLL	IE
12112567	Knockadosan	52.92792	-6.24689	P	PPLL	IE
12112568	Garrymore Upper	52.9259	-6.2587	P	PPLL	IE
12112569	Corballis Upper	52.92305	-6.24477	P	PPLL	IE
12112570	Corballis Lower	52.91983	-6.23232	P	PPLL	IE
12112573	Slieveroe	52.93824	-6.2037	P	PPLL	IE
12112574	Bahana	52.94358	-6.18984	P	PPLF	IE
12112575	Keeloges	52.93626	-6.19118	P	PPLL	IE
12112576	Mountlusk	52.92381	-6.20601	P	PPLL	IE
12112577	Timullin	52.91495	-6.21413	P	PPLF	IE
12112578	Ballindoyle	52.91777	-6.20286	P	PPL	IE
12112579	Ticlash	52.9121	-6.21056	L	LCTY	IE
12112580	Ballytrasna	52.90666	-6.22007	V	FRST	IE
12112581	Newbawn	52.92384	-6.19323	P	PPLL	IE
12112582	Ballyknockan Upper	52.91594	-6.2527	P	PPLL	IE
12112583	Ballyknockan Lower	52.91695	-6.26558	P	PPLL	IE
12112584	Garrymore Lower	52.92091	-6.27079	P	PPLL	IE
12112585	Ballycarrigeen	52.91621	-6.27263	P	PPLL	IE
12112586	Ballard	52.90145	-6.28193	P	PPLL	IE
12112587	Ballymoney	52.90591	-6.28525	P	PPLL	IE
12112588	Ballyewstace	52.90906	-6.27983	L	LCTY	IE
12112590	Meetings	52.89465	-6.23579	P	PPLL	IE
12112591	Kingston	52.90137	-6.22686	P	PPLL	IE
12112592	Sroughmore	52.90022	-6.21384	P	PPLL	IE
12112593	Cronebane	52.88735	-6.21501	P	PPL	IE
12112595	Tigroney West	52.87729	-6.21138	P	PPLL	IE
12112596	Tigroney East	52.88064	-6.19756	P	PPLL	IE
12112598	Kilmacoo Upper	52.88605	-6.18915	P	PPLL	IE
12112599	Ballinabarry Kilmacrea Lower	52.90464	-6.17093	P	PPLL	IE
12112600	Bolagh	52.91735	-6.17584	P	PPLL	IE
12112601	Kilcandra	52.92532	-6.16412	P	PPLL	IE
12112602	Ballygannon More	52.94308	-6.1577	P	PPLL	IE
12112603	Ballygannon Beg	52.94093	-6.15853	P	PPLL	IE
12112604	Coolacork	52.94388	-6.11588	P	PPLL	IE
12112605	Ballinclare	52.9336	-6.12977	P	PPLL	IE
12112606	Kilmacurra West	52.93405	-6.14259	P	PPLL	IE
12112607	Kilmacurra East	52.92794	-6.13756	P	PPLL	IE
12112608	Breagura	52.92582	-6.11993	P	PPLL	IE
12112610	Ballinameesda	52.93126	-6.11215	P	PPLL	IE
12112613	Kilboy	52.92054	-6.12199	P	PPL	IE
12112614	Ballymurrin	52.93538	-6.09661	P	PPLL	IE
12112615	Ballymoney	52.93668	-6.08739	P	PPLL	IE
12112616	Dunganstown West	52.92242	-6.09269	P	PPLL	IE
12112617	Duganstown East	52.91313	-6.08876	P	PPLL	IE
12112618	Ballinacor East	52.91564	-6.11417	P	PPLL	IE
12112619	Ballyhara	52.91016	-6.11469	P	PPLL	IE
12112620	Kilmurry North	52.90623	-6.11314	P	PPLL	IE
12112621	Rahaval	52.8978	-6.12512	P	PPLL	IE
12112622	Ballintim	52.9023	-6.13211	P	PPLL	IE
12112623	Templelyon Upper	52.89361	-6.1172	P	PPLL	IE
12112624	Kilmurry South	52.89977	-6.10965	P	PPLL	IE
12112625	Togher	52.89358	-6.1027	P	PPLL	IE
12112626	Ballyherrig	52.88836	-6.10738	P	PPLL	IE
12112627	Cloghoge	52.88574	-6.10252	P	PPLL	IE
12112628	Ballynamona	52.88329	-6.10913	P	PPLL	IE
12112629	Templclyon Lower	52.88417	-6.11812	P	PPLL	IE
12112630	Oghil Lower	52.88334	-6.1346	P	PPLL	IE
12112632	Ballykean	52.90107	-6.14996	P	PPLL	IE
12112633	Springfarm	52.91421	-6.14764	P	PPLL	IE
12112634	Westaston Hill	52.9224	-6.14942	P	PPLL	IE
12112635	Deer Park	52.92735	-6.14987	L	PRK	IE
12112636	Westaston Demeane	52.92997	-6.15115	P	PPL	IE
12112637	Ballycapple Hill	52.91849	-6.13769	P	PPLL	IE
12112638	Coolanearl	52.8899	-6.17307	P	PPLL	IE
12112639	Ballydonnell	52.88109	-6.16992	P	PPLL	IE
12112640	Ballinvally	52.86706	-6.16997	P	PPLL	IE
12112641	Ballinastraw	52.85531	-6.18262	P	PPLL	IE
12112642	Knockantree Lower	52.86518	-6.19678	P	PPLL	IE
12112643	Kilmagg Lower	52.85407	-6.20172	P	PPLL	IE
12112644	Kilmagig Upper	52.85048	-6.19403	P	PPLL	IE
12112645	Ballanagh	52.8438	-6.21182	P	PPLL	IE
12112647	Parknashaw	52.84612	-6.23441	P	PPLL	IE
12112648	Kilqueeny	52.85703	-6.2224	P	PPLL	IE
12112649	Coolaflake	52.88425	-6.24976	P	PPLL	IE
12112650	Mongnacool Lower	52.88091	-6.26571	P	PPLL	IE
12112651	Mangnacool Upper	52.88469	-6.27198	P	PPLL	IE
12112652	Bahana	52.89306	-6.26492	P	PPLL	IE
12112653	Crone More	52.87267	-6.26292	P	PPLL	IE
12112654	Cronesallagh	52.86603	-6.25807	P	PPLL	IE
12112655	Cloneen	52.87385	-6.2815	P	PPLL	IE
12112656	Crone Beg	52.86408	-6.28439	P	PPLL	IE
12112657	Templelusk	52.85223	-6.26516	P	PPLL	IE
12112658	Ballymorris Upper	52.8528	-6.277	P	PPLL	IE
12112659	Ballymorris Lower	52.85509	-6.29016	P	PPLL	IE
12112660	Tinnakilly Lower	52.85985	-6.29556	P	PPLL	IE
12112661	Tinnakilly Upper	52.8651	-6.30333	P	PPLL	IE
12112662	Clonerkin	52.91058	-6.30524	P	PPLL	IE
12112663	Ballinacor	52.92726	-6.32796	P	PPLL	IE
12112664	Fananierin	52.93587	-6.35389	L	LCTY	IE
12112668	Macreddin East	52.88116	-6.31609	P	PPLL	IE
12112669	Macreddin West	52.88837	-6.3274	P	PPLL	IE
12112670	Cronawinnia	52.89022	-6.31904	P	PPLL	IE
12112671	Ballycreen Lower	52.89525	-6.33206	P	PPLL	IE
12112673	Sheena More	52.89093	-6.35363	P	PPLL	IE
12112675	Coolgarrow	52.88763	-6.37639	P	PPLL	IE
12112677	Killaduff	52.86423	-6.37758	P	PPLL	IE
12112678	Kilballyowen	52.84135	-6.37809	P	PPL	IE
12112680	Ballycurragh	52.88893	-6.41427	P	PPLL	IE
12112681	Coolballintaggart	52.87934	-6.409	P	PPLL	IE
12112683	Askakeagh	52.84672	-6.4192	P	PPL	IE
12112685	Ballybeg	52.8238	-6.43452	P	PPLL	IE
12112687	Drummin	52.8162	-6.41695	P	PPL	IE
12112688	Whitefield	52.79925	-6.44071	P	PPLL	IE
12112689	Killavery Wood	52.80163	-6.42196	V	FRST	IE
12112690	Coolalug Wood	52.80685	-6.41175	V	FRST	IE
12112691	Coolalug	52.80594	-6.40262	P	PPLL	IE
12112693	Toberpatrick	52.79788	-6.38601	L	LCTY	IE
12112694	Ballagh	52.80748	-6.3793	L	LCTY	IE
12112696	Tomnaskela	52.81822	-6.37017	P	PPLL	IE
12112698	Craan	52.78583	-6.3744	L	LCTY	IE
12112701	Barnadown	52.77816	-6.40431	P	PPLL	IE
12112702	Ballyday	52.77915	-6.39188	P	PPLL	IE
12112703	Ballyrory	52.77176	-6.37583	P	PPLL	IE
12112704	Ballythomas	52.77787	-6.36972	P	PPLL	IE
12112705	Loggan Lower	52.76992	-6.40429	P	PPLL	IE
12112707	Monaleehill	52.77703	-6.33899	L	LCTY	IE
12112708	Croghan Upper	52.78119	-6.31968	P	PPLL	IE
12112709	Croghan Middle	52.77633	-6.30891	P	PPLL	IE
12112710	Barrackcroghan	52.78262	-6.30646	P	PPLL	IE
12112711	Raheenleagh	52.79428	-6.30451	P	PPLL	IE
12112712	Clonroe Upper	52.76767	-6.3326	P	PPLL	IE
12112714	Clonroe Lower	52.76116	-6.34326	P	PPLL	IE
12112715	Pallis Upper	52.75428	-6.33554	P	PPLL	IE
12112716	Pallishill	52.75498	-6.32396	P	PPLL	IE
12112717	Pallis Lower	52.74686	-6.31983	P	PPLL	IE
12112718	Custodium	52.74035	-6.32218	P	PPLL	IE
12112719	Barracurragh	52.73648	-6.31407	P	PPLL	IE
12112720	Knocklahaun	52.74181	-6.30557	P	PPLL	IE
12112721	Aughullen	52.75101	-6.30951	P	PPLL	IE
12112722	Tomathone Upper	52.75493	-6.30639	P	PPLL	IE
12112723	Tomcoylehill	52.75943	-6.30689	P	PPLL	IE
12112724	Tomcoyle	52.75638	-6.29757	P	PPL	IE
12112725	Rathpierce Upper	52.76915	-6.28426	P	PPLL	IE
12112726	Rathoiercehill	52.77021	-6.29945	P	PPLL	IE
12112727	Glebe	52.76453	-6.29421	P	PPLL	IE
12112728	Glenoge	52.77682	-6.28819	P	PPLL	IE
12112729	Moneyribbin	52.78554	-6.27985	P	PPLL	IE
12112730	Askinch Upper	52.7893	-6.26531	P	PPLL	IE
12112731	Killahurler Upper	52.79762	-6.27478	P	PPLL	IE
12112732	Killahurler Lower	52.79934	-6.25797	P	PPLL	IE
12112733	Ballinvally	52.80165	-6.29455	P	PPLL	IE
12112734	Moneyteige South	52.8091	-6.31253	P	PPLL	IE
12112735	Ballinvally Upper	52.8089	-6.28159	P	PPLL	IE
12112736	Moneyteige North	52.82493	-6.30661	P	PPLL	IE
12112737	Tomanierin Upper	52.82895	-6.32295	P	PPLL	IE
12112738	Clone	52.83468	-6.30989	P	PPLL	IE
12112739	Tomanierin Lower	52.82985	-6.33371	P	PPLL	IE
12112741	Ballycoog	52.83085	-6.27686	P	PPLL	IE
12112742	Ballykillageer Upper	52.8272	-6.28727	P	PPLL	IE
12112743	Ballintemple	52.83153	-6.26491	P	PPLL	IE
12112744	Coolahullin	52.8429	-6.29888	P	PPLL	IE
12112745	Tinnakilly Bridge	52.85711	-6.31851	P	PPLL	IE
12112746	Balleeshal	52.8601	-6.34441	P	PPLL	IE
12112747	Ballinanty	52.91529	-6.30632	P	PPLL	IE
12112748	Kilmacrea Upper	52.91614	-6.1593	P	PPLL	IE
12112749	Kilmanoge	52.93728	-6.15182	P	PPLL	IE
12112750	Cullen Lower	52.92834	-6.06426	P	PPLL	IE
12112751	Bonabrocka	52.93901	-6.06117	P	PPLL	IE
12112752	Ballyhara	52.94193	-6.05215	P	PPLL	IE
12112753	Blackditch	52.93794	-6.04644	P	PPLL	IE
12112754	Kilpoole	52.94327	-6.02919	P	PPLL	IE
12112755	An Chlàis	52.90492	-6.25735	P	PPL	IE
12112756	Baile Chuag	52.83085	-6.27686	P	PPL	IE
12112757	Loberduff Bridge	52.7113	-6.25974	P	PPLL	IE
12112758	TInnock Bridge	52.71326	-6.26539	P	PPLL	IE
12112759	Knockina	52.69986	-6.28183	P	PPLL	IE
12112760	Tobermuire Bridge	52.67977	-6.28605	P	PPLL	IE
12112761	Ballowen	52.69076	-6.29964	P	PPLL	IE
12112762	Ballyteganpark	52.69457	-6.29202	P	PPLL	IE
12112763	Creagh Lower	52.69002	-6.3139	P	PPLL	IE
12112764	Ballyrahan	52.68416	-6.33003	P	PPLL	IE
12112765	Mullauntin	52.69443	-6.3107	P	PPLL	IE
12112766	Ballingarry	52.69391	-6.33144	P	PPLL	IE
12112767	Ballyowen	52.68263	-6.35577	P	PPLL	IE
12112768	Ballygullen	52.69457	-6.37016	P	PPLL	IE
12112769	Kilmichael	52.6952	-6.3497	P	PPLL	IE
12112770	Kilmichael Bridge	52.69743	-6.34515	P	PPLL	IE
12112771	Magheramore	52.93404	-6.02922	P	PPLL	IE
12112772	Knockaquirk	52.93267	-6.04327	P	PPLL	IE
12112773	Threeemilewater	52.9283	-6.04505	P	PPLL	IE
12112774	Cullen Upper	52.92042	-6.07559	P	PPLL	IE
12112775	Ballyflanigan	52.91424	-6.07411	P	PPLL	IE
12112776	Ennisboyne	52.92102	-6.05299	P	PPLL	IE
12112777	Furzeditch	52.915	-6.04621	P	PPLL	IE
12112778	Ballynacarrig	52.90079	-6.04477	P	PPLL	IE
12112779	Brittas	52.89862	-6.04901	P	PPLL	IE
12112780	Brittas Bridge	52.89211	-6.05772	P	PPLL	IE
12112782	Bellpark	52.88249	-6.08284	P	PPLL	IE
12112783	Ballinaclea	52.89085	-6.08398	P	PPLL	IE
12112784	Bonagrew	52.89786	-6.08019	P	PPLL	IE
12112785	Bonagrew Little	52.8881	-6.07022	P	PPL	IE
12112788	Cornagower West	52.87937	-6.07566	P	PPL	IE
12112789	Cornagower East	52.87651	-6.06538	P	PPL	IE
12112791	Goats Paw	52.91551	-6.37144	L	LCTY	IE
12112792	Ballysallagh	52.87219	-6.07919	P	PPLL	IE
12112793	Ballytunny	52.86363	-6.0815	P	PPLL	IE
12112794	Sallymount	52.85181	-6.08227	P	PPLL	IE
12112795	Raherd	52.86784	-6.09368	P	PPLL	IE
12112797	Ennereilly	52.84838	-6.0978	P	PPLL	IE
12112799	Coolmore	52.85314	-6.09702	P	PPLL	IE
12112801	Clonpadden	52.8629	-6.09964	P	PPLL	IE
12112802	Ballyrogan Lower	52.86508	-6.11072	P	PPLL	IE
12112803	Scratenagh	52.85723	-6.11035	P	PPLL	IE
12112804	Ballinaskea	52.84058	-6.11536	P	PPLL	IE
12112805	Johnstown North	52.83213	-6.11839	P	PPLL	IE
12112806	Ballyrichard	52.83803	-6.13023	P	PPLL	IE
12112807	Johnstown South	52.82548	-6.12315	P	PPL	IE
12112809	Seabank	52.81503	-6.12753	P	PPLL	IE
12112811	Tiknock	52.80711	-6.14746	P	PPL	IE
12112812	Coolboy	52.82117	-6.15622	P	PPLL	IE
12112813	Kilbride	52.81031	-6.15936	P	PPLL	IE
12112814	Ballyraine Lower	52.80813	-6.17723	P	PPLL	IE
12112815	Ballyraine Middle	52.80547	-6.1842	P	PPLL	IE
12112816	Ballyraine Upper	52.79827	-6.18504	P	PPLL	IE
12112818	Knockanrahan Upper	52.78552	-6.17312	P	PPLL	IE
12112819	Ballyrooaun	52.78857	-6.18376	P	PPLL	IE
12112820	Money Little	52.78243	-6.16909	P	PPLL	IE
12112821	Money Big	52.78132	-6.15624	P	PPLL	IE
12112822	Knockanrahan Lower	52.79163	-6.15352	P	PPL	IE
12112823	Tinahask	52.78693	-6.15325	P	PPLL	IE
12112824	Rock Little	52.77666	-6.15671	P	PPLL	IE
12112825	Ecawn	52.78765	-6.20809	P	PPLL	IE
12112826	Bogland	52.77488	-6.16896	P	PPLL	IE
12112827	KISH	52.77394	-6.1755	P	PPLL	IE
12112828	Rockbog	52.76894	-6.17599	P	PPLL	IE
12112829	Springfield	52.76829	-6.16686	P	PPLL	IE
12112830	Rock Big	52.77198	-6.14981	P	PPLL	IE
12112831	Whitepark	52.76261	-6.17435	P	PPLL	IE
12112832	Hollyfort	52.76741	-6.18522	P	PPLL	IE
12112833	Ashwood Lower	52.75787	-6.1889	P	PPLL	IE
12112835	Coolroe Great	52.75377	-6.18587	P	PPLL	IE
12112836	Coolroe Little	52.75579	-6.17906	P	PPLL	IE
12112837	Cronelusk	52.75566	-6.16809	P	PPLL	IE
12112838	Ballinabanoge	52.75931	-6.15768	P	PPLL	IE
12112839	Hannigans Bridge	52.74994	-6.16298	P	PPLL	IE
12112840	Ballyduff	52.75254	-6.15718	P	PPLL	IE
12112841	Park	52.75103	-6.14986	P	PPLL	IE
12112842	Kilmurry Upper	52.74864	-6.17256	P	PPLL	IE
12112843	Kilmurry Lower	52.74299	-6.15067	P	PPLL	IE
12112844	Kilmurry Middle	52.74472	-6.1599	P	PPLL	IE
12112845	Killowen Lower	52.74143	-6.17116	P	PPLL	IE
12112846	Monagarrow Upper	52.73658	-6.17143	P	PPLL	IE
12112848	Kilmichael	52.73488	-6.15446	P	PPLL	IE
12112849	Kilpatrick	52.72854	-6.15823	P	PPLL	IE
12112850	Clones Lower	52.72254	-6.16557	P	PPLL	IE
12112851	Kilgorman	52.71145	-6.16771	P	PPLL	IE
12112852	Clones Upper	52.71358	-6.17476	P	PPLL	IE
12112853	Kilgorman	52.70796	-6.17647	P	PPL	IE
12112854	Kilbegnet	52.70535	-6.18438	P	PPLL	IE
12112855	Ballymacky	52.7035	-6.20149	P	PPLL	IE
12112856	Tincurragh	52.70727	-6.20038	P	PPLL	IE
12112857	Kilcavan Lower	52.70969	-6.21226	P	PPLL	IE
12112858	Kildermot	52.68777	-6.20357	P	PPLL	IE
12112859	Ballymoney Lower	52.68041	-6.20422	P	PPLL	IE
12112860	Ballymoney Upper	52.68476	-6.22773	P	PPLL	IE
12112861	Ballinacarrig	52.69258	-6.22761	P	PPLL	IE
12112862	Kilcavan Upper	52.70471	-6.22752	P	PPLL	IE
12112863	Tomnahealy Little	52.71082	-6.20256	P	PPLL	IE
12112864	Ahare	52.71126	-6.18536	P	PPLL	IE
12112865	Ballyscartin	52.68399	-6.24918	P	PPLL	IE
12112866	Kilmurry	52.6938	-6.24906	P	PPLL	IE
12112867	Ballinglinbeg	52.70178	-6.24548	P	PPLL	IE
12112868	Ask Hill	52.70073	-6.25288	P	PPLL	IE
12112869	Clonatin Upper	52.68271	-6.26325	P	PPLL	IE
12112870	Clonatin Lower	52.68304	-6.27513	P	PPLL	IE
12112872	Ballytegan	52.68983	-6.27937	P	PPLL	IE
12112873	Ballyloughan	52.69139	-6.26752	P	PPLL	IE
12112874	Ask	52.70096	-6.26056	P	PPLL	IE
12112875	Toberduff	52.70587	-6.24834	P	PPLL	IE
12112876	Ballydermot	52.71201	-6.24989	P	PPLL	IE
12112877	Parkbaun	52.7199	-6.24079	P	PPLL	IE
12112878	Hogans Cross Roads	52.72313	-6.2502	P	PPLL	IE
12112880	Tinnock Lower	52.72057	-6.25409	P	PPLL	IE
12112881	Corcanon	52.72928	-6.25223	P	PPLL	IE
12112882	Boleybaun	52.73384	-6.24447	P	PPLL	IE
12112883	Perrymount	52.73463	-6.23607	P	PPLL	IE
12112884	Ballylacy Cross Roads	52.7198	-6.23644	P	PPLL	IE
12112885	Cullenoge	52.71732	-6.22016	P	PPLL	IE
12112886	Macoyle Upper	52.72607	-6.21699	P	PPLL	IE
12112887	Barroge	52.7236	-6.20329	P	PPLL	IE
12112888	Castletown Bridge	52.72242	-6.19949	P	PPLL	IE
12112889	Clondarragh	52.71867	-6.19718	P	PPLL	IE
12112890	Ahare Bridge	52.71662	-6.18795	P	PPLL	IE
12112892	Ballynacree	52.72291	-6.18338	P	PPLL	IE
12112893	Monagarrow Lower	52.73121	-6.1805	P	PPLL	IE
12112894	Monagarrow Little	52.737	-6.18914	P	PPLL	IE
12112895	Monalug	52.73752	-6.19897	P	PPLL	IE
12112896	Clonough	52.74192	-6.19679	P	PPLL	IE
12112897	Ballyellin	52.74717	-6.20112	P	PPLL	IE
12112898	Macoyle Lower	52.73464	-6.21661	P	PPLL	IE
12112899	Killybegs	52.74044	-6.21973	P	PPLL	IE
12112900	Bolabradda	52.74778	-6.23322	P	PPLL	IE
12112901	Unlucky Knocks	52.74738	-6.21443	P	PPLL	IE
12112902	Ballylarkin	52.75211	-6.21923	P	PPLL	IE
12112903	Monature	52.75396	-6.23509	P	PPLL	IE
12112904	Scarnagh Upper	52.75864	-6.21823	P	PPLL	IE
12112905	Polands Cross Roads	52.76171	-6.20332	P	PPLL	IE
12112906	Plattinstown	52.77441	-6.20958	P	PPLL	IE
12112907	Curranstown	52.77288	-6.19878	P	PPLL	IE
12112908	Curranstown Upper	52.7808	-6.2012	P	PPLL	IE
12112911	Moneylane	52.78856	-6.19006	P	PPLL	IE
12112912	Cooladangan	52.77856	-6.19097	P	PPLL	IE
12112913	Knockanree	52.78672	-6.19936	P	PPLL	IE
12112914	Ballyduff South	52.79316	-6.19577	P	PPLL	IE
12112915	Ballyduff North	52.79816	-6.19661	P	PPLL	IE
12112916	Glenart	52.80976	-6.19834	P	PPLL	IE
12112917	Pollahoney	52.80565	-6.20885	V	FRST	IE
12112919	Ballyrush	52.80321	-6.22708	P	PPLL	IE
12112920	Barnacleagh East	52.7969	-6.22913	P	PPLL	IE
12112921	Thomastown	52.78972	-6.22235	P	PPLL	IE
12112922	Coolastingan	52.78178	-6.21487	P	PPLL	IE
12112923	Johnstown Lower	52.77548	-6.219	P	PPLL	IE
12112924	Ballykitty Upper	52.77527	-6.22712	P	PPLL	IE
12112926	Monareagh	52.76342	-6.22579	P	PPLL	IE
12112927	Knockgreany	52.76808	-6.23537	P	PPLL	IE
12112928	Johnstown Upper	52.78713	-6.23918	P	PPLL	IE
12112929	Slieveduff	52.7901	-6.2434	P	PPLL	IE
12112930	Barnacleagh South	52.79523	-6.24346	P	PPLL	IE
12112931	Barnacleagh North	52.80218	-6.24665	P	PPLL	IE
12112932	Rostygah	52.81879	-6.24058	P	PPLL	IE
12112933	Coolgarrow	52.82799	-6.24504	P	PPLL	IE
12112934	Kilcarra West	52.82161	-6.22494	P	PPLL	IE
12112935	Kilcarra East	52.81557	-6.21255	P	PPLL	IE
12112936	Killeagh	52.82645	-6.20188	V	FRST	IE
12112937	Knockanduff	52.83386	-6.20172	P	PPLL	IE
12112938	Slievenavode	52.83893	-6.20057	P	PPLL	IE
12112939	Ballintombay Upper	52.94375	-6.28888	P	PPLL	IE
12112940	Knockanode	52.87933	-6.23339	P	PPLL	IE
12112941	Kilcashel	52.87367	-6.23847	P	PPLL	IE
12112942	Ballymurtagh	52.86934	-6.23202	P	PPLL	IE
12112943	Ballygahan	52.86648	-6.22652	P	PPLL	IE
12112944	Ballinapark	52.84967	-6.24357	P	PPLL	IE
12112945	Cherrymount	52.86464	-6.2104	P	PPLL	IE
12112946	Shirsheen	52.78339	-6.25079	P	PPLL	IE
12112947	Newtown Lower	52.77231	-6.24938	P	PPLL	IE
12112948	Coolgreany Demesne	52.76224	-6.24532	P	PPLL	IE
12112949	Gorteen Lower	52.76316	-6.25403	P	PPLL	IE
12112950	Knockbaun	52.75337	-6.24415	P	PPLL	IE
12112951	Fortchester Upper	52.7477	-6.24183	P	PPLL	IE
12112952	Fortchester Lower	52.74089	-6.24576	P	PPLL	IE
12112953	Clonsilla East	52.70698	-6.26553	P	PPLL	IE
12112954	Annagh More	52.72426	-6.33799	P	PPLL	IE
12112955	Annagh Lower	52.73488	-6.33474	P	PPLL	IE
12112956	Grovemill	52.71888	-6.33608	P	PPLL	IE
12112957	Mangan	52.7212	-6.35479	P	PPLL	IE
12112958	Bolany	52.72209	-6.36331	P	PPLL	IE
12112959	Annagh Middle	52.72782	-6.35801	P	PPLL	IE
12112960	Annagh Upper	52.73444	-6.3665	P	PPLL	IE
12112962	Annagh Long	52.74585	-6.34734	P	PPLL	IE
12112963	Annaghhill	52.74564	-6.37237	P	PPLL	IE
12112965	Ballynabarney	52.75852	-6.37149	P	PPLL	IE
12112966	Borleagh Demesne	52.73885	-6.29083	P	PPLL	IE
12112967	Tomathone Lower	52.74631	-6.2886	P	PPLL	IE
12112968	Ballyconlore	52.74402	-6.27071	P	PPLL	IE
12112969	Borleagh	52.73397	-6.28004	P	PPLL	IE
12112970	Coolnagloose	52.73518	-6.25997	P	PPLL	IE
12112971	Curragh	52.72894	-6.26013	P	PPLL	IE
12112972	Marsh	52.80074	-6.15771	P	PPLL	IE
12112974	Killiniskyduff	52.81549	-6.14007	P	PPLL	IE
12112975	Ballymoney	52.82182	-6.1328	P	PPLL	IE
12112976	Shelton	52.81819	-6.17027	P	PPLL	IE
12112977	Raheen	52.82637	-6.17995	P	PPLL	IE
12112978	Ballinaheese	52.82466	-6.17338	P	PPLL	IE
12112979	Keeloge	52.83029	-6.17379	P	PPLL	IE
12112980	Carrycole	52.8316	-6.16365	P	PPLL	IE
12112983	Templerainy	52.82531	-6.1463	P	PPLL	IE
12112984	Templemichael	52.84031	-6.16117	P	PPLL	IE
12112985	Snugborough	52.84632	-6.1514	P	PPLL	IE
12112986	Ballinabrannagh	52.84608	-6.17362	P	PPLL	IE
12112987	Ballinvally Upper	52.86911	-6.14992	P	PPLL	IE
12112988	Ballinvally Lower	52.86474	-6.13932	P	PPLL	IE
12112989	Chapel	52.87162	-6.13455	P	PPLL	IE
12112990	Barranisky East	52.85266	-6.15106	P	PPLL	IE
12112991	Barranisky West	52.85709	-6.15727	P	PPLL	IE
12112992	Kilpatrick	52.86025	-6.12774	P	PPLL	IE
12112993	Kilpatrick Bridge	52.86525	-6.12121	P	PPLL	IE
12112994	Cronakip	52.87326	-6.09966	P	PPLL	IE
12112995	Ballynapark	52.87813	-6.09168	P	PPLL	IE
12112996	Crois an Fhaoitigh	52.88276	-6.09974	P	PPLL	IE
12112997	Ballyclogh South	52.89132	-6.09564	P	PPLL	IE
12112998	Brittas	52.89286	-6.06447	P	PPLL	IE
12113000	Glenteige	52.84567	-6.14154	P	PPLL	IE
12113001	Sheepwalk	52.82721	-6.18976	P	PPLL	IE
12113003	Ballygillaroe	52.89401	-6.13466	P	PPLL	IE
12113004	Oghi Upper	52.88138	-6.15591	P	PPLL	IE
12113005	Crone Upper	52.87722	-6.14537	P	PPLL	IE
12113006	Crone Lower	52.8781	-6.1319	P	PPLL	IE
12113007	Ballyrogan Upper	52.87246	-6.12297	P	PPLL	IE
12113008	Ballinatone	52.91878	-6.29596	P	PPLL	IE
12113010	Money	52.69229	-6.4722	P	PPLL	IE
12113011	Brideswell Big	52.68358	-6.45571	P	PPLL	IE
12113012	Brideswell Little	52.69395	-6.4448	P	PPLL	IE
12113013	Knocknamota	52.69425	-6.46309	P	PPLL	IE
12113015	Monbay Upper	52.68451	-6.42266	P	PPLL	IE
12113016	Burrow	52.70493	-6.47367	P	PPLL	IE
12113017	Kilcavan Lower	52.72221	-6.46726	P	PPLL	IE
12113018	Park	52.71801	-6.45748	P	PPLL	IE
12113019	Drummond	52.70563	-6.4462	P	PPLL	IE
12113020	Ballyellis	52.71177	-6.45419	P	PPLL	IE
12113021	Knockshaunlin	52.7105	-6.44503	P	PPLL	IE
12113022	Motabower	52.72033	-6.43979	P	PPLL	IE
12113023	Aughnamaulmeen	52.72473	-6.43416	P	PPLL	IE
12113024	Askakeel	52.73151	-6.43483	P	PPLL	IE
12113025	Deerpark	52.7309	-6.41227	P	PPLL	IE
12113026	Foxcover	52.72144	-6.40657	P	PPLL	IE
12113027	Hillbrook Upper	52.74204	-6.45016	P	PPLL	IE
12113028	Keyly’s Cross Roads	52.74557	-6.45594	P	PPLL	IE
12113029	Hillbrook Lower	52.74812	-6.45119	P	PPLL	IE
12113030	Raheenglass	52.75887	-6.44706	P	PPLL	IE
12113031	Coolafancy	52.76631	-6.4315	P	PPLL	IE
12113032	Mill Land	52.77579	-6.4251	P	PPLL	IE
12113034	Gorteen	52.77283	-6.45898	P	PPLL	IE
12113035	Boleybawn	52.77931	-6.46398	P	PPLL	IE
12113038	Parkmore	52.73192	-6.44584	P	PPLL	IE
12113039	Creagh Upper	52.68193	-6.32333	P	PPLL	IE
12113041	Kilmichaelhill	52.70546	-6.36622	P	PPLL	IE
12113042	Slievebaun	52.71674	-6.37515	P	PPLL	IE
12113043	Tombay	52.72277	-6.37906	P	PPLL	IE
12113044	Monaseed Demesne	52.71564	-6.39217	P	PPLL	IE
12113045	Ballyloughlin	52.73131	-6.39721	P	PPLL	IE
12113046	Knocknagapple	52.73994	-6.40012	P	PPLL	IE
12113047	Racecourse	52.73608	-6.39998	P	PPLL	IE
12113048	Annaugh Bridge	52.73777	-6.37843	P	PPLL	IE
12113049	Cummerduff	52.74654	-6.4225	P	PPLL	IE
12113050	Loggan Bridge	52.75605	-6.41073	P	PPLL	IE
12113051	Tobertownagh	52.80494	-6.35291	P	PPLL	IE
12113052	Ballyclogh North	52.89713	-6.09409	P	PPLL	IE
12113053	Ballingarry Wood	52.70229	-6.33372	P	PPLL	IE
12113054	Bolacreen	52.7042	-6.32248	P	PPLL	IE
12113055	Grove Lille	52.70446	-6.33672	P	PPLL	IE
12113056	Grove Great	52.7091	-6.33587	P	PPLL	IE
12113057	Knockavota	52.7037	-6.29236	P	PPLL	IE
12113058	Clonsilla West	52.70883	-6.28662	P	PPLL	IE
12113059	Dermott’s Bog	52.71702	-6.26199	P	PPLL	IE
12113060	Tinnock Upper	52.72169	-6.26515	P	PPLL	IE
12113062	Curragh Wood	52.73202	-6.26838	V	FRST	IE
12113063	Stafford Bog	52.7186	-6.27228	P	PPLL	IE
12113064	Tinnashinnagh	52.70712	-6.30619	P	PPLL	IE
12113065	Barnland	52.71185	-6.30311	P	PPLL	IE
12113066	Coolintaggart	52.71755	-6.30774	P	PPLL	IE
12113067	Linnanagh	52.72336	-6.30509	P	PPLL	IE
12113068	Laraheenhill	52.72422	-6.32	P	PPLL	IE
12113069	Laraheen	52.72522	-6.32735	P	PPLL	IE
12113071	Castleland	52.72888	-6.29943	P	PPLL	IE
12113072	Ballintlea	52.71588	-6.32773	P	PPLL	IE
12113073	Coolintaggarthill	52.71781	-6.31894	P	PPLL	IE
12113074	Finthracawn	52.72149	-6.32438	L	PRK	IE
12113076	Cloghnagaune	52.94908	-6.61792	P	PPL	IE
12113077	Boleycarrigeen	52.94908	-6.61109	P	PPL	IE
12113078	Celvinstown	52.94009	-6.61639	P	PPL	IE
12113079	Three Bridges	52.92327	-6.61798	P	PPL	IE
12113080	Newtown	52.92437	-6.60919	P	PPL	IE
12113081	Brockna	52.92088	-6.62748	P	PPL	IE
12113082	Graigue	52.92021	-6.59592	P	PPL	IE
12113083	Fiddan	52.91503	-6.58941	P	PPL	IE
12113084	Knockavurrig	52.91504	-6.59802	P	PPL	IE
12113085	Humewood	52.91575	-6.60574	P	PPL	IE
12113086	Barraderry North	52.90868	-6.62546	P	PPL	IE
12113087	Barraderry West	52.90711	-6.62687	P	PPL	IE
12113089	Tinnaclash	52.89581	-6.60364	P	PPLL	IE
12113090	Portrushen Lower	52.88788	-6.6058	P	PPLL	IE
12113091	Portrushen Upper	52.88058	-6.59473	P	PPLL	IE
12113092	Lucas Bridge	52.8783	-6.62326	P	PPL	IE
12113093	Drumguin	52.87058	-6.59075	P	PPLL	IE
12113094	Nashe’s Quarter	52.86336	-6.61563	P	PPL	IE
12113095	Collmanagh Lower	52.85971	-6.62791	P	PPLL	IE
12113096	Collmanagh Upper	52.85111	-6.61257	P	PPLL	IE
12113097	Ballykilduff Upper	52.84177	-6.62575	P	PPLL	IE
12113098	Ballyshane	52.81308	-6.60181	P	PPL	IE
12113099	Killabeg	52.79401	-6.59534	P	PPL	IE
12113100	Money Upper	52.76398	-6.62882	P	PPLL	IE
12113101	Aghowle Lower	52.76422	-6.61602	P	PPL	IE
12113102	Aghowle Upper	52.75398	-6.60425	P	PPLL	IE
12113103	Coolross	52.73938	-6.59887	P	PPL	IE
12113104	Ballyredmond	52.71956	-6.63506	P	PPL	IE
12113105	Newry	52.72858	-6.6161	P	PPL	IE
12113106	Burrow	52.71838	-6.61775	P	PPL	IE
12113107	Garryhasten	52.70626	-6.61639	P	PPLL	IE
12113109	Abbeydown	52.69092	-6.62046	P	PPLL	IE
12113110	Askaheige	52.69484	-6.63734	P	PPL	IE
12113111	Corragh	52.68432	-6.62372	P	PPL	IE
12113112	Beautield	52.69386	-6.58934	P	PPLL	IE
12113113	Ballingate Upper	52.701	-6.5656	P	PPLL	IE
12113114	Ballingate Lower	52.7096	-6.54982	P	PPLL	IE
12113116	Park	52.73057	-6.58442	P	PPL	IE
12113118	Tombreen	52.69698	-6.52857	P	PPL	IE
12113120	Umrygar	52.70067	-6.50591	P	PPLL	IE
12113122	Cronyhorn Lower	52.71873	-6.53306	P	PPLL	IE
12113123	Cronyhorn Upper	52.72905	-6.52776	P	PPLL	IE
12113126	Deerpark	52.73871	-6.52773	P	PPL	IE
12113127	Stoops	52.73857	-6.49721	P	PPLL	IE
12113128	Paulbeg	52.7434	-6.48532	P	PPL	IE
12113129	Parkmore	52.7352	-6.47998	P	PPL	IE
12113130	Shuttles Wood	52.75556	-6.50484	P	PPL	IE
12113132	Ballykelly	52.76039	-6.4892	P	PPL	IE
12113134	Tomnafinnoge	52.76748	-6.47811	P	PPL	IE
12113135	Ballyshonog	52.78987	-6.48962	P	PPLL	IE
12113136	Greenhall	52.78178	-6.47481	P	PPLL	IE
12113137	Ballyknocker East	52.73677	-6.53802	P	PPLL	IE
12113138	Ballyknocker West	52.73792	-6.55328	P	PPLL	IE
12113139	Ballyknocker	52.74214	-6.54317	P	PPLL	IE
12113140	Balisland	52.72974	-6.55906	P	PPL	IE
12113141	Minmore	52.73966	-6.56585	P	PPLL	IE
12113142	Barnamuinga	52.74339	-6.58071	P	PPLL	IE
12113143	Ballard	52.75071	-6.55236	P	PPLL	IE
12113144	Crone	52.75751	-6.56272	P	PPLL	IE
12113146	Ballymarroge	52.77634	-6.56853	P	PPL	IE
12113147	Cronelea	52.77337	-6.5554	P	PPLL	IE
12113148	Barnacashel	52.77087	-6.59543	P	PPL	IE
12113150	Quigginroe	52.78379	-6.58536	P	PPLL	IE
12113151	Gowle	52.80113	-6.58819	P	PPLL	IE
12113152	Seskin	52.8012	-6.56666	P	PPL	IE
12113153	Laragh	52.78895	-6.55256	P	PPL	IE
12113155	Stranakelly	52.78849	-6.53503	P	PPLL	IE
12113156	Bellshill	52.81853	-6.55787	P	PPL	IE
12113157	Oldtown	52.82016	-6.56477	P	PPL	IE
12113158	Coolalaw	52.82019	-6.57557	P	PPL	IE
12113159	Ballaghaclay	52.82677	-6.59061	P	PPL	IE
12113160	Glebe	52.82996	-6.57615	P	PPLL	IE
12113161	Davisshill	52.83556	-6.57772	P	PPL	IE
12113162	Blackhill	52.83623	-6.59074	P	PPLL	IE
12113163	Minvaud Upper	52.83194	-6.5689	P	PPL	IE
12113164	Minvaud Lower	52.83479	-6.54282	P	PPL	IE
12113165	Croneskagh Upper	52.84053	-6.56994	P	PPLL	IE
12113166	Croneskagh Lower	52.84016	-6.55094	P	PPLL	IE
12113168	Woodside	52.85507	-6.5719	P	PPLL	IE
12113170	Kilconnaught	52.86582	-6.57706	P	PPL	IE
12123845	Moveen West	52.64795	-9.71383	P	PPLL	IE
12123846	Newtown	52.63986	-9.58232	P	PPL	IE
12123907	Ballynestragh Demesne	52.71998	-6.28195	P	PPLL	IE
12132622	Gortermone	54.24334	-8.19545	P	PPLL	IE
12132648	Ballygreighan	54.23263	-8.78806	P	PPLL	IE
12132649	Ballinphull	54.22792	-8.77857	P	PPLL	IE
12132650	Emlaghfad	54.07226	-8.49873	P	PPLL	IE
12132651	Corkagh Beg	54.26325	-8.74709	P	PPLL	IE
12132652	Cartronofarry	54.26372	-8.75732	P	PPLL	IE
12132654	Carryduff	54.26296	-8.77552	P	PPLL	IE
12132655	Rathglass	54.25304	-8.79462	P	PPLL	IE
12132656	Ardgivna	54.24601	-8.78062	P	PPLL	IE
12132657	Ballyfaris	54.25066	-8.76421	P	PPLL	IE
12132658	Carrownacreevy	54.24762	-8.76315	P	PPLL	IE
12132659	Carrownurlar	54.25023	-8.7537	P	PPLL	IE
12132660	Corkagh More	54.25902	-8.76233	P	PPLL	IE
12132661	Grange Beg	54.23315	-8.77649	P	PPLL	IE
12132662	Doonflin Upper	54.21861	-8.76394	P	PPLL	IE
12132663	Farranyharpy	54.21347	-8.75311	P	PPLL	IE
12132664	Ballygreighan Barr	54.20525	-8.78418	P	PPLL	IE
12132665	Grangebeg Barr	54.20226	-8.77143	P	PPLL	IE
12132666	Slieve Gamph	54.18763	-8.74753	T	MTS	IE
12132667	Carrownamadoo	54.21057	-8.70896	P	PPLL	IE
12132668	Drumnagoal	54.21724	-8.72307	P	PPLL	IE
12132669	Ross	54.21895	-8.7044	P	PPLL	IE
12132670	Cloondrihara	54.15136	-8.7547	P	PPLL	IE
12132671	Carrownaleck	54.12606	-8.7534	P	PPLL	IE
12132672	Derreens	54.11753	-8.77057	P	PPL	IE
12132674	Tullycusheen Beg	54.06546	-8.78385	P	PPLL	IE
12132675	Tullycusheen More	54.06019	-8.76286	P	PPLL	IE
12132676	Ballyara	54.0618	-8.74823	P	PPLL	IE
12132677	Falduff	54.05238	-8.75709	P	PPLL	IE
12132678	Rue	54.04295	-8.7605	P	PPL	IE
12132679	Carrowntober	54.0645	-8.72963	P	PPL	IE
12132680	Carraun	54.07706	-8.73167	P	PPLL	IE
12132681	Tobertelly	54.0791	-8.71226	P	PPLL	IE
12132682	Castleloye	54.06624	-8.70538	P	PPLL	IE
12132683	Oghambaun	54.0503	-8.70191	P	PPLL	IE
12132684	Muckelty	54.08635	-8.68778	P	PPLL	IE
12132685	Ballinvally	54.09299	-8.67662	P	PPLL	IE
12132686	Streamstown	54.09748	-8.6795	P	PPL	IE
12132687	Arnyara	54.0994	-8.69922	P	PPLL	IE
12132688	Lisseneagh	54.09683	-8.71574	P	PPLL	IE
12132689	Cloonarara	54.10722	-8.71512	P	PPLL	IE
12132690	Pullagh	54.09798	-8.72523	P	PPLL	IE
12132691	Cloonbaniff	54.11559	-8.72938	P	PPLL	IE
12132692	Cloonaraher	54.11305	-8.70917	P	PPLL	IE
12132693	Carrowntawn	54.10892	-8.69894	P	PPLL	IE
12132695	Knocknashee Common	54.11946	-8.67956	P	PPLL	IE
12132696	Cashel North	54.12691	-8.68768	P	PPLL	IE
12132697	Carrowmurray	54.15806	-8.71711	P	PPLL	IE
12132698	Carrownaakeagh Lough	54.15393	-8.68238	H	LK	IE
12132700	Carrownaskeagh	54.16273	-8.68684	P	PPLL	IE
12132701	Carrownabanny	54.16639	-8.68526	P	PPLL	IE
12132702	Cabragh	54.18121	-8.67636	P	PPLL	IE
12132703	Carroward	54.20022	-8.67881	P	PPL	IE
12132704	Lavagh	54.20942	-8.68176	P	PPLL	IE
12132705	Toorard	54.21409	-8.68135	P	PPL	IE
12132706	Carrowbleagh	54.21133	-8.67059	P	PPLL	IE
12132707	Longford Demesne	54.21818	-8.67115	P	PPL	IE
12132711	Soodry	54.25889	-8.71044	P	PPL	IE
12132712	Laragh	54.25492	-8.74057	P	PPLL	IE
12132713	Carrownaknockan	54.25154	-8.73639	P	PPLL	IE
12132714	Skreen Beg	54.24791	-8.73146	P	PPLL	IE
12132715	Masreagh	54.24931	-8.72498	P	PPLL	IE
12132716	Glebe	54.24336	-8.73371	P	PPLL	IE
12132717	Mullaroe	54.23298	-8.72361	P	PPL	IE
12132718	Ardnaglass	54.25479	-8.71149	P	PPLL	IE
12132719	Ardabrone	54.25458	-8.70039	P	PPLL	IE
12132720	Gerrib	54.24862	-8.70445	P	PPLL	IE
12132721	Carrownree	54.24407	-8.69456	P	PPLL	IE
12132723	Carrowdurneen	54.2347	-8.70409	P	PPLL	IE
12132724	Spring Garden	54.22995	-8.69445	P	PPLL	IE
12132725	Carrowmorris	54.22823	-8.67829	P	PPLL	IE
12132726	Carrowconor	54.22794	-8.6633	P	PPL	IE
12132727	Carrowgilpatrick	54.23015	-8.65626	P	PPLL	IE
12132728	Carrownaboll	54.24224	-8.68262	P	PPL	IE
12132729	Carrowgilhooly	54.24888	-8.67854	P	PPLL	IE
12132730	Fallathurteen	54.25575	-8.66907	P	PPL	IE
12132731	Toberpatrick	54.26455	-8.69487	P	PPLL	IE
12132732	Finnure	54.26733	-8.68763	P	PPLL	IE
12132733	Carrownteane	54.2526	-8.65827	P	PPLL	IE
12132735	Caltragh	54.24438	-8.66546	P	PPLL	IE
12132736	Carrowflatley	54.24293	-8.65448	P	PPLL	IE
12132737	Buninna	54.24823	-8.64865	P	PPLL	IE
12132738	Ballard	54.23694	-8.6511	P	PPLL	IE
12132739	Bunnafedia	54.23276	-8.66881	P	PPLL	IE
12132740	Ballinphull	54.24262	-8.64202	P	PPLL	IE
12132741	Ballinlig	54.23669	-8.63495	P	PPLL	IE
12132742	Lisnarawer	54.22563	-8.64599	P	PPLL	IE
12132743	Carrownacreevy	54.23068	-8.62683	P	PPLL	IE
12132744	Cloonakeemoge	54.22185	-8.64853	P	PPLL	IE
12132745	Carrowkeel	54.21803	-8.63349	P	PPLL	IE
12132746	Tanrego Intake	54.21553	-8.60261	P	PPLL	IE
12132747	Derinch Island	54.22055	-8.60472	P	PPL	IE
12132748	Dromard	54.19898	-8.65758	P	PPLL	IE
12132749	Altanelvick	54.20394	-8.64986	P	PPLL	IE
12132750	Lismacbryan	54.20403	-8.63541	P	PPLL	IE
12132751	Lugbaun	54.20697	-8.6258	P	PPLL	IE
12132752	Barnabrack	54.21742	-8.62317	P	PPLL	IE
12132753	Larkhill	54.21051	-8.61709	P	PPLL	IE
12132754	Folleesh Lough	54.21091	-8.61083	H	LK	IE
12132755	Creckacullion	54.2027	-8.60487	P	PPLL	IE
12132756	Mullanashee Lugnadelle	54.1996	-8.59561	P	PPLL	IE
12132757	Crockavreen	54.19181	-8.63544	P	PPLL	IE
12132758	Seevness	54.18146	-8.62469	P	PPLL	IE
12132759	Tullaghan	54.1842	-8.5926	P	PPLL	IE
12132760	Doomore	54.19326	-8.59892	P	PPLL	IE
12132762	Tullycusheen Lough	54.06156	-8.77835	H	LK	IE
12132764	Carrowloughan	54.26905	-8.67021	P	PPLL	IE
12132766	Ballinvally	54.15924	-8.66626	P	PPLL	IE
12132767	Knockadoo	54.15264	-8.65445	P	PPLL	IE
12132768	Knockadoo Lough	54.15515	-8.6491	H	LK	IE
12132769	Carrownloughan	54.13671	-8.6601	P	PPLL	IE
12132770	Killoran South Lough	54.12741	-8.65111	H	LK	IE
12132771	Carrownaworan	54.11407	-8.66519	P	PPLL	IE
12132772	Cunghill	54.10849	-8.65725	P	PPLL	IE
12132773	Carrowoarragh	54.09997	-8.66116	P	PPLL	IE
12132774	Tullyhugh	54.09842	-8.64401	P	PPLL	IE
12132775	Claragh Irish	54.11442	-8.63623	P	PPLL	IE
12132776	Knockattotaun	54.13416	-8.65003	P	PPLL	IE
12132777	Carrowkeel	54.04776	-8.6663	P	PPLL	IE
12132778	Quarryfield	54.04261	-8.61862	P	PPLL	IE
12132779	Killandy	54.05768	-8.61254	P	PPLL	IE
12132780	Lisnagore	54.07268	-8.63065	P	PPLL	IE
12132781	Moyrush	54.07982	-8.62259	P	PPLL	IE
12132782	Clooncose	54.08502	-8.62067	P	PPLL	IE
12132783	Carrowclare	54.09575	-8.65477	P	PPLL	IE
12132784	Clooncunny	54.09972	-8.62361	P	PPLL	IE
12132785	Rinbaun	54.10639	-8.61617	P	PPLL	IE
12132786	Finlough	54.12876	-8.61456	P	PPLL	IE
12132787	Kilvarnet	54.12371	-8.61763	P	PPLL	IE
12132788	Deenodes	54.13391	-8.63601	P	PPLL	IE
12132789	Carrownagleragh	54.13676	-8.62278	P	PPLL	IE
12132790	Rathmactiernan	54.14625	-8.62693	P	PPLL	IE
12132791	Riskeen Lough	54.14098	-8.614	P	PPLL	IE
12132792	Creevaun	54.15167	-8.62578	P	PPLL	IE
12132793	Carrowclooneen	54.1478	-8.61357	P	PPLL	IE
12132796	Carrowdough	54.26273	-8.6162	P	PPLL	IE
12132800	Lissalough	54.1549	-8.62569	P	PPLL	IE
12132801	Rockfinlough	54.13577	-8.60503	P	PPLL	IE
12132802	Fetherneen	54.13992	-8.59875	P	PPLL	IE
12132803	Templehouse Demesne	54.11772	-8.59918	P	PPLL	IE
12132804	Templehouse	54.12615	-8.59286	P	PPLL	IE
12132806	Ballymurray	54.13363	-8.58734	P	PPLL	IE
12132807	Carrownageeragh	54.2023	-8.55497	P	PPLL	IE
12132808	Halfquarter	54.21061	-8.54663	P	PPLL	IE
12132809	Doonyneill Lough	54.20735	-8.54233	H	LK	IE
12132810	Cooney Lough	54.20408	-8.54157	H	LK	IE
12132811	Lugawarry	54.1976	-8.57353	P	PPLL	IE
12132812	Rathmore	54.15949	-8.56172	P	PPLL	IE
12132813	Ranaghan	54.14964	-8.56364	P	PPLL	IE
12132816	Ardcree	54.15483	-8.55226	P	PPLL	IE
12132817	Rathnarrow	54.14009	-8.5778	P	PPLL	IE
12132818	Emlaghnaghtan	54.09848	-8.56019	P	PPLL	IE
12132819	Carton	54.09207	-8.57659	P	PPLL	IE
12132820	The Island	54.09501	-8.58592	T	PROM	IE
12132822	Carrowkeel	54.0843	-8.57118	P	PPLL	IE
12132823	Carrowreagh	54.07866	-8.58023	P	PPLL	IE
12132824	Cloonagahaun	54.07168	-8.58482	P	PPLL	IE
12132825	Brackcloonagh	54.06739	-8.59806	P	PPLL	IE
12132826	Cloonameehan	54.06457	-8.58792	P	PPLL	IE
12132827	Meelick Park	54.06175	-8.59621	P	PPLL	IE
12132828	Flowerhill	54.05965	-8.60066	P	PPLL	IE
12132829	Ballynaraw	54.056	-8.59151	P	PPLL	IE
12132830	Carrowloughlin	54.04846	-8.56578	P	PPLL	IE
12132831	Drumfarnoght	54.05224	-8.57384	P	PPLL	IE
12132832	Lecarrow	54.04852	-8.58655	P	PPLL	IE
12132833	Rinnarogue	54.06148	-8.57738	P	PPLL	IE
12132834	Knocknakillew	54.06325	-8.57037	P	PPLL	IE
12132836	Oldrock	54.0725	-8.56177	P	PPLL	IE
12132837	Spurtown	54.0491	-8.55293	P	PPLL	IE
12132838	Deechomade	54.05976	-8.55774	P	PPLL	IE
12132839	Ardminnan	54.04345	-8.54692	P	PPLL	IE
12132840	Drumdiveen	54.04333	-8.53616	P	PPLL	IE
12132841	Knockanimma	54.0517	-8.54016	P	PPLL	IE
12132842	Spurtown Lower	54.06168	-8.54152	P	PPLL	IE
12132843	Aughris	54.07038	-8.53991	P	PPLL	IE
12132844	Carrigeenmore	54.07431	-8.53327	P	PPLL	IE
12132845	Ardconnell Bridge	54.07051	-8.5495	P	PPLL	IE
12132846	Ardconnell	54.07749	-8.55273	P	PPLL	IE
12132847	Ballybrennan	54.08198	-8.53806	P	PPLL	IE
12132848	Camross	54.09687	-8.52929	P	PPLL	IE
12132849	Derroon	54.10152	-8.5207	P	PPLL	IE
12132850	Rathdoony Beg	54.10896	-8.52714	P	PPLL	IE
12132851	Cloonamanagh	54.12043	-8.55119	P	PPLL	IE
12132852	Carrownree	54.13351	-8.53476	P	PPLL	IE
12132853	Carrowcushely	54.12297	-8.52019	P	PPLL	IE
12132854	Ardnaglass	54.13004	-8.52053	P	PPLL	IE
12132857	Cloonacurra	54.14574	-8.53833	P	PPLL	IE
12132858	Ballynaboll	54.14673	-8.52072	P	PPLL	IE
12132859	Lissaneena	54.15039	-8.51042	P	PPLL	IE
12132860	Carrigeensallagh	54.15417	-8.50416	P	PPLL	IE
12132861	Knockmullin	54.16304	-8.50754	P	PPLL	IE
12132862	Lisuntagh	54.14636	-8.4921	P	PPLL	IE
12132863	Carrickbanagher	54.14022	-8.50001	P	PPLL	IE
12132864	Bellanascarrow	54.08449	-8.48948	P	PPLL	IE
12132865	Lavally	54.09007	-8.48186	P	PPLL	IE
12132866	Cloonagashel	54.10536	-8.47423	P	PPLL	IE
12132867	Deerpark	54.1097	-8.47491	P	PPLL	IE
12132868	Kiloreevin	54.11572	-8.47486	P	PPLL	IE
12132869	Freeheen	54.11785	-8.49176	P	PPLL	IE
12132870	Branchfield	54.1244	-8.47951	P	PPLL	IE
12132871	Boathole Lough	54.13422	-8.46383	H	LK	IE
12132872	Spotfield	54.1358	-8.47434	P	PPLL	IE
12132873	Coolteen	54.14108	-8.47899	P	PPLL	IE
12132875	Kilnamanagh	54.17929	-8.52632	P	PPLL	IE
12132876	Ballysheeaun	54.18695	-8.54005	P	PPLL	IE
12132877	Largan	54.18809	-8.53028	P	PPLL	IE
12132878	Slievaward	54.19566	-8.53341	P	PPLL	IE
12132879	Corhawhagh	54.20313	-8.53283	P	PPLL	IE
12132880	Corhawhagh Lough	54.20052	-8.52848	H	LK	IE
12132881	Abbaytown	54.21145	-8.53461	P	PPLL	IE
12132882	Kilbolashy	54.20817	-8.51551	P	PPLL	IE
12132883	Knoxspark	54.20314	-8.50881	P	PPLL	IE
12132884	Lugnamackan	54.18932	-8.51303	P	PPLL	IE
12132885	Ardcotten	54.18547	-8.50717	P	PPLL	IE
12132886	Carricknagat	54.19201	-8.49892	P	PPLL	IE
12132887	Knockbeg	54.17164	-8.51269	P	PPLL	IE
12132888	Mullaghnabreena	54.16799	-8.4926	P	PPLL	IE
12132889	Toberbride	54.17434	-8.47883	P	PPLL	IE
12132890	Doobeg	54.09761	-8.46149	P	PPLL	IE
12132891	Doomore	54.09259	-8.45956	P	PPLL	IE
12132892	Doonmeegin	54.08806	-8.4525	P	PPLL	IE
12132893	Roscrib	54.08418	-8.47252	P	PPLL	IE
12132894	Ballinvoher	54.08332	-8.45932	P	PPLL	IE
12132895	Cletty	54.07414	-8.46741	P	PPLL	IE
12132896	Ardsallagh	54.07185	-8.48099	P	PPLL	IE
12132897	Woodfield	54.07585	-8.51943	P	PPLL	IE
12132898	Emlaghgissan	54.07155	-8.51151	P	PPLL	IE
12132899	Cloonagun	54.06653	-8.51529	P	PPLL	IE
12132900	Lissananny More	54.0633	-8.53024	P	PPLL	IE
12132901	Lissananny Beg	54.05636	-8.52509	P	PPLL	IE
12132902	Ballynakillew	54.04951	-8.5251	P	PPLL	IE
12132903	Knockahurka	54.04895	-8.53034	P	PPLL	IE
12132904	Carrickrathmullin	54.0497	-8.50486	P	PPLL	IE
12132905	Bearvaish	54.05177	-8.51261	P	PPLL	IE
12132906	Roosky	54.04216	-8.49332	P	PPLL	IE
12132907	Cloonbannan	54.0452	-8.49624	P	PPLL	IE
12132908	Cloonacaltry	54.04728	-8.4878	P	PPLL	IE
12132909	Sniggeen	54.05373	-8.49754	P	PPLL	IE
12132911	Ardee	54.06927	-8.5017	P	PPLL	IE
12132912	Mullagheor	54.07583	-8.49854	P	PPLL	IE
12132914	Tieveboy	54.07634	-8.50821	P	PPLL	IE
12132915	Corhober	54.08015	-8.50105	P	PPLL	IE
12132916	Keenaghan	54.08369	-8.51147	P	PPLL	IE
12132917	Maghera	54.08102	-8.52281	P	PPLL	IE
12132919	Glennagoolagh	54.21991	-8.48082	P	PPLL	IE
12132920	Drumaskibbole	54.22683	-8.48155	P	PPLL	IE
12132921	Carrowgobbadagh	54.23287	-8.48459	P	PPLL	IE
12132922	Punchbowl Lough	54.22962	-8.49997	H	LK	IE
12132923	Cloverhill Lough	54.24149	-8.50223	H	LK	IE
12132924	Beanfield	54.2254	-8.52719	P	PPLL	IE
12132925	Carrowkeel	54.23613	-8.51727	P	PPLL	IE
12132926	Cartronabree	54.23293	-8.55502	P	PPL	IE
12132927	Kellystown	54.23343	-8.56367	P	PPLL	IE
12132928	Carrowerin	54.23515	-8.56743	P	PPLL	IE
12132929	Lisheenacooravan	54.23794	-8.56617	P	PPLL	IE
12132930	Templbree	54.23794	-8.55388	P	PPLL	IE
12132931	Primrosegrange	54.24545	-8.55541	P	PPLL	IE
12132932	Seafield	54.24055	-8.55845	P	PPLL	IE
12132933	Luffertan	54.24392	-8.56845	P	PPLL	IE
12132934	Woodpark	54.24482	-8.57403	P	PPLL	IE
12132935	Grange West	54.24888	-8.5691	P	PPL	IE
12132936	Rathcarrick	54.26239	-8.56703	L	LCTY	IE
12132937	Tully	54.26936	-8.57301	P	PPLL	IE
12132938	Lecarrow	54.26728	-8.56319	P	PPLL	IE
12132939	Cartron	54.27358	-8.56058	P	PPLL	IE
12132940	Rinn	54.27652	-8.57512	P	PPLL	IE
12132942	Ballyweelin	54.30408	-8.53665	P	PPLL	IE
12132944	Rathquarter	54.2748	-8.46667	P	PPLL	IE
12132945	Shannon Eighter	54.29177	-8.47009	P	PPLL	IE
12132946	Lisnalurg	54.29479	-8.4673	P	PPLL	IE
12132947	Teesan	54.30093	-8.47028	P	PPLL	IE
12132948	Carncash	54.29699	-8.45354	P	PPLL	IE
12132949	Shannon Oughter	54.29274	-8.45459	P	PPLL	IE
12132950	Rathbraghan	54.28546	-8.4581	P	PPLL	IE
12132951	Bellanode	54.27393	-8.44836	P	PPLL	IE
12132952	Farranacardy	54.27982	-8.44898	P	PPLL	IE
12132953	Barroe	54.28568	-8.44104	P	PPLL	IE
12132954	Faughts	54.28571	-8.43466	P	PPLL	IE
12132955	Willowbrook	54.30081	-8.4244	P	PPLL	IE
12132956	Lisduff	54.29857	-8.41637	P	PPL	IE
12132957	Bellanurly	54.29519	-8.42071	P	PPLL	IE
12132958	Bellawillinbeg	54.29082	-8.41305	P	PPLL	IE
12132959	Calry	54.284	-8.39206	P	PPLL	IE
12132960	Carrowlustia	54.29848	-8.40731	P	PPLL	IE
12132961	Kittycahill	54.27098	-8.41299	P	PPLL	IE
12132963	Fairy Island	54.25601	-8.39851	T	ISL	IE
12132965	Cullbeg	54.24066	-8.4622	P	PPLL	IE
12132966	Tullynagracken	54.24448	-8.46051	P	PPLL	IE
12132967	Carns	54.24965	-8.45896	P	PPLL	IE
12132968	Carrowroe	54.24445	-8.47689	P	PPL	IE
12132969	Carrickhenry	54.24079	-8.4837	P	PPLL	IE
12132971	Tonaforte	54.24212	-8.48833	P	PPLL	IE
12132972	Knocknashammer	54.24212	-8.49729	P	PPLL	IE
12132973	Ballyfree	54.24835	-8.48864	P	PPLL	IE
12132974	Caltragh	54.25702	-8.47981	P	PPLL	IE
12132975	Finisklin	54.2772	-8.49865	P	PPLL	IE
12132976	Knappagh More	54.27422	-8.51049	P	PPLL	IE
12132977	Rathonoragh	54.26818	-8.53408	P	PPLL	IE
12132978	Barnasrahy	54.26533	-8.5285	P	PPLL	IE
12132979	Ballydoogan	54.26821	-8.51399	P	PPLL	IE
12132980	Tobernaveen	54.26269	-8.51753	P	PPLL	IE
12132982	Graigue	54.24235	-8.52516	P	PPLL	IE
12132983	Slieveroe	54.25406	-8.5279	P	PPLL	IE
12132985	Carrownamaddoo	54.22584	-8.45097	P	PPLL	IE
12132987	Castledargan	54.20631	-8.44142	P	PPLL	IE
12132988	Killeenduff	54.20129	-8.4448	P	PPLL	IE
12132989	Ballydawley	54.20101	-8.45558	P	PPLL	IE
12132990	Ballygrania	54.18548	-8.45571	P	PPLL	IE
12132992	Rinn	54.18769	-8.49114	P	PPLL	IE
12132994	Cooperhill	54.16401	-8.45907	L	LCTY	IE
12132996	Carrowmaclenany	54.06564	-8.48436	P	PPLL	IE
12132997	Kingsfort	54.05882	-8.48017	P	PPLL	IE
12132998	Bearlough	54.04905	-8.47781	L	LCTY	IE
12133000	Lurgan	54.05172	-8.46961	P	PPLL	IE
12133001	Feenaghmore	54.05054	-8.4574	P	PPLL	IE
12133002	Knocklough	54.06071	-8.46919	P	PPLL	IE
12133003	Feenaghroe	54.055	-8.46027	P	PPLL	IE
12133004	Knockoconor	54.0439	-8.43791	P	PPLL	IE
12133005	Fallougher	54.05371	-8.44323	L	LCTY	IE
12133006	Cloonagh	54.05613	-8.44701	P	PPLL	IE
12133007	Cross	54.06033	-8.45368	P	PPLL	IE
12133008	Knocknawishoge	54.06733	-8.47116	P	PPLL	IE
12133009	Drumnagranshy	54.06939	-8.45177	P	PPLL	IE
12133010	Tonaponra	54.06508	-8.44976	L	LCTY	IE
12133011	Murhy	54.05556	-8.43466	L	LCTY	IE
12133012	Carnaweeleen	54.07048	-8.43494	P	PPLL	IE
12133013	Treanmore	54.05858	-8.42536	L	LCTY	IE
12133014	Greenan	54.0436	-8.42074	P	PPLL	IE
12133015	Gowra Lough	54.04996	-8.41738	H	LK	IE
12133016	Tully	54.04483	-8.40839	P	PPLL	IE
12133017	Treanscrabbagh	54.05667	-8.40256	P	PPLL	IE
12133018	Treanmacmurtagh	54.06253	-8.4087	P	PPLL	IE
12133019	Bricklieve	54.07245	-8.40262	P	PPLL	IE
12133020	Lisdoogan	54.07366	-8.42655	P	PPLL	IE
12133021	Graniaroe	54.07648	-8.43424	P	PPLL	IE
12133022	Lugacaha	54.08709	-8.44283	P	PPLL	IE
12133023	Cappagh	54.09093	-8.4339	P	PPLL	IE
12133024	Tiraree	54.08386	-8.4251	P	PPLL	IE
12133025	Ardlee	54.08978	-8.41325	L	LCTY	IE
12133026	Coolboy	54.08454	-8.40845	P	PPLL	IE
12133027	Lecarrow	54.08386	-8.39633	P	PPLL	IE
12133029	Carricknasheeoge	54.18976	-8.57734	P	PPLL	IE
12133030	Kinnagrelly	54.18226	-8.56959	P	PPLL	IE
12133031	Moymlough	54.1741	-8.57489	P	PPLL	IE
12133032	Halfquarter	54.16269	-8.57495	P	PPLL	IE
12133033	Rathgran	54.14936	-8.60154	P	PPLL	IE
12133034	Carrownacleighs	54.1684	-8.61186	P	PPLL	IE
12133035	Shancough	54.16331	-8.62522	P	PPLL	IE
12133036	Carrownleam	54.15997	-8.62343	P	PPLL	IE
12133038	Carrowgavneen	54.1771	-8.64194	P	PPLL	IE
12133040	Rathmullen	54.06355	-8.50164	P	PPLL	IE
12133041	Leitrim North	54.10009	-8.7513	P	PPLL	IE
12133042	Leitrim South	54.05532	-8.68647	P	PPLL	IE
12133044	Mullanabreena	54.04453	-8.64814	P	PPLL	IE
12133045	Ballinvally	54.05284	-8.63989	P	PPLL	IE
12133046	Carrowculleen	54.20734	-8.73814	P	PPLL	IE
12133047	Sheeanmore	54.26189	-8.70377	P	PPLL	IE
12133048	Knockalough	54.07556	-8.58649	P	PPLL	IE
12133049	Knocknagroagh	54.1439	-8.46733	P	PPLL	IE
12133050	Doorly	54.15106	-8.47093	P	PPL	IE
12133051	Ardcurley	54.1585	-8.47059	P	PPLL	IE
12133052	Annagh Beg	54.17329	-8.53917	P	PPLL	IE
12133053	Rathedmond	54.27373	-8.49207	P	PPLL	IE
12133054	Scardan	54.27391	-8.53942	P	PPLL	IE
12133055	Cloondorragha	54.0658	-8.61341	P	PPLL	IE
12133206	Sooey	54.16542	-8.39116	P	PPLL	IE
12133207	Tullycoly	54.19166	-8.26646	P	PPLL	IE
12133208	Ballindoon	54.08699	-8.32807	P	PPLL	IE
12133209	Drummacool	54.13473	-8.31462	P	PPLL	IE
12133210	Coolskeagh	54.09267	-8.40349	P	PPLL	IE
12133211	Cams	54.09552	-8.4202	P	PPLL	IE
12133212	Aghalenane	54.09978	-8.41186	P	PPLL	IE
12133213	Whitehill	54.10693	-8.38938	P	PPLL	IE
12133214	Tawnagh	54.10879	-8.40619	P	PPLL	IE
12133215	Kingsbrook	54.10637	-8.42448	P	PPLL	IE
12133218	Carrownagark	54.11256	-8.42358	P	PPLL	IE
12133220	Knockadoo	54.11488	-8.40913	P	PPLL	IE
12133221	Knockmoynagh	54.10152	-8.44847	P	PPLL	IE
12133222	Turlaghyraun	54.10564	-8.44655	P	PPLL	IE
12133224	Cloonlurg	54.11331	-8.4463	P	PPLL	IE
12133226	Ogham	54.12049	-8.41158	P	PPLL	IE
12133227	Behy	54.12564	-8.42156	P	PPLL	IE
12133228	Murillyroe	54.13023	-8.43297	P	PPL	IE
12133230	Carrowkeel	54.11851	-8.41989	P	PPLL	IE
12133231	Coolbock	54.14319	-8.44206	P	PPLL	IE
12133232	Lackagh	54.14226	-8.45055	P	PPLL	IE
12133233	Turnalaydan	54.15028	-8.44361	P	PPL	IE
12133234	Knockroe	54.15661	-8.44187	P	PPLL	IE
12133235	Knockanarrow	54.15897	-8.433	P	PPLL	IE
12133236	Clogfin	54.16662	-8.43604	P	PPLL	IE
12133237	Knockrawer	54.16892	-8.44857	P	PPLL	IE
12133238	Tully More	54.18045	-8.44711	P	PPLL	IE
12133239	Clooneenmore	54.17713	-8.45787	P	PPLL	IE
12133240	Cartronduffy	54.17571	-8.43671	P	PPLL	IE
12133241	Tully Beg	54.18451	-8.44139	P	PPLL	IE
12133242	Doonamurray	54.19022	-8.4342	P	PPLR	IE
12133243	Arnasbrack	54.20628	-8.42818	P	PPLL	IE
12133244	Carrownagh	54.21713	-8.41507	L	LCTY	IE
12133246	Slishwood Island East	54.24013	-8.39465	T	ISL	IE
12133247	Slishwood Island West	54.23748	-8.39761	T	ISL	IE
12133248	Goats Island	54.24247	-8.41287	P	PPLL	IE
12133250	Green Island	54.24106	-8.43948	T	ISL	IE
12133251	Hawk Island	54.24224	-8.43579	T	ISL	IE
12133255	Wolf Island	54.24742	-8.43196	T	ISL	IE
12133256	Bernard’s Island	54.24807	-8.43613	P	PPL	IE
12133259	Annagh Island	54.25914	-8.42099	T	ISL	IE
12133260	Magheraghanrush	54.27968	-8.38478	P	PPLL	IE
12133261	Clogher More	54.2736	-8.3871	P	PPLL	IE
12133262	Mullaghgar	54.26529	-8.38704	P	PPLL	IE
12133263	Tully	54.26848	-8.37486	P	PPLL	IE
12133264	Corwillick	54.2629	-8.36304	P	PPLL	IE
12133265	Clogher Beg	54.26483	-8.37495	P	PPLL	IE
12133266	Anelteen Lough	54.27467	-8.3615	H	LK	IE
12133267	Loughanelteen	54.27898	-8.36806	P	PPLL	IE
12133268	Black Lough	54.28766	-8.35769	H	LK	IE
12133269	Keelogyboy Lough	54.28851	-8.35481	H	LK	IE
12133270	Carrickoneilleen	54.28236	-8.35179	P	PPLL	IE
12133271	Traware Bay	54.24872	-8.35489	P	PPLL	IE
12133272	Cullentra	54.24354	-8.34209	V	FRST	IE
12133273	Middle Lough	54.23579	-8.35886	H	LK	IE
12133274	Crossboy	54.22583	-8.37407	L	LCTY	IE
12133275	Dromore	54.22086	-8.37453	L	LCTY	IE
12133276	Mullaghfin	54.21051	-8.36015	P	PPLL	IE
12133277	Gortlownan	54.216	-8.34275	P	PPLL	IE
12133278	Toberanania	54.20561	-8.34582	P	PPLL	IE
12133279	Rathgeean	54.19374	-8.34619	L	LCTY	IE
12133280	Barroe	54.18825	-8.33946	P	PPLL	IE
12133281	Lavally	54.18106	-8.33639	P	PPLL	IE
12133282	Rathrower	54.17715	-8.33727	P	PPLL	IE
12133283	Drumee	54.17773	-8.36629	L	LCTY	IE
12133284	Kittycloghan	54.18462	-8.36381	P	PPLL	IE
12133285	Clooneally	54.18818	-8.36766	P	PPLL	IE
12133286	Woodfield	54.19397	-8.36887	V	FRST	IE
12133287	Drumeondra	54.20073	-8.381	L	LCTY	IE
12133288	Killerry Mountain	54.23386	-8.38249	T	MT	IE
12133289	Correagh	54.2218	-8.4032	P	PPLL	IE
12133290	Cartronhugh	54.20447	-8.39263	P	PPLL	IE
12133291	Cartrontaylor	54.19464	-8.39607	P	PPLL	IE
12133293	Kilross	54.19467	-8.40713	P	PPLL	IE
12133294	Knockatober	54.19094	-8.4155	P	PPLL	IE
12133295	Carrowerin	54.18648	-8.42291	P	PPLL	IE
12133296	Rathmoney	54.19147	-8.38391	P	PPLL	IE
12133297	Knocknageeha	54.18617	-8.38344	P	PPLL	IE
12133298	Lissergloon	54.18217	-8.39122	P	PPLL	IE
12133299	Lurgan	54.18159	-8.40755	P	PPLL	IE
12133302	Gaddan	54.17562	-8.42503	P	PPLL	IE
12133303	Dowrea	54.17122	-8.42938	P	PPLL	IE
12133304	Drumederalena	54.16203	-8.42211	P	PPLL	IE
12133305	Sooey	54.16774	-8.41108	P	PPLL	IE
12133306	Killala	54.17555	-8.41197	P	PPLL	IE
12133307	Ardleebeg	54.1757	-8.4015	P	PPLL	IE
12133309	Kinkillew	54.15668	-8.39545	P	PPLL	IE
12133310	Carrownspurraun	54.15383	-8.41603	P	PPLL	IE
12133311	Lisbanagher	54.14359	-8.42567	P	PPLL	IE
12133313	Ardneeskan	54.13989	-8.42302	P	PPLL	IE
12133314	Cooperhill	54.13378	-8.4206	P	PPLL	IE
12133315	Ardkeeran	54.12253	-8.39316	P	PPLL	IE
12133316	Bellahascarva	54.11696	-8.38879	P	PPLL	IE
12133317	Tobernaglashy	54.11419	-8.39203	P	PPLL	IE
12133318	Fidwog	54.11682	-8.37864	L	LCTY	IE
12133319	Drumraine	54.10743	-8.37597	P	PPLL	IE
12133320	Cloonymeenaghan	54.09479	-8.38742	P	PPLL	IE
12133321	Cloongad	54.08924	-8.39164	P	PPLL	IE
12133322	Cleavry	54.08008	-8.38974	P	PPLL	IE
12133323	Cleavry Lough	54.07944	-8.38616	H	LK	IE
12133324	Drumderry	54.08316	-8.38018	P	PPLL	IE
12133325	Cloghoge	54.06591	-8.37847	L	LCTY	IE
12133326	Carrowkeel	54.05819	-8.37519	L	LCTY	IE
12133327	Doonaveeragh	54.052	-8.36138	L	LCTY	IE
12133328	Cuilsheeghary	54.04222	-8.34382	L	LCTY	IE
12133329	Knockroe	54.04692	-8.35103	P	PPLL	IE
12133330	Whitehill	54.05648	-8.35202	P	PPLL	IE
12133331	Lough Annaminvrack	54.06427	-8.34701	H	LK	IE
12133332	Lillybrook	54.06608	-8.35237	P	PPLL	IE
12133333	Brickeen	54.07163	-8.35032	P	PPLL	IE
12133334	Annaghcor	54.0842	-8.36418	P	PPLL	IE
12133335	Sheerevagh	54.09154	-8.37397	P	PPLL	IE
12133336	Lissycoyne	54.09664	-8.37438	P	PPLL	IE
12133337	Annagh	54.0961	-8.35994	P	PPLL	IE
12133338	Doonsheheen	54.10249	-8.36056	P	PPLL	IE
12133339	Ardagh	54.11943	-8.36398	P	PPLL	IE
12133340	Ardvarney	54.12148	-8.37155	P	PPLL	IE
12133341	Ardcumber	54.13822	-8.4055	P	PPLL	IE
12133342	Rusheen	54.14969	-8.39308	P	PPLL	IE
12133343	Carrowcashel	54.13686	-8.38626	P	PPLL	IE
12133344	Ross	54.13273	-8.37262	P	PPLL	IE
12133345	Emlagh	54.13063	-8.36446	P	PPLL	IE
12133346	Rosmore	54.13831	-8.36731	P	PPLL	IE
12133347	Carrickcoola	54.15236	-8.36722	P	PPLL	IE
12133348	Clooskirt	54.15695	-8.37696	P	PPLL	IE
12133349	Cloonagh	54.16374	-8.37122	P	PPLL	IE
12133350	Sramore	54.29557	-8.33538	P	PPLL	IE
12133352	Fawnlion	54.29494	-8.31543	L	LCTY	IE
12133353	Kilmore	54.2632	-8.32504	P	PPLL	IE
12133354	Moneyduff	54.25809	-8.30353	P	PPLL	IE
12133355	Rubbal	54.25684	-8.2881	P	PPLL	IE
12133356	Doonmorgan	54.26727	-8.29364	P	PPLL	IE
12133357	Magurk	54.27023	-8.2986	P	PPLL	IE
12133358	Curraghan	54.28491	-8.28711	P	PPLL	IE
12133359	Fawnarry	54.29132	-8.28255	L	LCTY	IE
12133360	Conray	54.30245	-8.28261	L	LCTY	IE
12133361	Ballynaboll	54.29985	-8.27065	L	LCTY	IE
12133362	Tawnymoyle	54.30568	-8.25183	P	PPLL	IE
12133363	Kinnara Glebe	54.30199	-8.25254	P	PPLL	IE
12133364	Killenna Glebe	54.29049	-8.2491	L	LCTY	IE
12133365	Aghameelta Barr	54.2757	-8.2597	L	LCTY	IE
12133366	Carrigeencor	54.25958	-8.25797	P	PPLL	IE
12133367	Cornalaghta	54.26869	-8.27158	P	PPLL	IE
12133368	Corrycullen	54.26103	-8.28184	P	PPLL	IE
12133369	Corrudda	54.25086	-8.27576	P	PPLL	IE
12133370	Mullagh	54.24218	-8.29592	P	PPLL	IE
12133371	Kilcoosy	54.24614	-8.26934	P	PPLL	IE
12133372	Gortnaskeagh	54.29559	-8.23921	P	PPLL	IE
12133373	Pollboy	54.30214	-8.21751	P	PPLL	IE
12133376	Clooneen	54.30425	-8.18971	P	PPLL	IE
12133377	Cornstauk	54.29727	-8.20487	P	PPLL	IE
12133378	Carrickleitrim	54.29271	-8.19247	P	PPLL	IE
12133379	Cloonlogher Lough	54.28225	-8.19862	H	LK	IE
12133380	Cloonlogher	54.2793	-8.1958	P	PPLL	IE
12133382	Cloonaquin Lough	54.27301	-8.21722	H	LK	IE
12133384	Aghameelta	54.24687	-8.249	P	PPLL	IE
12133385	Conaghil	54.23363	-8.26528	P	PPLL	IE
12133386	Sradoon	54.22802	-8.33321	P	PPLL	IE
12133387	Sliaganagh	54.22198	-8.3284	P	PPLL	IE
12133388	Mullanaskeagh	54.22247	-8.3192	P	PPLL	IE
12133389	Ardakip Beg	54.22254	-8.30487	P	PPLL	IE
12133390	Ardakip More	54.21699	-8.3041	P	PPLL	IE
12133391	Bawn	54.21581	-8.31935	P	PPLL	IE
12133392	Derrybrisk	54.21339	-8.32846	L	LCTY	IE
12133393	Mullaghdoo	54.20871	-8.31395	P	PPLL	IE
12133394	Edergole	54.21296	-8.30704	P	PPLL	IE
12133395	Drumrane	54.20471	-8.32473	P	PPLL	IE
12133396	Cleighran	54.19597	-8.33229	P	PPLL	IE
12133397	Carrowcrin	54.19465	-8.31372	P	PPLL	IE
12133398	Carrigeen	54.19519	-8.30462	P	PPLL	IE
12133399	Rathbaun	54.18717	-8.3125	P	PPLL	IE
12133400	Greaghnafarna	54.1681	-8.30627	P	PPLL	IE
12133401	Sracummer	54.17914	-8.30227	P	PPLL	IE
12133402	Corglancey	54.18704	-8.27954	P	PPLL	IE
12133403	Culnascagh	54.16959	-8.35691	P	PPLL	IE
12133404	Ballysumaghan	54.17538	-8.38419	P	PPLL	IE
12133405	Ardaboy Lough	54.14881	-8.37526	H	LK	IE
12133406	Rockbrook	54.14157	-8.35437	L	LCTY	IE
12133407	Mullaghmore	54.14755	-8.35198	P	PPLL	IE
12133409	Cartonroe	54.08985	-8.35047	P	PPLL	IE
12133412	Killadoon Cross Roads	54.0955	-8.33324	P	PPLL	IE
12133413	Killadoon	54.09983	-8.32933	P	PPLL	IE
12133414	Corlisheen	54.10319	-8.33936	P	PPLL	IE
12133415	Drumshinnagh	54.10986	-8.34438	P	PPLL	IE
12133416	Carrowreagh	54.10818	-8.35055	P	PPLL	IE
12133417	Knockaun	54.12151	-8.35315	P	PPLL	IE
12133418	Drumcolum	54.12903	-8.35078	P	PPLL	IE
12133419	Cuiltydangan	54.13539	-8.34576	L	LCTY	IE
12133420	Cornamucklagh	54.09908	-8.31804	P	PPLL	IE
12133422	Doongelagh	54.11106	-8.33109	P	PPLL	IE
12133424	Kiltylough	54.11544	-8.32228	P	PPLL	IE
12133425	Coollemoneen	54.11695	-8.3132	P	PPLL	IE
12133426	Annacarthy	54.12284	-8.32107	P	PPLL	IE
12133427	Knockbreenagher	54.13168	-8.34271	P	PPLL	IE
12133428	Glen	54.14591	-8.32914	P	PPLL	IE
12133429	Rooghan	54.15528	-8.33329	P	PPLL	IE
12133430	Ballynakill	54.15614	-8.35288	P	PPLL	IE
12133431	Tunnagh	54.16562	-8.3504	P	PPLL	IE
12133435	Trimilawn	54.1658	-8.32377	P	PPLL	IE
12133437	Drumnasoohy	54.14441	-8.30631	P	PPLL	IE
12133438	Cartrontonlena	54.14379	-8.30077	P	PPLL	IE
12133440	Rathmulpatrick	54.12856	-8.31744	P	PPLL	IE
12133442	Mount Town	54.11734	-8.29472	P	PPLL	IE
12133443	Carrickglass	54.09201	-8.31106	P	PPLL	IE
12133444	Bullaun	54.09362	-8.29943	P	PPLL	IE
12133445	Tully	54.09957	-8.30484	P	PPLL	IE
12133446	Carrigeenblike	54.07018	-8.29864	P	PPLL	IE
12133447	Ballynary	54.06596	-8.3125	P	PPLL	IE
12133449	Annaghgowan	54.05524	-8.29627	P	PPLL	IE
12133450	Andresna	54.04569	-8.28433	P	PPLL	IE
12133451	Drumsoghia	54.05171	-8.27695	P	PPLL	IE
12133452	Cuilnaglerag	54.05524	-8.27471	P	PPLL	IE
12133453	Cloysuckera	54.05745	-8.25524	P	PPLL	IE
12133454	Knockmore	54.0519	-8.25118	P	PPLL	IE
12133455	Derrynaslieve	54.04682	-8.24445	P	PPLL	IE
12133456	Clooneenhugh	54.05841	-8.24591	P	PPLL	IE
12133457	Cloghmine	54.05965	-8.26135	P	PPLL	IE
12133458	White Lough	54.06235	-8.26782	H	LK	IE
12133459	Black Lough	54.06612	-8.27261	H	LK	IE
12133460	Derrylea	54.06177	-8.28582	P	PPLL	IE
12133461	Agh Lough	54.06509	-8.29252	H	LK	IE
12133462	Ballinlig	54.06745	-8.28691	P	PPLL	IE
12133463	Dromore	54.07814	-8.26654	P	PPLL	IE
12133464	Drumbeg South	54.07963	-8.25693	P	PPLL	IE
12133465	Magheralackagh	54.08636	-8.26446	P	PPLL	IE
12133466	Drumbeg North	54.09101	-8.27283	P	PPLL	IE
12133467	Garoke	54.09253	-8.28458	P	PPLL	IE
12133468	Knockacappul	54.09758	-8.29187	L	LCTY	IE
12133469	Rannatruffaun	54.10349	-8.2848	P	PPLL	IE
12133470	Buggagh Bog	54.10802	-8.28012	P	PPLL	IE
12133471	Shancough	54.09791	-8.25758	P	PPLL	IE
12133472	Ballyculleen	54.09521	-8.25665	P	PPLL	IE
12133473	Carrownagilty	54.1435	-8.27948	L	LCTY	IE
12133474	Carrownyclowan	54.14263	-8.26423	P	PPLL	IE
12133475	Carrowmore	54.14164	-8.25059	P	PPLL	IE
12133476	Boleyhownagh	54.13699	-8.25583	P	PPLL	IE
12133478	Carrownadargny	54.12667	-8.24082	P	PPLL	IE
12133479	Carrowoashel	54.11712	-8.23673	P	PPLL	IE
12133480	Croagh	54.16112	-8.24426	V	FRST	IE
12133481	Knockroe	54.0994	-8.21444	L	LCTY	IE
12133482	Derrysallagh	54.09407	-8.20561	L	LCTY	IE
12133483	Tawnyhoosy	54.24525	-8.21296	P	PPLL	IE
12133485	Shancarrick	54.23965	-8.19297	P	PPLL	IE
12133486	Cunnion	54.23465	-8.1899	P	PPLL	IE
12133487	Gortnacorkoge	54.23706	-8.20541	P	PPLL	IE
12133488	Steveen	54.23969	-8.20398	P	PPLL	IE
12133489	Annaghboy	54.24773	-8.19148	P	PPLL	IE
12133490	Tullycreevy	54.24877	-8.20106	P	PPLL	IE
12133491	Blackgarden	54.23015	-8.19841	P	PPLL	IE
12133492	Curry	54.23074	-8.21442	P	PPLL	IE
12133493	Corratawy	54.23344	-8.21949	P	PPLL	IE
12133494	Sheskin	54.23904	-8.2267	P	PPLL	IE
12133495	Dark Valley	54.24048	-8.23814	P	PPLL	IE
12133496	Socks	54.2391	-8.24457	P	PPLL	IE
12133497	Socknalougher	54.23587	-8.23882	V	FRST	IE
12133498	Sranacrannaghy	54.23268	-8.24497	V	FRST	IE
12133499	Orcusconny	54.22487	-8.25597	P	PPLL	IE
12133500	Killaleen	54.22781	-8.27654	P	PPLL	IE
12133501	Killananima	54.22033	-8.29254	P	PPLL	IE
12133503	Tully	54.21423	-8.28749	P	PPLL	IE
12133505	Killeen	54.20676	-8.2773	P	PPLL	IE
12133506	Caddagh Glebe	54.20026	-8.27397	P	PPLL	IE
12133508	Garvagh Glebe	54.16937	-8.24878	P	PPLL	IE
12133510	Cloonbannive	54.19415	-8.24052	P	PPLL	IE
12133511	Derrinaher	54.20122	-8.24652	P	PPLL	IE
12133512	Drumany	54.20106	-8.25838	P	PPLL	IE
12133514	Kilcoon	54.21491	-8.25968	P	PPLL	IE
12133515	Ardvarney	54.21633	-8.25202	P	PPLL	IE
12133516	Drumconor	54.21023	-8.23247	P	PPLL	IE
12133518	Gortatresk	54.22457	-8.22511	P	PPLL	IE
12133519	Carrickoghil	54.22597	-8.21138	P	PPLL	IE
12133520	Carrickmurray	54.22002	-8.22122	P	PPLL	IE
12133521	Geskanagh Glebe	54.21569	-8.22208	P	PPLL	IE
12133522	Corderry	54.20219	-8.20247	P	PPLL	IE
12133523	Drumduffy	54.20115	-8.18704	P	PPLL	IE
12133524	Corrasra	54.20733	-8.19352	P	PPLL	IE
12133525	Annagh	54.21435	-8.19023	P	PPLL	IE
12133526	Leamaskally	54.21969	-8.18982	P	PPLL	IE
12133527	Drumillion	54.21749	-8.20879	P	PPLL	IE
12133528	Treannadullagh	54.19089	-8.20607	P	PPLL	IE
12133529	Corratimore Glebe	54.17906	-8.2079	P	PPLL	IE
12133530	Leckaun	54.17386	-8.19802	P	PPLL	IE
12133531	Knocknacoska	54.1638	-8.19548	P	PPLL	IE
12133532	Tullynamuckduff	54.15945	-8.20404	L	LCTY	IE
12133533	Bargowla	54.15751	-8.19281	P	PPLL	IE
12133534	Braudphark	54.15044	-8.21409	P	PPLL	IE
12133535	Carrowbaun	54.08413	-8.19835	P	PPLL	IE
12133536	Lisseevin	54.08155	-8.21187	P	PPLL	IE
12133537	Lurraga	54.07805	-8.1978	P	PPLL	IE
12133538	Kilmacroy	54.07028	-8.21126	P	PPLL	IE
12133539	Alderford	54.07108	-8.19942	P	PPLL	IE
12133542	Clooncruffer	54.05686	-8.201	P	PPLL	IE
12133543	Derreenahinch	54.05586	-8.2097	P	PPLL	IE
12133544	Cuiltaboolia	54.04831	-8.23326	P	PPLL	IE
12133545	Dorreenanarry	54.04635	-8.22673	P	PPLL	IE
12133546	Cornagrea	54.04075	-8.22674	P	PPLL	IE
12133547	Derreenatawy	54.04523	-8.20818	P	PPLL	IE
12133548	Lyonstown	54.04882	-8.20354	P	PPLL	IE
12133549	Cornamucklagh	54.05028	-8.19044	P	PPLL	IE
12133550	Carrigeenboy	54.06675	-8.24303	P	PPLL	IE
12133551	Creevagh	54.06996	-8.23054	P	PPLL	IE
12133552	Carricknagrip	54.0753	-8.23425	P	PPLL	IE
12133553	Ardline	54.07734	-8.22368	P	PPLL	IE
12133554	Foyoges	54.08358	-8.23354	P	PPLL	IE
12133555	Coolmurly	54.08334	-8.2447	P	PPLL	IE
12133556	Greenaun	54.24869	-8.31881	P	PPLL	IE
12133557	Lough Nahoo	54.23607	-8.28807	H	LK	IE
12133558	Garvagh	54.16748	-8.26789	P	PPLL	IE
12133560	Falnashammer	54.18468	-8.41144	P	PPLL	IE
12133561	Carricknagat	54.1867	-8.4013	P	PPLL	IE
12133562	Treanmore	54.07507	-8.26009	P	PPLL	IE
12133563	Crockalaghta	54.19277	-8.64766	P	PPLL	IE
12133564	Lugalustran	54.26944	-8.28872	P	PPLL	IE
12133565	Newtownmanor	54.2726	-8.28478	P	PPL	IE
12133568	Killaleen Lough	54.2274	-8.28375	H	LK	IE
12133570	Drumany Glebe	54.21229	-8.21903	P	PPLL	IE
12133571	Sweetwood	54.20142	-8.21333	P	PPLL	IE
12133572	Greagh	54.19278	-8.18839	P	PPLL	IE
12133573	Lisgavneen	54.1791	-8.20299	P	PPLL	IE
12133574	Derreendooey	54.04103	-8.19375	P	PPLL	IE
12133575	Derreenasalt	54.05059	-8.21053	P	PPLL	IE
12133576	Derrydarragh	54.25937	-8.50479	P	PPLL	IE
12133577	Dromore	54.19988	-8.29235	P	PPLL	IE
12133578	Flughanagh	54.20888	-8.25555	P	PPLL	IE
12133579	Knockadrehid	54.05476	-8.23469	P	PPLL	IE
12150207	Carrownedan	54.14796	-8.71314	P	PPLL	IE
12172570	Iaráirne	53.09896	-9.65162	P	PPL	IE
12172572	Baile an Dúna	53.08422	-9.59416	P	PPL	IE
12172573	Baile an Fhormna	53.06119	-9.5102	P	PPL	IE
12172574	Baile an Chaisleáin	53.06314	-9.51759	P	PPL	IE
12172575	Baile an tSéipéil	53.06326	-9.52638	P	PPL	IE
12172576	Baile an Lurgain	53.06608	-9.525	P	PPL	IE
12172577	An Baile Thiar	53.06761	-9.52849	P	PPL	IE
12172578	Baile an Mhothair	53.08471	-9.58098	P	PPL	IE
12172579	Móinín na Ruaige	53.08446	-9.58452	P	PPL	IE
12172580	Cinn an Bhaile	53.08541	-9.60123	P	PPL	IE
12172581	Baile na Seoigheach	53.08378	-9.59816	P	PPL	IE
12172582	Baile an Lisín	53.08411	-9.58759	P	PPL	IE
12172620	An tOileán Iarthach	53.14832	-9.85688	T	ISL	IE
12172621	Oileán Dá Bhranóg	53.14529	-9.84039	T	ISL	IE
12172622	Oileán na Tuí	53.11644	-9.62989	T	ISL	IE
12172804	Baile an Teampaill	53.08372	-9.59164	P	PPL	IE
12172807	Ceantar na nOileán	53.27856	-9.68891	P	PPL	IE
12175966	Baile na Craige	53.08578	-9.59383	P	PPL	IE
12191746	Broadleas Commons	53.11754	-6.61111	P	PPLL	IE
12191747	Longstone	53.1214	-6.62543	P	PPLL	IE
12191748	Silverhill	53.11251	-6.60194	P	PPLL	IE
12191751	Bishopslane	53.13064	-6.58224	P	PPLL	IE
12191752	Bishopsland	53.1247	-6.59891	P	PPLL	IE
12191756	Carrigeen	53.14765	-6.58745	L	LCTY	IE
12191757	Brumlin	53.14778	-6.60779	P	PPL	IE
12191763	Dowdenstown Cross Roads	53.16911	-6.61686	P	PPL	IE
12191765	Glebe West	53.16548	-6.60025	P	PPLL	IE
12191766	Glebe	53.15943	-6.56207	P	PPLL	IE
12191767	Slieveroe	53.17097	-6.58298	P	PPLL	IE
12191769	Killmallum	53.1658	-6.55888	P	PPLL	IE
12191771	Tipper	53.20927	-6.61872	P	PPL	IE
12191772	Newtown Great	53.18028	-6.58211	P	PPLL	IE
12191774	Black Hill	53.17932	-6.61393	L	LCTY	IE
12191775	Punchestown	53.18737	-6.61769	L	LCTY	IE
12191776	Nunsland	53.19255	-6.5961	P	PPLL	IE
12191777	Blackhall	53.18939	-6.60285	L	LCTY	IE
12191778	Athgarrett Cross Roads	53.19443	-6.58881	P	PPL	IE
12191780	Wolfstown	53.19879	-6.55799	P	PPLL	IE
12191781	Pipershall	53.19696	-6.51327	P	PPLL	IE
12191782	Redbog	53.19725	-6.53224	P	PPLL	IE
12191785	Greenmount	53.20582	-6.5384	P	PPLL	IE
12191786	Haynestown	53.22053	-6.58938	P	PPLL	IE
12191787	Newtown	53.20819	-6.59451	P	PPLL	IE
12191788	Baysland	53.21578	-6.59808	P	PPLL	IE
12191789	Conroy’s Cross Roads	53.11314	-6.59485	P	PPL	IE
12191790	Perrystreet Cross Roads	53.1151	-6.61268	P	PPL	IE
12358913	Cremartin	54.15914	-6.81737	P	PPLL	IE
12534301	Ongar	53.39588	-6.44056	P	PPL	IE
12534312	Graiguecullen	52.83801	-6.943	P	PPL	IE
12541191	Barrclashcame	53.66288	-9.74082	T	MT	IE
12541291	Corrshliabh	54.06824	-9.65819	T	MT	IE
12541292	Coire na Binne	53.9662	-9.67217	T	MT	IE
12541293	Barrslievenaroy	53.51384	-9.67676	T	MT	IE
12541294	Corraun Hill East Top	53.90005	-9.86086	T	MT	IE
12541352	Stumpa Duloigh	51.95373	-9.76535	T	MT	IE
12541356	Binn Mhor	53.48327	-9.63002	T	MT	IE
12541357	Binn Ui Chuinneain	53.55898	-9.60193	T	MT	IE
12541358	Arroo Mountain	54.41679	-8.25824	T	MT	IE
12541359	An Mionnan	53.94968	-10.03969	T	MT	IE
12541360	An Cnoc Mor	53.80823	-10.0208	T	MT	IE
12607410	Cnoc na gCapall	51.93097	-9.69582	T	MT	IE
12607412	An Meall Dubh	53.57169	-9.70045	T	MT	IE
12607413	Common Mountain	54.72064	-8.45208	T	MT	IE
12607414	Cnoc Cumhura	51.6525	-9.99293	T	MT	IE
12607415	An Sliabh Riabhach	52.37835	-8.40419	T	MT	IE
12607416	Cnoc Leitreach	53.93919	-9.85516	T	MT	IE
12607417	Binn Scardain	54.23842	-8.1048	T	MT	IE
12607418	Benlevy	53.5357	-9.43328	T	MT	IE
12607420	Castlequin	51.97016	-10.22683	T	MT	IE
12607421	Seanadh Bheara	53.4336	-9.60589	T	MT	IE
13118114	O'Callaghan's Mills	52.842	-8.6855	P	PPL	IE
13236411	Garrahill	53.87928	-9.08255	P	PPL	IE
13424007	Dooagh	54.01112	-10.0191	P	PPL	IE
13424023	An Chorrchloch	54.20795	-9.96364	P	PPL	IE
13424065	Lough Gall	54.01438	-9.58497	H	LK	IE
13424080	Carrowbeg Lough	53.84229	-9.56354	H	LK	IE
13424081	Lough Fadda	53.9058	-9.48657	H	LK	IE
13424694	Newtown	53.60092	-6.90036	P	PPL	IE
13445254	Labbadiha	52.79822	-8.39467	P	PPL	IE
13445256	Rossaguile	52.74308	-8.34437	P	PPL	IE
13445257	Killeen	52.77231	-8.31783	L	LCTY	IE
13445768	Kinaff	53.89917	-8.97623	P	PPL	IE
13445769	Ballymiles	53.90716	-9.01691	P	PPLL	IE
13445789	Brackloonagh	54.02457	-8.65678	P	PPLL	IE
13446125	Magheraboy	53.90771	-8.55853	P	PPLL	IE
13446126	Derrylahan	53.80905	-8.65157	P	PPLL	IE
13446127	Cloonmeen	53.93671	-8.56179	P	PPLL	IE
13446269	Mountrivers	52.72962	-9.49453	P	PPL	IE
13446709	Ford	52.83201	-6.5042	P	PPL	IE
13446722	Ballinacor	52.83473	-6.18547	P	PPLL	IE
13446723	Wicklow Bridge	52.71512	-6.61975	P	PPL	IE
13447084	Emlagh	54.02672	-8.52505	P	PPLL	IE
13447099	Carrowreagh	54.00464	-8.80207	P	PPLL	IE
13447100	Cully	53.97857	-8.84691	P	PPLL	IE
13447408	Rathbaun	54.11582	-8.56264	P	PPLL	IE
13447409	Knockrawer	54.04841	-8.54158	P	PPLL	IE
13447410	Clooneen	54.11261	-8.54258	P	PPLL	IE
13447411	Knockgrania	54.06089	-8.49962	P	PPLL	IE
13447412	Ballybeg	54.2478	-8.54142	P	PPLL	IE
13447413	Greyfield	54.06088	-8.46301	P	PPLL	IE
13447432	Drumdoney	54.07008	-8.35823	P	PPLL	IE
13447433	Bellarush	54.08829	-8.36282	P	PPLL	IE
13512976	Dooradoyle	52.6373	-8.64113	P	PPL	IE
